AssetID,Brand,ModelNumber,SerialNumber,Description,DateOfPurchase,DateAdded,DateModified,ChangeHistory,IsMissing,IsOOC,IsDegraded,IsDisposed,IsBulk,Quantity,MaintenanceLogs,DepartmentCode,DefaultLocation,CurrentLocation
BULK-0001,OEM,18650,,18650 Battery,,2026-06-25T00:00:00,,,False,False,False,False,True,8,,AX,Store,
BULK-0002,OEM,Ethercon Bong,,Ethercon Bong,,2026-06-25T00:00:00,,,False,False,False,False,True,20,,AX,Store,
C1000#01,APC,Smart UPS C1000,AS1605142056,1000VA Sinewave UPS Battery Backup,,2026-06-25T00:00:00,,,False,False,False,False,False,1,"[{""id"":""4a8a15da10140d1cabe75853"",""date"":""2026/06/02"",""user"":""emily"",""description"":""Passed to Zubai"",""type"":""Fault"",""cost"":"""",""changes"":[],""source"":{}}]",AX,Store,
C1000#02,APC,Smart UPS C1000,AS1434123789,1000VA Sinewave UPS Battery Backup,,2026-06-25T00:00:00,,,False,False,False,False,False,1,"[{""id"":""f697f9eb395809770692475b"",""date"":""2025/04/01"",""user"":""emily"",""description"":""batt checked OK"",""type"":""General"",""cost"":"""",""changes"":[],""source"":{}}]",AX,E6L #01,
C1000#03,APC,Smart UPS C1000,AS1609240291,1000VA Sinewave UPS Battery Backup,,2026-06-25T00:00:00,,,False,False,False,False,False,1,"[{""id"":""a8dfeff12a5db2054f14e086"",""date"":""2025/04/01"",""user"":""emily"",""description"":""batt checked OK"",""type"":""General"",""cost"":"""",""changes"":[],""source"":{}}]",AX,E6L #01,
C1000#04,APC,Smart UPS C1000,AS1605142046,1000VA Sinewave UPS Battery Backup,,2026-06-25T00:00:00,,,False,False,False,False,False,1,"[{""id"":""b705fcc60737115de40563ed"",""date"":""2025/04/01"",""user"":""emily"",""description"":""batt checked OK"",""type"":""General"",""cost"":"""",""changes"":[],""source"":{}}]",AX,E6L #02,
C1000#05,APC,Smart UPS C1000,AS1434123776,1000VA Sinewave UPS Battery Backup,,2026-06-25T00:00:00,,,False,False,False,False,False,1,"[{""id"":""7dc68342905f4682e01b5836"",""date"":""2025/04/01"",""user"":""emily"",""description"":""batt checked OK"",""type"":""General"",""cost"":"""",""changes"":[],""source"":{}}]",AX,E6L #02,
C1000#06,APC,Smart UPS C1000,AS1434113779,1000VA Sinewave UPS Battery Backup,,2026-06-25T00:00:00,,,False,False,False,False,False,1,"[{""id"":""d6913d1ed268a69b1c6630f5"",""date"":""2025/04/01"",""user"":""emily"",""description"":""Battery changed"",""type"":""Preventative maintenance"",""cost"":"""",""changes"":[],""source"":{}}]",AX,Store,
C1000#07,APC,Smart UPS C1000,AS1434113782,1000VA Sinewave UPS Battery Backup,,2026-06-25T00:00:00,,,False,False,False,False,False,1,"[{""id"":""b4796dc44d00064dbd743b4f"",""date"":""2026/06/02"",""user"":""emily"",""description"":""Passed to Zubai"",""type"":""Fault"",""cost"":"""",""changes"":[],""source"":{}}]",AX,Store,
C1000#08,APC,Smart UPS C1000,AS1434113776,1000VA Sinewave UPS Battery Backup,,2026-06-25T00:00:00,,,False,False,False,False,False,1,"[{""id"":""d77f24f97c0f2d57be82e585"",""date"":""2025/04/01"",""user"":""emily"",""description"":""Battery changed"",""type"":""Preventative maintenance"",""cost"":"""",""changes"":[],""source"":{}}]",AX,Store,
C1000#09,APC,Smart UPS C1000,AS1605142087,1000VA Sinewave UPS Battery Backup,,2026-06-25T00:00:00,,,False,False,False,False,False,1,"[{""id"":""1c3351d482399fe5cc1dc080"",""date"":""2026/06/02"",""user"":""emily"",""description"":""Passed to Zubai"",""type"":""Fault"",""cost"":"""",""changes"":[],""source"":{}}]",AX,Store,
C1000#10,APC,Smart UPS C1000,AS1605142096,1000VA Sinewave UPS Battery Backup,,2026-06-25T00:00:00,,,False,False,False,False,False,1,"[{""id"":""497e308a2a503582f5df8180"",""date"":""2026/06/02"",""user"":""emily"",""description"":""Passed to Zubai"",""type"":""Fault"",""cost"":"""",""changes"":[],""source"":{}}]",AX,Store,
C1000#11,APC,Smart UPS C1000,AS1605142042,1000VA Sinewave UPS Battery Backup,,2026-06-25T00:00:00,,,False,False,False,False,False,1,"[{""id"":""85f022461356f99fd57a7ad6"",""date"":""2025/04/01"",""user"":""emily"",""description"":""Battery changed"",""type"":""Preventative maintenance"",""cost"":"""",""changes"":[],""source"":{}}]",AX,Store,
C1000#12,APC,Smart UPS C1000,AS1609230637,1000VA Sinewave UPS Battery Backup,,2026-06-25T00:00:00,,,False,False,False,False,False,1,"[{""id"":""fcd9e943e679abcafa024bb6"",""date"":""2026/05/30"",""user"":""emily"",""description"":""Passed to Sarip"",""type"":""General"",""cost"":"""",""changes"":[{""kind"":""location"",""value"":""NDP VX Control Rack""}],""source"":{}},{""id"":""0c5bd521eef6432a344bbbcb"",""date"":""2025/04/01"",""user"":""emily"",""description"":""Battery changed"",""type"":""Preventative maintenance"",""cost"":"""",""changes"":[],""source"":{}}]",AX,Store,NDP VX Control Rack
C1000#13,APC,Smart UPS C1000,AS1434113778,1000VA Sinewave UPS Battery Backup,,2026-06-25T00:00:00,,,False,False,False,False,False,1,"[{""id"":""7bd9425dbac627d4e271026a"",""date"":""2025/04/01"",""user"":""emily"",""description"":""Battery changed"",""type"":""Preventative maintenance"",""cost"":"""",""changes"":[],""source"":{}}]",AX,Store,
C1000#14,APC,Smart UPS C1000,AS1609240354,1000VA Sinewave UPS Battery Backup,,2026-06-25T00:00:00,,,False,False,False,False,False,1,"[{""id"":""d95e45476d93803b6d9c2849"",""date"":""2025/04/01"",""user"":""emily"",""description"":""batt checked OK"",""type"":""General"",""cost"":"""",""changes"":[],""source"":{}}]",AX,Big Monitor World UPS,
C1000#15,APC,Smart UPS C1000,AS1605142095,1000VA Sinewave UPS Battery Backup,,2026-06-25T00:00:00,,,False,False,False,False,False,1,"[{""id"":""5cc5872c332c429ed38c62b2"",""date"":""2026/06/02"",""user"":""emily"",""description"":""Passed to Zubai"",""type"":""Fault"",""cost"":"""",""changes"":[],""source"":{}}]",AX,Store,
C1500#01,APC,Smart UPS C1500,AS1834143849,1500VA Sinewave UPS Battery Backup,,2026-06-25T00:00:00,,,False,False,False,False,False,1,"[{""id"":""9c67eb8e60da54634d505c9f"",""date"":""2026/06/02"",""user"":""emily"",""description"":""Passed to Zubai"",""type"":""Fault"",""cost"":"""",""changes"":[],""source"":{}}]",AX,Store,
C1500#02,APC,Smart UPS C1500,AS1605331169,1500VA Sinewave UPS Battery Backup,,2026-06-25T00:00:00,,,False,False,False,False,False,1,"[{""id"":""c90ab5b8b89d5619cdd06651"",""date"":""2026/06/02"",""user"":""emily"",""description"":""Passed to Zubai"",""type"":""Fault"",""cost"":"""",""changes"":[],""source"":{}}]",AX,Store,
SC450RMI1U#01,APC,SC450RMI1U,5S1503T00813,450VA/280W line-interactive pure sine wave 1U rackmount UPS battery backup,,2026-06-25T00:00:00,,,False,False,False,False,False,1,"[{""id"":""2bf3bda3c8857090b2b77af3"",""date"":""2026/06/02"",""user"":""emily"",""description"":""Passed to Zubai"",""type"":""Fault"",""cost"":"""",""changes"":[],""source"":{}}]",AX,Store,
SC450RMI1U#02,APC,SC450RMI1U,5S1503T00824,450VA/280W line-interactive pure sine wave 1U rackmount UPS battery backup,,2026-06-25T00:00:00,,,False,False,False,False,False,1,"[{""id"":""45e101d09a2ad7e1581b5d42"",""date"":""2026/06/02"",""user"":""emily"",""description"":""Passed to Zubai"",""type"":""Fault"",""cost"":"""",""changes"":[],""source"":{}}]",AX,Store,
SC450RMI1U#03,APC,SC450RMI1U,5S1503T00817,450VA/280W line-interactive pure sine wave 1U rackmount UPS battery backup,,2026-06-25T00:00:00,,,False,False,False,False,False,1,"[{""id"":""e2abb88ca3caebdca476cd8a"",""date"":""2026/06/02"",""user"":""emily"",""description"":""Passed to Zubai"",""type"":""Fault"",""cost"":"""",""changes"":[],""source"":{}}]",AX,Store,
SC450RMI1U#04,APC,SC450RMI1U,5S1503T00818,450VA/280W line-interactive pure sine wave 1U rackmount UPS battery backup,,2026-06-25T00:00:00,,,False,False,False,False,False,1,"[{""id"":""37314e89eb8495f916a595fa"",""date"":""2026/06/02"",""user"":""emily"",""description"":""Passed to Zubai"",""type"":""Fault"",""cost"":"""",""changes"":[],""source"":{}}]",AX,Store,
SC450RMI1U#05,APC,SC450RMI1U,5S1503T00807,450VA/280W line-interactive pure sine wave 1U rackmount UPS battery backup,,2026-06-25T00:00:00,,,False,False,False,False,False,1,"[{""id"":""420be5c56f5ce375860e4497"",""date"":""2026/06/02"",""user"":""emily"",""description"":""Passed to Zubai"",""type"":""Fault"",""cost"":"""",""changes"":[],""source"":{}}]",AX,Store,
SC450RMI1U#06,APC,SC450RMI1U,5S1503T00816,450VA/280W line-interactive pure sine wave 1U rackmount UPS battery backup,,2026-06-25T00:00:00,,,False,False,False,False,False,1,"[{""id"":""7f7087e64283b4477a09531f"",""date"":""2026/06/02"",""user"":""emily"",""description"":""Passed to Zubai"",""type"":""Fault"",""cost"":"""",""changes"":[],""source"":{}}]",AX,Store,
SC450RMI1U#07,APC,SC450RMI1U,5S1503T00825,450VA/280W line-interactive pure sine wave 1U rackmount UPS battery backup,,2026-06-25T00:00:00,,,False,False,False,False,False,1,"[{""id"":""7488f7f9bd5d7d7af7f05341"",""date"":""2026/06/02"",""user"":""emily"",""description"":""Passed to Zubai"",""type"":""Fault"",""cost"":"""",""changes"":[],""source"":{}}]",AX,Store,
SC450RMI1U#08,APC,SC450RMI1U,5S1503T00828,450VA/280W line-interactive pure sine wave 1U rackmount UPS battery backup,,2026-06-25T00:00:00,,,False,False,False,False,False,1,"[{""id"":""8ac36b74c8576039d7203cd0"",""date"":""2026/06/02"",""user"":""emily"",""description"":""Passed to Zubai"",""type"":""Fault"",""cost"":"""",""changes"":[],""source"":{}}]",AX,Store,
SRT3000RMXLI#01,APC,SRT3000RMXLI,AS1903294178,3kVA/2.7kW double-conversion on-line pure sine wave 2U rackmount UPS,,2026-06-25T00:00:00,,,False,False,False,False,False,1,,AX,Store,
SRT3000RMXLI#02,APC,SRT3000RMXLI,7S1903L00280,3kVA/2.7kW double-conversion on-line pure sine wave 2U rackmount UPS,,2026-06-25T00:00:00,,,False,False,False,False,False,1,,AX,Store,
APEXDI#01,Apex,DUAL ACTIVE Dbd.i.,,active two channel direct inject box,,2026-06-25T00:00:00,,,False,False,False,False,False,1,,AX,Store,
APEXDI#02,Apex,DUAL ACTIVE Dbd.i.,,active two channel direct inject box,,2026-06-25T00:00:00,,,False,False,False,False,False,1,,AX,Store,
APEXDI#03,Apex,DUAL ACTIVE Dbd.i.,,active two channel direct inject box,,2026-06-25T00:00:00,,,False,False,False,False,False,1,,AX,Store,
APEXDI#04,Apex,DUAL ACTIVE Dbd.i.,,active two channel direct inject box,,2026-06-25T00:00:00,,,False,False,False,False,False,1,,AX,Store,
APEXDI#05,Apex,DUAL ACTIVE Dbd.i.,,active two channel direct inject box,,2026-06-25T00:00:00,,,False,False,False,False,False,1,,AX,Store,
APEXDI#06,Apex,DUAL ACTIVE Dbd.i.,,active two channel direct inject box,,2026-06-25T00:00:00,,,False,False,False,False,False,1,,AX,Store,
APEXDI#07,Apex,DUAL ACTIVE Dbd.i.,,active two channel direct inject box,,2026-06-25T00:00:00,,,False,False,False,False,False,1,,AX,Store,
APEXDI#08,Apex,DUAL ACTIVE Dbd.i.,,active two channel direct inject box,,2026-06-25T00:00:00,,,False,False,False,False,False,1,,AX,Store,
APEXDI#09,Apex,DUAL ACTIVE Dbd.i.,,active two channel direct inject box,,2026-06-25T00:00:00,,,False,False,False,False,False,1,,AX,Store,
APEXDI#10,Apex,DUAL ACTIVE Dbd.i.,,active two channel direct inject box,,2026-06-25T00:00:00,,,False,False,False,False,False,1,,AX,Store,
APEXDI#11,Apex,DUAL ACTIVE Dbd.i.,,active two channel direct inject box,,2026-06-25T00:00:00,,,False,False,False,False,False,1,,AX,Store,
APEXDI#12,Apex,DUAL ACTIVE Dbd.i.,,active two channel direct inject box,,2026-06-25T00:00:00,,,False,False,False,False,False,1,,AX,Store,
APEXDI#13,Apex,DUAL ACTIVE Dbd.i.,,active two channel direct inject box,,2026-06-25T00:00:00,,,False,False,False,False,False,1,,AX,Store,
APEXDI#14,Apex,DUAL ACTIVE Dbd.i.,,active two channel direct inject box,,2026-06-25T00:00:00,,,False,False,False,False,False,1,,AX,Store,
APEXDI#15,Apex,DUAL ACTIVE Dbd.i.,,active two channel direct inject box,,2026-06-25T00:00:00,,,False,False,False,False,False,1,,AX,Store,
MSX48#01,ARX,MSX48,,Mic/Line Splitter,,2026-06-25T00:00:00,,,False,False,False,False,False,1,,AX,Store,
MSX48#02,ARX,MSX48,,Mic/Line Splitter,,2026-06-25T00:00:00,,,False,False,False,False,False,1,,AX,Store,
MSX48#03,ARX,MSX48,,Mic/Line Splitter,,2026-06-25T00:00:00,,,False,False,False,False,False,1,,AX,Store,
MSX48#04,ARX,MSX48,,Mic/Line Splitter,,2026-06-25T00:00:00,,,False,False,False,False,False,1,,AX,Store,
MSX48#05,ARX,MSX48,,Mic/Line Splitter,,2026-06-25T00:00:00,,,False,False,False,False,False,1,,AX,Store,
MSX48#06,ARX,MSX48,,Mic/Line Splitter,,2026-06-25T00:00:00,,,False,False,False,False,False,1,,AX,Store,
MSX48#07,ARX,MSX48,,Mic/Line Splitter,,2026-06-25T00:00:00,,,False,False,False,False,False,1,,AX,Store,
MSX48#08,ARX,MSX48,,Mic/Line Splitter,,2026-06-25T00:00:00,,,False,False,False,False,False,1,,AX,Store,
MSX48#09,ARX,MSX48,,Mic/Line Splitter,,2026-06-25T00:00:00,,,False,False,False,False,False,1,,AX,Store,
MSX48#10,ARX,MSX48,,Mic/Line Splitter,,2026-06-25T00:00:00,,,False,True,False,False,False,1,,AX,Store,
BIGBEN#01,Apogee,Big Ben,BB8795,192kHz master digital clock,,2026-06-25T00:00:00,,,False,False,False,False,False,1,,AX,Store,
BIGBEN#02,Apogee,Big Ben,BB8861,192kHz master digital clock,,2026-06-25T00:00:00,,,False,False,False,False,False,1,,AX,Store,
MACBOOKPROA2918#01,Apple,Macbook Pro (A2918),LNK7WH614C,14inch Macbook Pro,,2026-06-25T00:00:00,,,False,False,False,False,False,1,,AX,Store,
MACBOOKPROA2918#02,Apple,Macbook Pro (A2918),C91D7KM6FK,14inch Macbook Pro,,2026-06-25T00:00:00,,,False,False,False,False,False,1,,AX,Store,
MACPROLATE2013#01,Apple,Mac Pro (late 2013),F5KRM035F693,"3.5GHz 6-core Intel Xeon E5 w/ AMD FirePro D500 3GB, 250GB Flash Storage",,2026-06-25T00:00:00,,,False,False,False,False,False,1,,AX,Store,
MACPROLATE2013#02,Apple,Mac Pro (late 2013),F5KFN04EF694,"3.5GHz 6-core Intel Xeon E5 w/ AMD FirePro D500 3GB, 250GB Flash Storage",,2026-06-25T00:00:00,,,False,False,False,False,False,1,,AX,Store,
S6L#01,Avid,S6L,EAECQ611600003E,"256 channels of 96kHz audio digital console
System ID: 50165485 P/N: 9100-65735-03",,2026-06-25T00:00:00,,,False,False,True,False,False,1,"[{""id"":""c3948c362c0817ced237cc01"",""date"":""2026/01/01"",""user"":""emily"",""description"":""Local IO setan, upper left side crack, left and right side lower crack. right side crack is when rental to SI"",""type"":""Fault"",""cost"":"""",""changes"":[],""source"":{}}]",AX,Store,
S6L#02,Avid,S6L,EADYG54500034I,"256 channels of 96kHz audio digital console
System ID: 50099397 P/N: 9100-65735-00 New P/N:9100-65735-03 REV.A",,2026-06-25T00:00:00,,,False,False,False,False,False,1,"[{""id"":""d8095891256f8650b0579a59"",""date"":""2026/01/01"",""user"":""emily"",""description"":""Upper right side crack, middle left crack"",""type"":""Fault"",""cost"":"""",""changes"":[],""source"":{}}]",AX,Store,
E6L#01,Avid,E6L,CBEBX53600090B,"System ID: 50099982, unknown code: 515-15080601300057",,2026-06-25T00:00:00,,,False,False,True,False,False,1,"[{""id"":""eb2f83fe14fe9fbfa611ac89"",""date"":""2026/01/01"",""user"":""emily"",""description"":""front panel crack\nwas together with the surface with the local IO setan"",""type"":""Fault"",""cost"":"""",""changes"":[{""kind"":""degraded"",""action"":""marked""}],""source"":{}}]",AX,Store,
E6L#02,Avid,E6L,CBEBX61300019C,"System ID: 50152280, unknown code: 519-15112600500007",,2026-06-25T00:00:00,,,False,False,False,False,False,1,,AX,Store,
STAGE64#01,Avid,Stage 64,BLDYM60200045C,I/O Rack,,2026-06-25T00:00:00,,,False,False,False,False,False,1,,AX,Store,
STAGE64#02,Avid,Stage 64,BLDYM54500051A,I/O Rack,,2026-06-25T00:00:00,,,False,False,False,False,False,1,,AX,Store,
STAGE64#03,Avid,Stage 64,BLDYM54400038A,I/O Rack,,2026-06-25T00:00:00,,,False,False,False,False,False,1,,AX,Store,
STAGE64#04,Avid,Stage 64,BLDYM54500022A,I/O Rack,,2026-06-25T00:00:00,,,False,False,False,False,False,1,,AX,Store,
HDIODSA44#01,Avid,HDIODSA44,BLDCP43300081G,HD I/O Interface 16x16 Digital,,2026-06-25T00:00:00,,,False,False,False,False,False,1,,AX,Store,
HDIODSA44#02,Avid,HDIODSA44,BLDCS60700050H,HD I/O Interface 16x16 Digital,,2026-06-25T00:00:00,,,False,False,False,False,False,1,,AX,Store,
HDIODSA44#03,Avid,HDIODSA44,BLDCS60700030H,HD I/O Interface 16x16 Digital,,2026-06-25T00:00:00,,,False,False,False,False,False,1,,AX,Store,
HDIODSA44#04,Avid,HDIODSA44,BLDCP42100021G,HD I/O Interface 16x16 Digital,,2026-06-25T00:00:00,,,False,False,False,False,False,1,,AX,Store,
A360#01,Aviom,A360,20244,Personal Mixer,,2026-06-25T00:00:00,,,False,False,False,False,False,1,,AX,Store,
A360#02,Aviom,A360,20240,Personal Mixer,,2026-06-25T00:00:00,,,False,False,False,False,False,1,,AX,Store,
A360#03,Aviom,A360,20241,Personal Mixer,,2026-06-25T00:00:00,,,False,False,False,False,False,1,,AX,Store,
A360#04,Aviom,A360,20237,Personal Mixer,,2026-06-25T00:00:00,,,False,False,False,False,False,1,,AX,Store,
A360#05,Aviom,A360,20946,Personal Mixer,,2026-06-25T00:00:00,,,False,False,False,False,False,1,,AX,Store,
A360#06,Aviom,A360,20243,Personal Mixer,,2026-06-25T00:00:00,,,False,False,False,False,False,1,,AX,Store,
A360#07,Aviom,A360,20949,Personal Mixer,,2026-06-25T00:00:00,,,False,False,False,False,False,1,,AX,Store,
A360#08,Aviom,A360,20948,Personal Mixer,,2026-06-25T00:00:00,,,False,False,False,False,False,1,,AX,Store,
A360#09,Aviom,A360,20947,Personal Mixer,,2026-06-25T00:00:00,,,False,False,False,False,False,1,,AX,Store,
A360#10,Aviom,A360,20944,Personal Mixer,,2026-06-25T00:00:00,,,False,False,False,False,False,1,,AX,Store,
A360#11,Aviom,A360,20951,Personal Mixer,,2026-06-25T00:00:00,,,False,False,False,False,False,1,,AX,Store,
D800DANTE#01,Aviom,D800-Dante,10707,A-Net Distributor,,2026-06-25T00:00:00,,,False,False,False,False,False,1,,AX,Store,
D800DANTE#02,Aviom,D800-Dante,10706,A-Net Distributor,,2026-06-25T00:00:00,,,False,False,False,False,False,1,,AX,Store,
A16DPRO#01,Aviom,A16D-Pro,57652,power sub-system,,2026-06-25T00:00:00,,,False,False,False,False,False,1,,AX,Store,
AN16IV2#01,Aviom,AN16i v2,10817,Analog input,,2026-06-25T00:00:00,,,False,False,False,False,False,1,,AX,Store,
AN16IV2#02,Aviom,AN16i v2,12028,Analog input,,2026-06-25T00:00:00,,,False,False,False,False,False,1,,AX,Store,
AN16O#01,Aviom,AN16o,10072,,,2026-06-25T00:00:00,,,False,False,False,False,False,1,,AX,Store,
AN16O#02,Aviom,AN16o,10071,,,2026-06-25T00:00:00,,,False,False,False,False,False,1,,AX,Store,
AN16SB4#01,Aviom,AN-16SB4,,Splitter/Bridge,,2026-06-25T00:00:00,,,False,False,False,False,False,1,,AX,Store,
LINUS10#01,Coda,Linus 10,7101449,Amplifier,,2026-06-25T00:00:00,,,False,False,False,False,False,1,,AX,Store,
LINUS10#02,Coda,Linus 10,7101464,Amplifier,,2026-06-25T00:00:00,,,False,False,False,False,False,1,,AX,Store,
LINUS10#03,Coda,Linus 10,7101648,Amplifier,,2026-06-25T00:00:00,,,False,False,False,False,False,1,,AX,Store,
LINUS10#04,Coda,Linus 10,7101185,Amplifier,,2026-06-25T00:00:00,,,False,False,False,False,False,1,,AX,Store,
LINUS10#05,Coda,Linus 10,7101444,Amplifier,,2026-06-25T00:00:00,,,False,False,False,False,False,1,,AX,Store,
LINUS10#06,Coda,Linus 10,7101192,Amplifier,,2026-06-25T00:00:00,,,False,False,False,False,False,1,,AX,Store,
LINUS10#07,Coda,Linus 10,7101184,Amplifier,,2026-06-25T00:00:00,,,False,False,False,False,False,1,,AX,Store,
LINUS10#08,Coda,Linus 10,7101206,Amplifier,,2026-06-25T00:00:00,,,False,False,False,False,False,1,,AX,Store,
LINUS10#09,Coda,Linus 10,7101458,Amplifier,,2026-06-25T00:00:00,,,False,False,False,False,False,1,,AX,Store,
LINUS10#10,Coda,Linus 10,7101704,Amplifier,,2026-06-25T00:00:00,,,False,False,False,False,False,1,,AX,Store,
LINUS10#11,Coda,Linus 10,7101196,Amplifier,,2026-06-25T00:00:00,,,False,False,False,False,False,1,,AX,Store,
LINUS10#12,Coda,Linus 10,7101253,Amplifier,,2026-06-25T00:00:00,,,False,False,False,False,False,1,,AX,Store,
LINUS10#13,Coda,Linus 10,7101193,Amplifier,,2026-06-25T00:00:00,,,False,False,False,False,False,1,,AX,Store,
LINUS10#14,Coda,Linus 10,7101454,Amplifier,,2026-06-25T00:00:00,,,False,False,False,False,False,1,,AX,Store,
LINUS10#15,Coda,Linus 10,7101439,Amplifier,,2026-06-25T00:00:00,,,False,False,False,False,False,1,,AX,Store,
LINUS10#16,Coda,Linus 10,7101379,Amplifier,,2026-06-25T00:00:00,,,False,False,False,False,False,1,,AX,Store,
LINUS10#17,Coda,Linus 10,7101210,Amplifier,,2026-06-25T00:00:00,,,False,False,False,False,False,1,,AX,Store,
LINUS10#18,Coda,Linus 10,7101428,Amplifier,,2026-06-25T00:00:00,,,False,False,False,False,False,1,,AX,Store,
LINUS10#19,Coda,Linus 10,7101441,Amplifier,,2026-06-25T00:00:00,,,False,False,False,False,False,1,,AX,Store,
LINUS10#20,Coda,Linus 10,7101197,Amplifier,,2026-06-25T00:00:00,,,False,False,False,False,False,1,,AX,Store,
LINUS10#21,Coda,Linus 10,7101455,Amplifier,,2026-06-25T00:00:00,,,False,False,False,False,False,1,,AX,Store,
LINUS10#22,Coda,Linus 10,7101459,Amplifier,,2026-06-25T00:00:00,,,False,False,False,False,False,1,,AX,Store,
LINUS10#23,Coda,Linus 10,7101435,Amplifier,,2026-06-25T00:00:00,,,False,False,False,False,False,1,,AX,Store,
LINUS10#24,Coda,Linus 10,7101419,Amplifier,,2026-06-25T00:00:00,,,False,False,False,False,False,1,,AX,Store,
LINUS10#25,Coda,Linus 10,7101446,Amplifier,,2026-06-25T00:00:00,,,False,False,False,False,False,1,,AX,Store,
LINUS10#26,Coda,Linus 10,7101645,Amplifier,,2026-06-25T00:00:00,,,False,False,False,False,False,1,,AX,Store,
LINUS10#27,Coda,Linus 10,7101220,Amplifier,,2026-06-25T00:00:00,,,False,False,False,False,False,1,,AX,Store,
LINUS10#28,Coda,Linus 10,7101245,Amplifier,,2026-06-25T00:00:00,,,False,False,False,False,False,1,,AX,Store,
LINUS10#29,Coda,Linus 10,7101451,Amplifier,,2026-06-25T00:00:00,,,False,False,False,False,False,1,,AX,Store,
LINUS10#30,Coda,Linus 10,7101244,Amplifier,,2026-06-25T00:00:00,,,False,False,False,False,False,1,,AX,Store,
LINUS10#31,Coda,Linus 10,7101613,Amplifier,,2026-06-25T00:00:00,,,False,False,False,False,False,1,,AX,Store,
LINUS10#32,Coda,Linus 10,7101436,Amplifier,,2026-06-25T00:00:00,,,False,False,False,False,False,1,,AX,Store,
LINUS10#33,Coda,Linus 10,7101165,Amplifier,,2026-06-25T00:00:00,,,False,False,False,False,False,1,,AX,Store,
LINUS10#34,Coda,Linus 10,7101191,Amplifier,,2026-06-25T00:00:00,,,False,False,False,False,False,1,,AX,Store,
LINUS10#35,Coda,Linus 10,7101371,Amplifier,,2026-06-25T00:00:00,,,False,False,False,False,False,1,,AX,Store,
LINUS10#36,Coda,Linus 10,7101249,Amplifier,,2026-06-25T00:00:00,,,False,False,False,False,False,1,,AX,Store,
LINUS10#37,Coda,Linus 10,7100998,Amplifier,,2026-06-25T00:00:00,,,False,False,False,False,False,1,,AX,Store,
LINUS10#38,Coda,Linus 10,7101199,Amplifier,,2026-06-25T00:00:00,,,False,False,False,False,False,1,,AX,Store,
LINUS10#39,Coda,Linus 10,7101468,Amplifier,,2026-06-25T00:00:00,,,False,False,False,False,False,1,,AX,Store,
LINUS10#40,Coda,Linus 10,7101443,Amplifier,,2026-06-25T00:00:00,,,False,False,False,False,False,1,,AX,Store,
LINUS10#41,Coda,Linus 10,7101442,Amplifier,,2026-06-25T00:00:00,,,False,False,False,False,False,1,,AX,Store,
LINUS10#42,Coda,Linus 10,7101189,Amplifier,,2026-06-25T00:00:00,,,False,False,False,False,False,1,,AX,Store,
LINUS10#43,Coda,Linus 10,7101247,Amplifier,,2026-06-25T00:00:00,,,False,False,False,False,False,1,,AX,Store,
LINUS10#44,Coda,Linus 10,7101431,Amplifier,,2026-06-25T00:00:00,,,False,False,False,False,False,1,,AX,Store,
LINUS10#45,Coda,Linus 10,7101432,Amplifier,,2026-06-25T00:00:00,,,False,False,False,False,False,1,,AX,Store,
LINUS10#46,Coda,Linus 10,7101429,Amplifier,,2026-06-25T00:00:00,,,False,False,False,False,False,1,,AX,Store,
LINUS10#47,Coda,Linus 10,7101411,Amplifier,,2026-06-25T00:00:00,,,False,False,False,False,False,1,,AX,Store,
LINUS10#48,Coda,Linus 10,7101430,Amplifier,,2026-06-25T00:00:00,,,False,False,False,False,False,1,,AX,Store,
LINUS10#49,Coda,Linus 10,7101438,Amplifier,,2026-06-25T00:00:00,,,False,False,False,False,False,1,,AX,Store,
LINUS10#50,Coda,Linus 10,7101218,Amplifier,,2026-06-25T00:00:00,,,False,False,False,False,False,1,,AX,Store,
LINUS10#51,Coda,Linus 10,7101461,Amplifier,,2026-06-25T00:00:00,,,False,False,False,False,False,1,,AX,Store,
LINUS10#52,Coda,Linus 10,7101201,Amplifier,,2026-06-25T00:00:00,,,False,False,False,False,False,1,,AX,Store,
LINUS10#53,Coda,Linus 10,7101467,Amplifier,,2026-06-25T00:00:00,,,False,False,False,False,False,1,,AX,Store,
LINUS10#54,Coda,Linus 10,7101242,Amplifier,,2026-06-25T00:00:00,,,False,False,False,False,False,1,,AX,Store,
LINUS10#55,Coda,Linus 10,7101433,Amplifier,,2026-06-25T00:00:00,,,False,False,False,False,False,1,,AX,Store,
LINUS10#56,Coda,Linus 10,7101434,Amplifier,,2026-06-25T00:00:00,,,False,False,False,False,False,1,,AX,Store,
LINUS10#57,Coda,Linus 10,7101289,Amplifier,,2026-06-25T00:00:00,,,False,True,False,False,False,1,"[{""id"":""977799c0151006aef6c6d6cc"",""date"":""2026/01/01"",""user"":""emily"",""description"":""Screen buang"",""type"":""Fault"",""cost"":"""",""changes"":[{""kind"":""ooc"",""action"":""marked""}],""source"":{}}]",AX,Store,
LINUS10#58,Coda,Linus 10,7101374,Amplifier,,2026-06-25T00:00:00,,,False,True,False,False,False,1,"[{""id"":""5983927062af859ecd43698d"",""date"":""2026/01/01"",""user"":""emily"",""description"":""Cannot power on"",""type"":""General"",""cost"":"""",""changes"":[{""kind"":""ooc"",""action"":""marked""}],""source"":{}}]",AX,Store,
LINUS10#59,Coda,Linus 10,7101270,Amplifier,,2026-06-25T00:00:00,,,False,True,False,False,False,1,"[{""id"":""119d6a288d0a9204f94b2f96"",""date"":""2026/01/01"",""user"":""emily"",""description"":""Screen buang"",""type"":""Fault"",""cost"":"""",""changes"":[{""kind"":""ooc"",""action"":""marked""}],""source"":{}}]",AX,Store,
LINUS10#60,Coda,Linus 10,7101445,Amplifier,,2026-06-25T00:00:00,,,False,True,False,False,False,1,"[{""id"":""214f7140d8329922c5c84049"",""date"":""2026/01/01"",""user"":""emily"",""description"":""Cannot power on"",""type"":""General"",""cost"":"""",""changes"":[{""kind"":""ooc"",""action"":""marked""}],""source"":{}}]",AX,Store,
LINUS10#61,Coda,Linus 10,7101255,Amplifier,,2026-06-25T00:00:00,,,False,True,False,False,False,1,"[{""id"":""cee7ea395ed43da3882f6eaf"",""date"":""2026/01/01"",""user"":""emily"",""description"":""Screen buang"",""type"":""Fault"",""cost"":"""",""changes"":[{""kind"":""ooc"",""action"":""marked""}],""source"":{}}]",AX,Store,
LINUS10#62,Coda,Linus 10,7101420,Amplifier,,2026-06-25T00:00:00,,,False,True,False,False,False,1,"[{""id"":""99bcc2baaadabf67d54d737c"",""date"":""2026/01/01"",""user"":""emily"",""description"":""Screen buang"",""type"":""Fault"",""cost"":"""",""changes"":[{""kind"":""ooc"",""action"":""marked""}],""source"":{}}]",AX,Store,
LINUS10#63,Coda,Linus 10,7101457,Amplifier,,2026-06-25T00:00:00,,,False,True,False,False,False,1,"[{""id"":""a24af5a20096b698920b34e5"",""date"":""2026/01/01"",""user"":""emily"",""description"":""Cannot power on"",""type"":""General"",""cost"":"""",""changes"":[{""kind"":""ooc"",""action"":""marked""}],""source"":{}}]",AX,Store,
LINUS10#64,Coda,Linus 10,7101440,Amplifier,,2026-06-25T00:00:00,,,False,True,False,False,False,1,"[{""id"":""3cbe270637536125c400d55a"",""date"":""2026/01/01"",""user"":""emily"",""description"":""Cannot power on"",""type"":""General"",""cost"":"""",""changes"":[{""kind"":""ooc"",""action"":""marked""}],""source"":{}}]",AX,Store,
LINUS10#65,Coda,Linus 10,7101241,Amplifier,,2026-06-25T00:00:00,,,False,True,False,False,False,1,"[{""id"":""e58b90e3c0ba6bc0845ce4ec"",""date"":""2026/01/01"",""user"":""emily"",""description"":""Cannot power on"",""type"":""General"",""cost"":"""",""changes"":[{""kind"":""ooc"",""action"":""marked""}],""source"":{}}]",AX,Store,
LINUS10#66,Coda,Linus 10,7101186,Amplifier,,2026-06-25T00:00:00,,,False,False,True,False,False,1,"[{""id"":""3f68cf6f68147f7a5a83529d"",""date"":""2026/01/01"",""user"":""emily"",""description"":""Linet Input Buang"",""type"":""Fault"",""cost"":"""",""changes"":[{""kind"":""degraded"",""action"":""marked""}],""source"":{}}]",AX,Store,
LINUS10#67,Coda,Linus 10,7101246,Amplifier,,2026-06-25T00:00:00,,,False,True,False,False,False,1,"[{""id"":""0a8ae2bf252c144ee48b1eed"",""date"":""2026/01/01"",""user"":""emily"",""description"":""Cannot power on"",""type"":""General"",""cost"":"""",""changes"":[{""kind"":""ooc"",""action"":""marked""}],""source"":{}}]",AX,Store,
LINUS10#68,Coda,Linus 10,7101372,Amplifier,,2026-06-25T00:00:00,,,False,True,False,False,False,1,"[{""id"":""0bceee4b15efb2227e480bdd"",""date"":""2026/01/01"",""user"":""emily"",""description"":""Cannot power on"",""type"":""General"",""cost"":"""",""changes"":[{""kind"":""ooc"",""action"":""marked""}],""source"":{}}]",AX,Store,
LINUS10#69,Coda,Linus 10,7101243,Amplifier,,2026-06-25T00:00:00,,,False,True,False,False,False,1,"[{""id"":""67dbabe25a3d2f5b98fb48c1"",""date"":""2026/01/01"",""user"":""emily"",""description"":""Scroll Knob Buang"",""type"":""Fault"",""cost"":"""",""changes"":[{""kind"":""ooc"",""action"":""marked""}],""source"":{}}]",AX,Store,
LINUS10#70,Coda,Linus 10,7101452,Amplifier,,2026-06-25T00:00:00,,,False,True,False,False,False,1,"[{""id"":""a0b672b28ee46f7f3acfd8ec"",""date"":""2026/01/01"",""user"":""emily"",""description"":""Cannot power on"",""type"":""General"",""cost"":"""",""changes"":[{""kind"":""ooc"",""action"":""marked""}],""source"":{}}]",AX,Store,
LINUS10#71,Coda,Linus 10,7101266,Amplifier,,2026-06-25T00:00:00,,,False,True,False,False,False,1,"[{""id"":""5412e74e67f4939f1744b150"",""date"":""2026/01/01"",""user"":""emily"",""description"":""Cannot power on, then powers on"",""type"":""Fault"",""cost"":"""",""changes"":[{""kind"":""ooc"",""action"":""marked""}],""source"":{}}]",AX,Store,
LINUS10#72,Coda,Linus 10,7101450,Amplifier,,2026-06-25T00:00:00,,,True,False,False,False,False,1,,AX,Store,
LINUS10#73,Coda,Linus 10,7101410,Amplifier,,2026-06-25T00:00:00,,,False,True,False,False,False,1,"[{""id"":""913339f869127f2deeb823e0"",""date"":""2026/01/01"",""user"":""emily"",""description"":""Buang for a long time"",""type"":""Fault"",""cost"":"""",""changes"":[{""kind"":""ooc"",""action"":""marked""}],""source"":{}}]",AX,Store,
LINUS10#74,Coda,Linus 10,7100958,Amplifier,,2026-06-25T00:00:00,,,False,True,False,False,False,1,"[{""id"":""c0f0d0b2b7ab6c34b5736ea7"",""date"":""2026/01/01"",""user"":""emily"",""description"":""Buang for a long time"",""type"":""Fault"",""cost"":"""",""changes"":[{""kind"":""ooc"",""action"":""marked""}],""source"":{}}]",AX,Store,
LINUS10#75,Coda,Linus 10,7101378,Amplifier,,2026-06-25T00:00:00,,,False,True,False,False,False,1,"[{""id"":""fe45bcdc3271b4c7b9fa5dfa"",""date"":""2026/01/01"",""user"":""emily"",""description"":""Buang for a long time"",""type"":""Fault"",""cost"":"""",""changes"":[{""kind"":""ooc"",""action"":""marked""}],""source"":{}}]",AX,Store,
LINUS10#76,Coda,Linus 10,7101190,Amplifier,,2026-06-25T00:00:00,,,False,True,False,False,False,1,"[{""id"":""280daf55c701118269db82a1"",""date"":""2026/01/01"",""user"":""emily"",""description"":""Buang for a long time"",""type"":""Fault"",""cost"":"""",""changes"":[{""kind"":""ooc"",""action"":""marked""}],""source"":{}}]",AX,Store,
LINUS10#77,Coda,Linus 10,7100960,Amplifier,,2026-06-25T00:00:00,,,False,True,False,False,False,1,"[{""id"":""59ad1d6dafea42e152a82038"",""date"":""2026/01/01"",""user"":""emily"",""description"":""Buang for a long time"",""type"":""Fault"",""cost"":"""",""changes"":[{""kind"":""ooc"",""action"":""marked""}],""source"":{}}]",AX,Store,
LINUS10#78,Coda,Linus 10,18060605,Amplifier,,2026-06-25T00:00:00,,,False,True,False,False,False,1,"[{""id"":""49a3c6dc8590c99ed1b4a495"",""date"":""2026/01/01"",""user"":""emily"",""description"":""Linus 10-C. Belongs to Longhair"",""type"":""Fault"",""cost"":"""",""changes"":[{""kind"":""ooc"",""action"":""marked""}],""source"":{}}]",AX,Store,
LINUS14D#01,Coda,Linus 14D,17030871,4x 3500W channel DSP networkable amplifier and comparator,,2026-06-25T00:00:00,,,False,False,True,False,False,1,"[{""id"":""b2de694f0d103b3df9360985"",""date"":""2026/01/01"",""user"":""emily"",""description"":""Mute light not working CH3"",""type"":""Fault"",""cost"":"""",""changes"":[{""kind"":""degraded"",""action"":""marked""}],""source"":{}}]",AX,Store,
LINUS14D#02,Coda,Linus 14D,17030852,4x 3500W channel DSP networkable amplifier and comparator,,2026-06-25T00:00:00,,,False,False,False,False,False,1,,AX,Store,
LINUS14D#03,Coda,Linus 14D,17030843,4x 3500W channel DSP networkable amplifier and comparator,,2026-06-25T00:00:00,,,False,False,True,False,False,1,"[{""id"":""633ba09579f8a0ed1be977d0"",""date"":""2026/01/01"",""user"":""emily"",""description"":""Mute light not working CH3"",""type"":""Fault"",""cost"":"""",""changes"":[{""kind"":""degraded"",""action"":""marked""}],""source"":{}}]",AX,Store,
LINUS14D#04,Coda,Linus 14D,17030861,4x 3500W channel DSP networkable amplifier and comparator,,2026-06-25T00:00:00,,,False,False,False,False,False,1,,AX,Store,
LINUS14D#05,Coda,Linus 14D,17030878,4x 3500W channel DSP networkable amplifier and comparator,,2026-06-25T00:00:00,,,False,False,False,False,False,1,,AX,Store,
LINUS14D#06,Coda,Linus 14D,17030883,4x 3500W channel DSP networkable amplifier and comparator,,2026-06-25T00:00:00,,,False,False,True,False,False,1,"[{""id"":""e36f043432f591c13cceda72"",""date"":""2026/01/01"",""user"":""emily"",""description"":""sensor light not working CH4"",""type"":""General"",""cost"":"""",""changes"":[{""kind"":""degraded"",""action"":""marked""}],""source"":{}}]",AX,Store,
LINUS14D#07,Coda,Linus 14D,17030886,4x 3500W channel DSP networkable amplifier and comparator,,2026-06-25T00:00:00,,,False,False,True,False,False,1,"[{""id"":""487398b0f29c16d9995f48e3"",""date"":""2026/01/01"",""user"":""emily"",""description"":""Mute light not working CH3"",""type"":""Fault"",""cost"":"""",""changes"":[{""kind"":""degraded"",""action"":""marked""}],""source"":{}}]",AX,Store,
LINUS14D#08,Coda,Linus 14D,17030863,4x 3500W channel DSP networkable amplifier and comparator,,2026-06-25T00:00:00,,,False,False,True,False,False,1,"[{""id"":""cd6aaae426cee91eae869194"",""date"":""2026/01/01"",""user"":""emily"",""description"":""Mute light not working CH1,2,3"",""type"":""Fault"",""cost"":"""",""changes"":[{""kind"":""degraded"",""action"":""marked""}],""source"":{}}]",AX,Store,
LINUS14D#09,Coda,Linus 14D,17030854,4x 3500W channel DSP networkable amplifier and comparator,,2026-06-25T00:00:00,,,False,False,True,False,False,1,"[{""id"":""4de7dca7e291b0c178b8c2cb"",""date"":""2026/01/01"",""user"":""emily"",""description"":""Mute light not working CH3"",""type"":""Fault"",""cost"":"""",""changes"":[{""kind"":""degraded"",""action"":""marked""}],""source"":{}}]",AX,Store,
LINUS14D#10,Coda,Linus 14D,17030874,4x 3500W channel DSP networkable amplifier and comparator,,2026-06-25T00:00:00,,,False,True,False,False,False,1,"[{""id"":""0ec83532e1a3657b0c024c2f"",""date"":""2026/01/01"",""user"":""emily"",""description"":""Signal Light Buang Channel 1 + Amp Ch1&2 Buang"",""type"":""Fault"",""cost"":"""",""changes"":[{""kind"":""ooc"",""action"":""marked""}],""source"":{}}]",AX,Store,
LINUS14D#11,Coda,Linus 14D,17030872,4x 3500W channel DSP networkable amplifier and comparator,,2026-06-25T00:00:00,,,False,True,False,False,False,1,"[{""id"":""fe1adc50032430b4aa4af2d4"",""date"":""2026/01/01"",""user"":""emily"",""description"":""Amp CH3,4 Buang + Screen Buang"",""type"":""Fault"",""cost"":"""",""changes"":[{""kind"":""ooc"",""action"":""marked""}],""source"":{}}]",AX,Store,
LINUS14D#12,Coda,Linus 14D,17030881,4x 3500W channel DSP networkable amplifier and comparator,,2026-06-25T00:00:00,,,False,False,True,False,False,1,"[{""id"":""d50bf522c0ec955ee1b2358d"",""date"":""2026/01/01"",""user"":""emily"",""description"":""Sensor Buang Channel 3"",""type"":""Fault"",""cost"":"""",""changes"":[{""kind"":""degraded"",""action"":""marked""}],""source"":{}}]",AX,Store,
LINUS14D#13,Coda,Linus 14D,17030873,4x 3500W channel DSP networkable amplifier and comparator,,2026-06-25T00:00:00,,,False,False,False,False,False,1,,AX,Store,
LINUS14D#14,Coda,Linus 14D,17030877,4x 3500W channel DSP networkable amplifier and comparator,,2026-06-25T00:00:00,,,False,False,False,False,False,1,,AX,Store,
LINUS14D#15,Coda,Linus 14D,17030862,4x 3500W channel DSP networkable amplifier and comparator,,2026-06-25T00:00:00,,,False,False,False,False,False,1,,AX,Store,
LINUS14D#16,Coda,Linus 14D,17030875,4x 3500W channel DSP networkable amplifier and comparator,,2026-06-25T00:00:00,,,False,False,True,False,False,1,"[{""id"":""c12965e0520252e69018f320"",""date"":""2026/01/01"",""user"":""emily"",""description"":""Mute Light Buang CH 2"",""type"":""Fault"",""cost"":"""",""changes"":[{""kind"":""degraded"",""action"":""marked""}],""source"":{}}]",AX,Store,
LINUS14D#17,Coda,Linus 14D,17030890,4x 3500W channel DSP networkable amplifier and comparator,,2026-06-25T00:00:00,,,False,False,False,False,False,1,,AX,Store,
LINUS14D#18,Coda,Linus 14D,17030876,4x 3500W channel DSP networkable amplifier and comparator,,2026-06-25T00:00:00,,,False,True,False,False,False,1,,AX,Store,
LINUS14D#19,Coda,Linus 14D,19031569,4x 3500W channel DSP networkable amplifier and comparator,,2026-06-25T00:00:00,,,False,False,False,False,False,1,,AX,Store,
LINUS14D#20,Coda,Linus 14D,19030284,4x 3500W channel DSP networkable amplifier and comparator,,2026-06-25T00:00:00,,,False,False,False,False,False,1,,AX,Store,
LINUS14D#21,Coda,Linus 14D,17030864,4x 3500W channel DSP networkable amplifier and comparator,,2026-06-25T00:00:00,,,False,False,True,False,False,1,"[{""id"":""4e3339b894dd1dc1b568fcee"",""date"":""2026/01/01"",""user"":""emily"",""description"":""Mute Light Buang CH 2,3"",""type"":""Fault"",""cost"":"""",""changes"":[{""kind"":""degraded"",""action"":""marked""}],""source"":{}}]",AX,Store,
LINUS14D#22,Coda,Linus 14D,17030879,4x 3500W channel DSP networkable amplifier and comparator,,2026-06-25T00:00:00,,,False,False,False,False,False,1,,AX,Store,
LINUS14D#23,Coda,Linus 14D,17030860,4x 3500W channel DSP networkable amplifier and comparator,,2026-06-25T00:00:00,,,False,False,True,False,False,1,"[{""id"":""910717ae0821131327d3a520"",""date"":""2026/01/01"",""user"":""emily"",""description"":""Mute light not working CH3"",""type"":""Fault"",""cost"":"""",""changes"":[{""kind"":""degraded"",""action"":""marked""}],""source"":{}}]",AX,Store,
LINUS14D#24,Coda,Linus 14D,17030866,4x 3500W channel DSP networkable amplifier and comparator,,2026-06-25T00:00:00,,,False,False,False,False,False,1,,AX,Store,
LINUS14D#25,Coda,Linus 14D,19031738,4x 3500W channel DSP networkable amplifier and comparator,,2026-06-25T00:00:00,,,False,False,False,False,False,1,,AX,Store,
LINUS14D#26,Coda,Linus 14D,19031575,4x 3500W channel DSP networkable amplifier and comparator,,2026-06-25T00:00:00,,,False,False,False,False,False,1,,AX,Store,
LINUS14D#27,Coda,Linus 14D,19031844,4x 3500W channel DSP networkable amplifier and comparator,,2026-06-25T00:00:00,,,False,False,False,False,False,1,,AX,Store,
LINUS14D#28,Coda,Linus 14D,19031717,4x 3500W channel DSP networkable amplifier and comparator,,2026-06-25T00:00:00,,,False,False,False,False,False,1,,AX,Store,
LINUS14D#29,Coda,Linus 14D,19031739,4x 3500W channel DSP networkable amplifier and comparator,,2026-06-25T00:00:00,,,False,False,False,False,False,1,,AX,Store,
LINUS14D#30,Coda,Linus 14D,19031578,4x 3500W channel DSP networkable amplifier and comparator,,2026-06-25T00:00:00,,,False,False,False,False,False,1,,AX,Store,
LINUS14D#31,Coda,Linus 14D,19031571,4x 3500W channel DSP networkable amplifier and comparator,,2026-06-25T00:00:00,,,False,False,False,False,False,1,,AX,Store,
LINUS14D#32,Coda,Linus 14D,19031745,4x 3500W channel DSP networkable amplifier and comparator,,2026-06-25T00:00:00,,,False,False,False,False,False,1,,AX,Store,
LINUS14D#33,Coda,Linus 14D,19031570,4x 3500W channel DSP networkable amplifier and comparator,,2026-06-25T00:00:00,,,False,False,False,False,False,1,,AX,Store,
LINUS14D#34,Coda,Linus 14D,19031586,4x 3500W channel DSP networkable amplifier and comparator,,2026-06-25T00:00:00,,,False,False,False,False,False,1,,AX,Store,
LINUS14D#35,Coda,Linus 14D,19031582,4x 3500W channel DSP networkable amplifier and comparator,,2026-06-25T00:00:00,,,False,True,False,False,False,1,"[{""id"":""535232551534932fcc4143c4"",""date"":""2026/01/01"",""user"":""emily"",""description"":""Amp Error-1"",""type"":""Fault"",""cost"":"""",""changes"":[{""kind"":""ooc"",""action"":""marked""}],""source"":{}}]",AX,Store,
LINUS14D#36,Coda,Linus 14D,19031580,4x 3500W channel DSP networkable amplifier and comparator,,2026-06-25T00:00:00,,,False,False,False,False,False,1,,AX,Store,
LINUS12C#01,Coda,Linus 12C,20191000,4x 3000W channel DSP networkable amplifier,,2026-06-25T00:00:00,,,False,False,False,False,False,1,,AX,Store,
LINUS12C#02,Coda,Linus 12C,20191003,4x 3000W channel DSP networkable amplifier,,2026-06-25T00:00:00,,,False,False,False,False,False,1,,AX,Store,
LINUS12C#03,Coda,Linus 12C,20191265,4x 3000W channel DSP networkable amplifier,,2026-06-25T00:00:00,,,False,False,False,False,False,1,,AX,Store,
LINUS12C#04,Coda,Linus 12C,20191008,4x 3000W channel DSP networkable amplifier,,2026-06-25T00:00:00,,,False,False,False,False,False,1,,AX,Store,
LINUS12C#05,Coda,Linus 12C,20191001,4x 3000W channel DSP networkable amplifier,,2026-06-25T00:00:00,,,False,False,False,False,False,1,,AX,Store,
LINUS12C#06,Coda,Linus 12C,20191007,4x 3000W channel DSP networkable amplifier,,2026-06-25T00:00:00,,,False,False,False,False,False,1,,AX,Store,
LINUS12C#07,Coda,Linus 12C,20191261,4x 3000W channel DSP networkable amplifier,,2026-06-25T00:00:00,,,False,False,False,False,False,1,,AX,Store,
LINUS12C#08,Coda,Linus 12C,21091006,4x 3000W channel DSP networkable amplifier,,2026-06-25T00:00:00,,,False,False,False,False,False,1,,AX,Store,
LINUS12C#09,Coda,Linus 12C,21090989,4x 3000W channel DSP networkable amplifier,,2026-06-25T00:00:00,,,False,False,False,False,False,1,,AX,Store,
LINUS12C#10,Coda,Linus 12C,21090995,4x 3000W channel DSP networkable amplifier,,2026-06-25T00:00:00,,,False,False,False,False,False,1,,AX,Store,
LINUS12C#11,Coda,Linus 12C,21091002,4x 3000W channel DSP networkable amplifier,,2026-06-25T00:00:00,,,False,False,False,False,False,1,,AX,Store,
LINUS12C#12,Coda,Linus 12C,21090993,4x 3000W channel DSP networkable amplifier,,2026-06-25T00:00:00,,,False,False,False,False,False,1,,AX,Store,
LINUS12C#13,Coda,Linus 12C,21090999,4x 3000W channel DSP networkable amplifier,,2026-06-25T00:00:00,,,False,False,False,False,False,1,,AX,Store,
LINUS12C#14,Coda,Linus 12C,20191005,4x 3000W channel DSP networkable amplifier,,2026-06-25T00:00:00,,,False,True,False,False,False,1,"[{""id"":""b0214807d0afea3afcfad6ee"",""date"":""2026/01/01"",""user"":""emily"",""description"":""Amp Error 1"",""type"":""Fault"",""cost"":"""",""changes"":[{""kind"":""ooc"",""action"":""marked""}],""source"":{}}]",AX,Store,
LINUS12C#15,Coda,Linus 12C,21090997,4x 3000W channel DSP networkable amplifier,,2026-06-25T00:00:00,,,False,False,False,False,False,1,,AX,Store,
LINUS12C#16,Coda,Linus 12C,21090988,4x 3000W channel DSP networkable amplifier,,2026-06-25T00:00:00,,,False,False,False,False,False,1,,AX,Store,
LINUS12C#17,Coda,Linus 12C,21090992,4x 3000W channel DSP networkable amplifier,,2026-06-25T00:00:00,,,False,False,False,False,False,1,,AX,Store,
LINUS12C#18,Coda,Linus 12C,21090996,4x 3000W channel DSP networkable amplifier,,2026-06-25T00:00:00,,,False,False,False,False,False,1,,AX,Store,
LINUS12C#19,Coda,Linus 12C,21090998,4x 3000W channel DSP networkable amplifier,,2026-06-25T00:00:00,,,False,False,False,False,False,1,,AX,Store,
LINUS12C#20,Coda,Linus 12C,21090963,4x 3000W channel DSP networkable amplifier,,2026-06-25T00:00:00,,,False,False,False,False,False,1,,AX,Store,
LINETMASTER#01,Coda,LiNET Master,153052,Coda bridge,,2026-06-25T00:00:00,,,False,False,False,False,False,1,,AX,Store,
LINETMASTER#02,Coda,LiNET Master,153055,Coda bridge,,2026-06-25T00:00:00,,,False,False,False,False,False,1,,AX,Store,
LINETMASTER#03,Coda,LiNET Master,153015,Coda bridge,,2026-06-25T00:00:00,,,False,False,False,False,False,1,,AX,Store,
LINETMASTER#04,Coda,LiNET Master,153057,Coda bridge,,2026-06-25T00:00:00,,,False,False,False,False,False,1,,AX,Store,
LINETMASTER#05,Coda,LiNET Master,153050,Coda bridge,,2026-06-25T00:00:00,,,False,False,False,False,False,1,,AX,Store,
LINETMASTER#06,Coda,LiNET Master,153046,Coda bridge,,2026-06-25T00:00:00,,,False,False,False,False,False,1,,AX,Store,
LINETMASTER#07,Coda,LiNET Master,153109,Coda bridge,,2026-06-25T00:00:00,,,False,False,False,False,False,1,,AX,Store,
LINETSWITCH#01,Coda,LiNET Switch,154060,intelligent distribution amplifier,,2026-06-25T00:00:00,,,False,False,False,False,False,1,,AX,Store,
LINETSWITCH#02,Coda,LiNET Switch,154057,intelligent distribution amplifier,,2026-06-25T00:00:00,,,False,False,False,False,False,1,,AX,Store,
LINETSWITCH#03,Coda,LiNET Switch,154061,intelligent distribution amplifier,,2026-06-25T00:00:00,,,False,False,False,False,False,1,,AX,Store,
LINETSWITCH#04,Coda,LiNET Switch,154056,intelligent distribution amplifier,,2026-06-25T00:00:00,,,False,False,False,False,False,1,,AX,Store,
LINETSWITCH#05,Coda,LiNET Switch,154050,intelligent distribution amplifier,,2026-06-25T00:00:00,,,False,False,False,False,False,1,,AX,Store,
LINETSWITCH#06,Coda,LiNET Switch,154047,intelligent distribution amplifier,,2026-06-25T00:00:00,,,False,False,False,False,False,1,,AX,Store,
AIRAY90#01,Coda,AiRay 90,0045039,"compact dual 12”, 3-way line array",,2026-06-25T00:00:00,,,False,False,False,False,False,1,,AX,Store,
AIRAY90#02,Coda,AiRay 90,0045026,"compact dual 12”, 3-way line array",,2026-06-25T00:00:00,,,False,False,False,False,False,1,,AX,Store,
AIRAY90#03,Coda,AiRay 90,0043064,"compact dual 12”, 3-way line array",,2026-06-25T00:00:00,,,False,False,False,False,False,1,,AX,Store,
AIRAY90#04,Coda,AiRay 90,0044936,"compact dual 12”, 3-way line array",,2026-06-25T00:00:00,,,False,False,False,False,False,1,,AX,Store,
AIRAY90#05,Coda,AiRay 90,0043073,"compact dual 12”, 3-way line array",,2026-06-25T00:00:00,,,False,False,False,False,False,1,,AX,Store,
AIRAY90#06,Coda,AiRay 90,0043160,"compact dual 12”, 3-way line array",,2026-06-25T00:00:00,,,False,False,False,False,False,1,,AX,Store,
AIRAY90#07,Coda,AiRay 90,0045014,"compact dual 12”, 3-way line array",,2026-06-25T00:00:00,,,False,False,False,False,False,1,,AX,Store,
AIRAY90#08,Coda,AiRay 90,0044988,"compact dual 12”, 3-way line array",,2026-06-25T00:00:00,,,False,False,False,False,False,1,,AX,Store,
AIRAY90#09,Coda,AiRay 90,0043076,"compact dual 12”, 3-way line array",,2026-06-25T00:00:00,,,False,False,False,False,False,1,,AX,Store,
AIRAY90#10,Coda,AiRay 90,0045027,"compact dual 12”, 3-way line array",,2026-06-25T00:00:00,,,False,False,False,False,False,1,,AX,Store,
AIRAY90#11,Coda,AiRay 90,0042997,"compact dual 12”, 3-way line array",,2026-06-25T00:00:00,,,False,False,False,False,False,1,,AX,Store,
AIRAY90#12,Coda,AiRay 90,0044930,"compact dual 12”, 3-way line array",,2026-06-25T00:00:00,,,False,False,False,False,False,1,,AX,Store,
AIRAY90#13,Coda,AiRay 90,0045032,"compact dual 12”, 3-way line array",,2026-06-25T00:00:00,,,False,False,False,False,False,1,,AX,Store,
AIRAY90#14,Coda,AiRay 90,0045004,"compact dual 12”, 3-way line array",,2026-06-25T00:00:00,,,False,False,False,False,False,1,,AX,Store,
AIRAY90#15,Coda,AiRay 90,0043083,"compact dual 12”, 3-way line array",,2026-06-25T00:00:00,,,False,False,False,False,False,1,,AX,Store,
AIRAY90#16,Coda,AiRay 90,0043162,"compact dual 12”, 3-way line array",,2026-06-25T00:00:00,,,False,False,False,False,False,1,,AX,Store,
AIRAY90#17,Coda,AiRay 90,0045043,"compact dual 12”, 3-way line array",,2026-06-25T00:00:00,,,False,False,False,False,False,1,,AX,Store,
AIRAY90#18,Coda,AiRay 90,0045041,"compact dual 12”, 3-way line array",,2026-06-25T00:00:00,,,False,False,False,False,False,1,,AX,Store,
AIRAY90#19,Coda,AiRay 90,0045024,"compact dual 12”, 3-way line array",,2026-06-25T00:00:00,,,False,False,False,False,False,1,,AX,Store,
AIRAY90#20,Coda,AiRay 90,0043001,"compact dual 12”, 3-way line array",,2026-06-25T00:00:00,,,False,False,False,False,False,1,,AX,Store,
AIRAY90#21,Coda,AiRay 90,0043165,"compact dual 12”, 3-way line array",,2026-06-25T00:00:00,,,False,False,False,False,False,1,,AX,Store,
AIRAY90#22,Coda,AiRay 90,0043084,"compact dual 12”, 3-way line array",,2026-06-25T00:00:00,,,False,False,False,False,False,1,,AX,Store,
AIRAY90#23,Coda,AiRay 90,0044829,"compact dual 12”, 3-way line array",,2026-06-25T00:00:00,,,False,False,False,False,False,1,,AX,Store,
AIRAY90#24,Coda,AiRay 90,0043088,"compact dual 12”, 3-way line array",,2026-06-25T00:00:00,,,False,False,False,False,False,1,,AX,Store,
AIRAY90#25,Coda,AiRay 90,0043065,"compact dual 12”, 3-way line array",,2026-06-25T00:00:00,,,False,False,False,False,False,1,,AX,Store,
AIRAY90#26,Coda,AiRay 90,0043085,"compact dual 12”, 3-way line array",,2026-06-25T00:00:00,,,False,False,False,False,False,1,,AX,Store,
AIRAY90#27,Coda,AiRay 90,0042998,"compact dual 12”, 3-way line array",,2026-06-25T00:00:00,,,False,False,False,False,False,1,,AX,Store,
AIRAY90#28,Coda,AiRay 90,0045054,"compact dual 12”, 3-way line array",,2026-06-25T00:00:00,,,False,False,False,False,False,1,,AX,Store,
AIRAY90#29,Coda,AiRay 90,0045020,"compact dual 12”, 3-way line array",,2026-06-25T00:00:00,,,False,False,False,False,False,1,,AX,Store,
AIRAY90#30,Coda,AiRay 90,0043036,"compact dual 12”, 3-way line array",,2026-06-25T00:00:00,,,False,False,False,False,False,1,,AX,Store,
AIRAY90#31,Coda,AiRay 90,0043087,"compact dual 12”, 3-way line array",,2026-06-25T00:00:00,,,False,False,False,False,False,1,,AX,Store,
AIRAY90#32,Coda,AiRay 90,0045031,"compact dual 12”, 3-way line array",,2026-06-25T00:00:00,,,False,False,False,False,False,1,,AX,Store,
AIRAY90#33,Coda,AiRay 90,0045053,"compact dual 12”, 3-way line array",,2026-06-25T00:00:00,,,False,False,False,False,False,1,,AX,Store,
AIRAY90#34,Coda,AiRay 90,0044929,"compact dual 12”, 3-way line array",,2026-06-25T00:00:00,,,False,False,False,False,False,1,,AX,Store,
AIRAY90#35,Coda,AiRay 90,0045023,"compact dual 12”, 3-way line array",,2026-06-25T00:00:00,,,False,False,False,False,False,1,,AX,Store,
AIRAY90#36,Coda,AiRay 90,0044986,"compact dual 12”, 3-way line array",,2026-06-25T00:00:00,,,False,False,False,False,False,1,,AX,Store,
AIRAY90#37,Coda,AiRay 90,0043161,"compact dual 12”, 3-way line array",,2026-06-25T00:00:00,,,False,False,False,False,False,1,,AX,Store,
AIRAY90#38,Coda,AiRay 90,0043075,"compact dual 12”, 3-way line array",,2026-06-25T00:00:00,,,False,False,False,False,False,1,,AX,Store,
AIRAY90#39,Coda,AiRay 90,0044984,"compact dual 12”, 3-way line array",,2026-06-25T00:00:00,,,False,False,False,False,False,1,,AX,Store,
AIRAY90#40,Coda,AiRay 90,0045033,"compact dual 12”, 3-way line array",,2026-06-25T00:00:00,,,False,False,False,False,False,1,,AX,Store,
AIRAY90#41,Coda,AiRay 90,0042996,"compact dual 12”, 3-way line array",,2026-06-25T00:00:00,,,False,False,False,False,False,1,,AX,Store,
AIRAY90#42,Coda,AiRay 90,0044931,"compact dual 12”, 3-way line array",,2026-06-25T00:00:00,,,False,False,False,False,False,1,,AX,Store,
AIRAY90#43,Coda,AiRay 90,0045050,"compact dual 12”, 3-way line array",,2026-06-25T00:00:00,,,False,False,False,False,False,1,,AX,Store,
AIRAY90#44,Coda,AiRay 90,0044989,"compact dual 12”, 3-way line array",,2026-06-25T00:00:00,,,False,False,False,False,False,1,,AX,Store,
AIRAY90#45,Coda,AiRay 90,0043086,"compact dual 12”, 3-way line array",,2026-06-25T00:00:00,,,False,False,False,False,False,1,,AX,Store,
AIRAY90#46,Coda,AiRay 90,0045049,"compact dual 12”, 3-way line array",,2026-06-25T00:00:00,,,False,False,False,False,False,1,,AX,Store,
AIRAY90#47,Coda,AiRay 90,0045011,"compact dual 12”, 3-way line array",,2026-06-25T00:00:00,,,False,False,False,False,False,1,,AX,Store,
AIRAY90#48,Coda,AiRay 90,0043042,"compact dual 12”, 3-way line array",,2026-06-25T00:00:00,,,False,False,False,False,False,1,,AX,Store,
AIRAY90#49,Coda,AiRay 90,0045018,"compact dual 12”, 3-way line array",,2026-06-25T00:00:00,,,False,False,False,False,False,1,,AX,Store,
AIRAY90#50,Coda,AiRay 90,0044990,"compact dual 12”, 3-way line array",,2026-06-25T00:00:00,,,False,False,False,False,False,1,,AX,Store,
AIRAY90#51,Coda,AiRay 90,0045042,"compact dual 12”, 3-way line array",,2026-06-25T00:00:00,,,False,False,False,False,False,1,,AX,Store,
AIRAY90#52,Coda,AiRay 90,0043068,"compact dual 12”, 3-way line array",,2026-06-25T00:00:00,,,False,False,False,False,False,1,,AX,Store,
AIRAY90#53,Coda,AiRay 90,0045034,"compact dual 12”, 3-way line array",,2026-06-25T00:00:00,,,False,False,False,False,False,1,,AX,Store,
AIRAY90#54,Coda,AiRay 90,0043066,"compact dual 12”, 3-way line array",,2026-06-25T00:00:00,,,False,False,False,False,False,1,,AX,Store,
AIRAY90#55,Coda,AiRay 90,0045048,"compact dual 12”, 3-way line array",,2026-06-25T00:00:00,,,False,False,False,False,False,1,,AX,Store,
AIRAY90#56,Coda,AiRay 90,0043166,"compact dual 12”, 3-way line array",,2026-06-25T00:00:00,,,False,False,False,False,False,1,,AX,Store,
AIRAY90#57,Coda,AiRay 90,0044998,"compact dual 12”, 3-way line array",,2026-06-25T00:00:00,,,False,False,False,False,False,1,,AX,Store,
AIRAY90#58,Coda,AiRay 90,0045051,"compact dual 12”, 3-way line array",,2026-06-25T00:00:00,,,False,False,False,False,False,1,,AX,Store,
AIRAY90#59,Coda,AiRay 90,0043080,"compact dual 12”, 3-way line array",,2026-06-25T00:00:00,,,False,False,False,False,False,1,,AX,Store,
AIRAY90#60,Coda,AiRay 90,0044992,"compact dual 12”, 3-way line array",,2026-06-25T00:00:00,,,False,False,False,False,False,1,,AX,Store,
AIRAY90#61,Coda,AiRay 90,0044994,"compact dual 12”, 3-way line array",,2026-06-25T00:00:00,,,False,False,False,False,False,1,,AX,Store,
AIRAY90#62,Coda,AiRay 90,0042992,"compact dual 12”, 3-way line array",,2026-06-25T00:00:00,,,False,False,False,False,False,1,,AX,Store,
AIRAY90#63,Coda,AiRay 90,0043031,"compact dual 12”, 3-way line array",,2026-06-25T00:00:00,,,False,False,False,False,False,1,"[{""id"":""8279d12bf993c043a396f826"",""date"":""2026/01/01"",""user"":""emily"",""description"":""GREEN"",""type"":""General"",""cost"":"""",""changes"":[],""source"":{}}]",AX,Store,
AIRAY90#64,Coda,AiRay 90,0045040,"compact dual 12”, 3-way line array",,2026-06-25T00:00:00,,,False,False,False,False,False,1,"[{""id"":""752a92d996c76e2462b1204d"",""date"":""2026/01/01"",""user"":""emily"",""description"":""GREEN"",""type"":""General"",""cost"":"""",""changes"":[],""source"":{}}]",AX,Store,
AIRAY90#65,Coda,AiRay 90,0043082,"compact dual 12”, 3-way line array",,2026-06-25T00:00:00,,,False,False,False,False,False,1,"[{""id"":""61ee379839a56fdc4731210e"",""date"":""2026/01/01"",""user"":""emily"",""description"":""GREEN"",""type"":""General"",""cost"":"""",""changes"":[],""source"":{}}]",AX,Store,
AIRAY90#66,Coda,AiRay 90,0043039,"compact dual 12”, 3-way line array",,2026-06-25T00:00:00,,,False,False,False,False,False,1,"[{""id"":""20658085281b58274b39ee09"",""date"":""2026/01/01"",""user"":""emily"",""description"":""YELLOW"",""type"":""General"",""cost"":"""",""changes"":[],""source"":{}}]",AX,Store,
AIRAY90#67,Coda,AiRay 90,0043169,"compact dual 12”, 3-way line array",,2026-06-25T00:00:00,,,False,False,False,False,False,1,"[{""id"":""3e87936ffba930f331e29155"",""date"":""2026/01/01"",""user"":""emily"",""description"":""YELLOW"",""type"":""General"",""cost"":"""",""changes"":[],""source"":{}}]",AX,Store,
AIRAY90#68,Coda,AiRay 90,0042999,"compact dual 12”, 3-way line array",,2026-06-25T00:00:00,,,False,False,False,False,False,1,"[{""id"":""9753a10d2e19e033701613a7"",""date"":""2026/01/01"",""user"":""emily"",""description"":""YELLOW"",""type"":""General"",""cost"":"""",""changes"":[],""source"":{}}]",AX,Store,
AIRAY90#69,Coda,AiRay 90,0044826,"compact dual 12”, 3-way line array",,2026-06-25T00:00:00,,,False,False,False,False,False,1,"[{""id"":""744d6339a77c8d91d2f48556"",""date"":""2026/01/01"",""user"":""emily"",""description"":""YELLOW"",""type"":""General"",""cost"":"""",""changes"":[],""source"":{}}]",AX,Store,
AIRAY90#70,Coda,AiRay 90,0044985,"compact dual 12”, 3-way line array",,2026-06-25T00:00:00,,,False,False,False,False,False,1,"[{""id"":""74e8d10fe8d1a40c8cec493c"",""date"":""2026/01/01"",""user"":""emily"",""description"":""YELLOW"",""type"":""General"",""cost"":"""",""changes"":[],""source"":{}}]",AX,Store,
AIRAY90#71,Coda,AiRay 90,0045009,"compact dual 12”, 3-way line array",,2026-06-25T00:00:00,,,False,False,True,False,False,1,"[{""id"":""c38017f26fea441b92410856"",""date"":""2026/01/01"",""user"":""emily"",""description"":""front left pin comes out too much"",""type"":""Fault"",""cost"":"""",""changes"":[{""kind"":""degraded"",""action"":""marked""}],""source"":{}},{""id"":""b215736e78f37012588d8853"",""date"":""2026/01/01"",""user"":""emily"",""description"":""YELLOW"",""type"":""General"",""cost"":"""",""changes"":[],""source"":{}}]",AX,Store,
AIRAY90#72,Coda,AiRay 90,0045002,"compact dual 12”, 3-way line array",,2026-06-25T00:00:00,,,False,False,True,False,False,1,"[{""id"":""450cc1445ae3c93eac5146a1"",""date"":""2026/01/01"",""user"":""emily"",""description"":""Front right pin totally detached"",""type"":""Fault"",""cost"":"""",""changes"":[{""kind"":""degraded"",""action"":""marked""}],""source"":{}},{""id"":""8debf411bb85e5d1d89173da"",""date"":""2026/01/01"",""user"":""emily"",""description"":""YELLOW"",""type"":""General"",""cost"":"""",""changes"":[],""source"":{}}]",AX,Store,
AIRAY90#73,Coda,AiRay 90,0043029,"compact dual 12”, 3-way line array",,2026-06-25T00:00:00,,,False,False,False,False,False,1,,AX,Store,
AIRAY90#74,Coda,AiRay 90,0043167,"compact dual 12”, 3-way line array",,2026-06-25T00:00:00,,,False,False,True,False,False,1,"[{""id"":""b33282cd13a9734d7498d60e"",""date"":""2026/01/01"",""user"":""emily"",""description"":""front left pin comes out too much"",""type"":""Fault"",""cost"":"""",""changes"":[{""kind"":""degraded"",""action"":""marked""}],""source"":{}}]",AX,Store,
AIRAY90#75,Coda,AiRay 90,0044827,"compact dual 12”, 3-way line array",,2026-06-25T00:00:00,,,False,False,True,False,False,1,"[{""id"":""d71b3b70208bce6e04cb3c28"",""date"":""2026/01/01"",""user"":""emily"",""description"":""Front left pin totally detached"",""type"":""Fault"",""cost"":"""",""changes"":[{""kind"":""degraded"",""action"":""marked""}],""source"":{}}]",AX,Store,
AIRAY90#76,Coda,AiRay 90,0043040,"compact dual 12”, 3-way line array",,2026-06-25T00:00:00,,,False,False,True,False,False,1,"[{""id"":""76c033eef1213a0aa7a274e8"",""date"":""2026/01/01"",""user"":""emily"",""description"":""Front right pin comes out too much"",""type"":""Fault"",""cost"":"""",""changes"":[{""kind"":""degraded"",""action"":""marked""}],""source"":{}}]",AX,Store,
AIRAY90#77,Coda,AiRay 90,0045052,"compact dual 12”, 3-way line array",,2026-06-25T00:00:00,,,False,False,True,False,False,1,"[{""id"":""b27f221394d3651c3067fb94"",""date"":""2026/01/01"",""user"":""emily"",""description"":""front left pin comes out too much"",""type"":""Fault"",""cost"":"""",""changes"":[{""kind"":""degraded"",""action"":""marked""}],""source"":{}}]",AX,Store,
AIRAY90#78,Coda,AiRay 90,0045029,"compact dual 12”, 3-way line array",,2026-06-25T00:00:00,,,False,False,True,False,False,1,"[{""id"":""1e47d837b9b81c4e5f16a74a"",""date"":""2026/01/01"",""user"":""emily"",""description"":""Front right pin comes out too much"",""type"":""Fault"",""cost"":"""",""changes"":[{""kind"":""degraded"",""action"":""marked""}],""source"":{}}]",AX,Store,
AIRAY90#79,Coda,AiRay 90,0043077,"compact dual 12”, 3-way line array",,2026-06-25T00:00:00,,,False,False,True,False,False,1,"[{""id"":""de60bd4cb0bc215be34db247"",""date"":""2026/01/01"",""user"":""emily"",""description"":""Front right pin comes out too much"",""type"":""Fault"",""cost"":"""",""changes"":[{""kind"":""degraded"",""action"":""marked""}],""source"":{}}]",AX,Store,
AIRAY90#80,Coda,AiRay 90,0043089,"compact dual 12”, 3-way line array",,2026-06-25T00:00:00,,,False,False,True,False,False,1,"[{""id"":""6e3ad6f5a4b00d7dee6d0771"",""date"":""2026/01/01"",""user"":""emily"",""description"":""NL4 Loop Out Buang"",""type"":""Fault"",""cost"":"""",""changes"":[{""kind"":""degraded"",""action"":""marked""}],""source"":{}}]",AX,Store,
AIRAY90#81,Coda,AiRay 90,0043034,"compact dual 12”, 3-way line array",,2026-06-25T00:00:00,,,False,False,False,True,False,1,"[{""id"":""705722b7eda29cae4f0dffe2"",""date"":""2025/01/21"",""user"":""emily"",""description"":""SOLD"",""type"":""General"",""cost"":"""",""changes"":[{""kind"":""decommissioned"",""action"":""marked""}],""source"":{}}]",AX,Store,
AIRAY90#82,Coda,AiRay 90,0044926,"compact dual 12”, 3-way line array",,2026-06-25T00:00:00,,,False,False,False,True,False,1,"[{""id"":""63ee45f5b3fdd8c656cefe59"",""date"":""2025/01/21"",""user"":""emily"",""description"":""SOLD"",""type"":""General"",""cost"":"""",""changes"":[{""kind"":""decommissioned"",""action"":""marked""}],""source"":{}}]",AX,Store,
AIRAY90#83,Coda,AiRay 90,0045030,"compact dual 12”, 3-way line array",,2026-06-25T00:00:00,,,False,False,False,True,False,1,"[{""id"":""142af2f67043dbe1578bc840"",""date"":""2025/01/21"",""user"":""emily"",""description"":""SOLD"",""type"":""General"",""cost"":"""",""changes"":[{""kind"":""decommissioned"",""action"":""marked""}],""source"":{}}]",AX,Store,
AIRAY90#84,Coda,AiRay 90,0045017,"compact dual 12”, 3-way line array",,2026-06-25T00:00:00,,,False,False,False,True,False,1,"[{""id"":""de4c93e5c8376570c1df2a33"",""date"":""2025/01/21"",""user"":""emily"",""description"":""SOLD"",""type"":""General"",""cost"":"""",""changes"":[{""kind"":""decommissioned"",""action"":""marked""}],""source"":{}}]",AX,Store,
AIRAY90#85,Coda,AiRay 90,0045044,"compact dual 12”, 3-way line array",,2026-06-25T00:00:00,,,False,False,False,True,False,1,"[{""id"":""e25700ecaf147434734978cf"",""date"":""2025/01/21"",""user"":""emily"",""description"":""SOLD"",""type"":""General"",""cost"":"""",""changes"":[{""kind"":""decommissioned"",""action"":""marked""}],""source"":{}}]",AX,Store,
AIRAY90#86,Coda,AiRay 90,0044983,"compact dual 12”, 3-way line array",,2026-06-25T00:00:00,,,False,False,False,True,False,1,"[{""id"":""317e044b174a0dfd1aeb5638"",""date"":""2025/01/21"",""user"":""emily"",""description"":""SOLD"",""type"":""General"",""cost"":"""",""changes"":[{""kind"":""decommissioned"",""action"":""marked""}],""source"":{}}]",AX,Store,
AIRAY90#87,Coda,AiRay 90,0045060,"compact dual 12”, 3-way line array",,2026-06-25T00:00:00,,,False,False,False,True,False,1,"[{""id"":""dbd550b676eb9b8f03e94da0"",""date"":""2025/01/21"",""user"":""emily"",""description"":""SOLD"",""type"":""General"",""cost"":"""",""changes"":[{""kind"":""decommissioned"",""action"":""marked""}],""source"":{}}]",AX,Store,
AIRAY90#88,Coda,AiRay 90,0044828,"compact dual 12”, 3-way line array",,2026-06-25T00:00:00,,,False,False,False,True,False,1,"[{""id"":""63ec9f8a1f6c0d2b6f9386e5"",""date"":""2025/01/21"",""user"":""emily"",""description"":""SOLD"",""type"":""General"",""cost"":"""",""changes"":[{""kind"":""decommissioned"",""action"":""marked""}],""source"":{}}]",AX,Store,
AIRAY90#89,Coda,AiRay 90,0045028,"compact dual 12”, 3-way line array",,2026-06-25T00:00:00,,,False,False,False,True,False,1,"[{""id"":""ce0a81af86302f4f1cbb21ce"",""date"":""2025/01/21"",""user"":""emily"",""description"":""SOLD"",""type"":""General"",""cost"":"""",""changes"":[{""kind"":""decommissioned"",""action"":""marked""}],""source"":{}}]",AX,Store,
AIRAY90#90,Coda,AiRay 90,0044996,"compact dual 12”, 3-way line array",,2026-06-25T00:00:00,,,False,False,False,True,False,1,"[{""id"":""14608d5d2da1f384214d1ba0"",""date"":""2025/01/21"",""user"":""emily"",""description"":""SOLD"",""type"":""General"",""cost"":"""",""changes"":[{""kind"":""decommissioned"",""action"":""marked""}],""source"":{}}]",AX,Store,
AIRAY90#91,Coda,AiRay 90,0044997,"compact dual 12”, 3-way line array",,2026-06-25T00:00:00,,,False,False,False,True,False,1,"[{""id"":""b2e899de5ab88c7d84714014"",""date"":""2025/01/21"",""user"":""emily"",""description"":""SOLD"",""type"":""General"",""cost"":"""",""changes"":[{""kind"":""decommissioned"",""action"":""marked""}],""source"":{}}]",AX,Store,
AIRAY90#92,Coda,AiRay 90,0043078,"compact dual 12”, 3-way line array",,2026-06-25T00:00:00,,,False,False,False,True,False,1,"[{""id"":""a6f3ab6589b1d250d264fa3f"",""date"":""2025/01/21"",""user"":""emily"",""description"":""SOLD"",""type"":""General"",""cost"":"""",""changes"":[{""kind"":""decommissioned"",""action"":""marked""}],""source"":{}}]",AX,Store,
AIRAY120#01,Coda,Airay 120,0045022,"compact dual 12”, 3-way line array",,2026-06-25T00:00:00,,,False,False,False,False,False,1,,AX,Store,
AIRAY120#02,Coda,Airay 120,0043030,"compact dual 12”, 3-way line array",,2026-06-25T00:00:00,,,False,False,False,False,False,1,,AX,Store,
AIRAY120#03,Coda,Airay 120,0042993,"compact dual 12”, 3-way line array",,2026-06-25T00:00:00,,,False,False,False,False,False,1,,AX,Store,
AIRAY120#04,Coda,Airay 120,0045045,"compact dual 12”, 3-way line array",,2026-06-25T00:00:00,,,False,False,False,False,False,1,,AX,Store,
AIRAY120#05,Coda,Airay 120,0045046,"compact dual 12”, 3-way line array",,2026-06-25T00:00:00,,,False,False,False,False,False,1,,AX,Store,
AIRAY120#06,Coda,Airay 120,0042987,"compact dual 12”, 3-way line array",,2026-06-25T00:00:00,,,False,False,False,False,False,1,,AX,Store,
AIRAY120#07,Coda,Airay 120,0044991,"compact dual 12”, 3-way line array",,2026-06-25T00:00:00,,,False,False,False,False,False,1,,AX,Store,
AIRAY120#08,Coda,Airay 120,0044928,"compact dual 12”, 3-way line array",,2026-06-25T00:00:00,,,False,False,False,False,False,1,,AX,Store,
AIRAY120#09,Coda,Airay 120,0043081,"compact dual 12”, 3-way line array",,2026-06-25T00:00:00,,,False,False,False,False,False,1,,AX,Store,
AIRAY120#10,Coda,Airay 120,0045010,"compact dual 12”, 3-way line array",,2026-06-25T00:00:00,,,False,False,False,False,False,1,,AX,Store,
AIRAY120#11,Coda,Airay 120,0045025,"compact dual 12”, 3-way line array",,2026-06-25T00:00:00,,,False,False,False,False,False,1,,AX,Store,
AIRAY120#12,Coda,Airay 120,0045055,"compact dual 12”, 3-way line array",,2026-06-25T00:00:00,,,False,False,False,False,False,1,,AX,Store,
AIRAY120#13,Coda,Airay 120,0043046,"compact dual 12”, 3-way line array",,2026-06-25T00:00:00,,,False,False,False,False,False,1,,AX,Store,
AIRAY120#14,Coda,Airay 120,0043091,"compact dual 12”, 3-way line array",,2026-06-25T00:00:00,,,False,False,False,False,False,1,,AX,Store,
AIRAY120#15,Coda,Airay 120,0045012,"compact dual 12”, 3-way line array",,2026-06-25T00:00:00,,,False,False,False,False,False,1,,AX,Store,
AIRAY120#16,Coda,Airay 120,0045057,"compact dual 12”, 3-way line array",,2026-06-25T00:00:00,,,False,False,False,False,False,1,,AX,Store,
AIRAY120#17,Coda,Airay 120,0043071,"compact dual 12”, 3-way line array",,2026-06-25T00:00:00,,,False,False,False,False,False,1,,AX,Store,
AIRAY120#18,Coda,Airay 120,0044987,"compact dual 12”, 3-way line array",,2026-06-25T00:00:00,,,False,False,False,False,False,1,,AX,Store,
AIRAY120#19,Coda,Airay 120,0043035,"compact dual 12”, 3-way line array",,2026-06-25T00:00:00,,,False,False,False,False,False,1,,AX,Store,
AIRAY120#20,Coda,Airay 120,0045061,"compact dual 12”, 3-way line array",,2026-06-25T00:00:00,,,False,False,False,False,False,1,,AX,Store,
AIRAY120#21,Coda,Airay 120,0045013,"compact dual 12”, 3-way line array",,2026-06-25T00:00:00,,,False,False,False,False,False,1,,AX,Store,
AIRAY120#22,Coda,Airay 120,0043067,"compact dual 12”, 3-way line array",,2026-06-25T00:00:00,,,False,False,False,False,False,1,,AX,Store,
AIRAY120#23,Coda,Airay 120,0045008,"compact dual 12”, 3-way line array",,2026-06-25T00:00:00,,,False,False,False,False,False,1,,AX,Store,
AIRAY120#24,Coda,Airay 120,0045003,"compact dual 12”, 3-way line array",,2026-06-25T00:00:00,,,False,False,False,False,False,1,,AX,Store,
AIRAY120#25,Coda,Airay 120,0044993,"compact dual 12”, 3-way line array",,2026-06-25T00:00:00,,,False,False,False,False,False,1,,AX,Store,
AIRAY120#26,Coda,Airay 120,0044982,"compact dual 12”, 3-way line array",,2026-06-25T00:00:00,,,False,False,False,False,False,1,,AX,Store,
AIRAY120#27,Coda,Airay 120,0043070,"compact dual 12”, 3-way line array",,2026-06-25T00:00:00,,,False,False,False,False,False,1,,AX,Store,
AIRAY120#28,Coda,Airay 120,0045005,"compact dual 12”, 3-way line array",,2026-06-25T00:00:00,,,False,False,False,False,False,1,,AX,Store,
CIRAY90#01,Coda,Ciray 90,0072350,"compact dual 10”, 3-way high output line array system",,2026-06-25T00:00:00,,,False,False,False,False,False,1,,AX,Store,
CIRAY90#02,Coda,Ciray 90,0072631,"compact dual 10”, 3-way high output line array system",,2026-06-25T00:00:00,,,False,False,False,False,False,1,,AX,Store,
CIRAY90#03,Coda,Ciray 90,0072940,"compact dual 10”, 3-way high output line array system",,2026-06-25T00:00:00,,,False,False,False,False,False,1,,AX,Store,
CIRAY90#04,Coda,Ciray 90,0072338,"compact dual 10”, 3-way high output line array system",,2026-06-25T00:00:00,,,False,False,False,False,False,1,,AX,Store,
CIRAY90#05,Coda,Ciray 90,0072707,"compact dual 10”, 3-way high output line array system",,2026-06-25T00:00:00,,,False,False,False,False,False,1,,AX,Store,
CIRAY90#06,Coda,Ciray 90,0072706,"compact dual 10”, 3-way high output line array system",,2026-06-25T00:00:00,,,False,False,False,False,False,1,,AX,Store,
CIRAY90#07,Coda,Ciray 90,0072943,"compact dual 10”, 3-way high output line array system",,2026-06-25T00:00:00,,,False,False,False,False,False,1,,AX,Store,
CIRAY90#08,Coda,Ciray 90,0072951,"compact dual 10”, 3-way high output line array system",,2026-06-25T00:00:00,,,False,False,False,False,False,1,,AX,Store,
CIRAY90#09,Coda,Ciray 90,0072695,"compact dual 10”, 3-way high output line array system",,2026-06-25T00:00:00,,,False,False,False,False,False,1,,AX,Store,
CIRAY90#10,Coda,Ciray 90,0073338,"compact dual 10”, 3-way high output line array system",,2026-06-25T00:00:00,,,False,False,False,False,False,1,,AX,Store,
CIRAY90#11,Coda,Ciray 90,0072715,"compact dual 10”, 3-way high output line array system",,2026-06-25T00:00:00,,,False,False,False,False,False,1,,AX,Store,
CIRAY90#12,Coda,Ciray 90,0072373,"compact dual 10”, 3-way high output line array system",,2026-06-25T00:00:00,,,False,False,False,False,False,1,,AX,Store,
CIRAY90#13,Coda,Ciray 90,0072358,"compact dual 10”, 3-way high output line array system",,2026-06-25T00:00:00,,,False,False,False,False,False,1,,AX,Store,
CIRAY90#14,Coda,Ciray 90,0072359,"compact dual 10”, 3-way high output line array system",,2026-06-25T00:00:00,,,False,False,False,False,False,1,,AX,Store,
CIRAY90#15,Coda,Ciray 90,0072333,"compact dual 10”, 3-way high output line array system",,2026-06-25T00:00:00,,,False,False,False,False,False,1,,AX,Store,
CIRAY90#16,Coda,Ciray 90,0072937,"compact dual 10”, 3-way high output line array system",,2026-06-25T00:00:00,,,False,False,False,False,False,1,,AX,Store,
CIRAY90#17,Coda,Ciray 90,0072938,"compact dual 10”, 3-way high output line array system",,2026-06-25T00:00:00,,,False,False,False,False,False,1,,AX,Store,
CIRAY90#18,Coda,Ciray 90,0072724,"compact dual 10”, 3-way high output line array system",,2026-06-25T00:00:00,,,False,False,False,False,False,1,,AX,Store,
CIRAY90#19,Coda,Ciray 90,0072370,"compact dual 10”, 3-way high output line array system",,2026-06-25T00:00:00,,,False,False,False,False,False,1,,AX,Store,
CIRAY90#20,Coda,Ciray 90,0072703,"compact dual 10”, 3-way high output line array system",,2026-06-25T00:00:00,,,False,False,False,False,False,1,,AX,Store,
CIRAY90#21,Coda,Ciray 90,0072708,"compact dual 10”, 3-way high output line array system",,2026-06-25T00:00:00,,,False,False,False,False,False,1,,AX,Store,
CIRAY90#22,Coda,Ciray 90,0072702,"compact dual 10”, 3-way high output line array system",,2026-06-25T00:00:00,,,False,False,False,False,False,1,,AX,Store,
CIRAY90#23,Coda,Ciray 90,0072356,"compact dual 10”, 3-way high output line array system",,2026-06-25T00:00:00,,,False,False,False,False,False,1,,AX,Store,
CIRAY90#24,Coda,Ciray 90,0072334,"compact dual 10”, 3-way high output line array system",,2026-06-25T00:00:00,,,False,False,False,False,False,1,,AX,Store,
CIRAY90#25,Coda,Ciray 90,0072337,"compact dual 10”, 3-way high output line array system",,2026-06-25T00:00:00,,,False,False,False,False,False,1,,AX,Store,
CIRAY90#26,Coda,Ciray 90,0072341,"compact dual 10”, 3-way high output line array system",,2026-06-25T00:00:00,,,False,False,False,False,False,1,,AX,Store,
CIRAY90#27,Coda,Ciray 90,0072362,"compact dual 10”, 3-way high output line array system",,2026-06-25T00:00:00,,,False,False,False,False,False,1,,AX,Store,
CIRAY90#28,Coda,Ciray 90,0072931,"compact dual 10”, 3-way high output line array system",,2026-06-25T00:00:00,,,False,False,False,False,False,1,,AX,Store,
CIRAY90#29,Coda,Ciray 90,0072933,"compact dual 10”, 3-way high output line array system",,2026-06-25T00:00:00,,,False,False,False,False,False,1,,AX,Store,
CIRAY90#30,Coda,Ciray 90,0072926,"compact dual 10”, 3-way high output line array system",,2026-06-25T00:00:00,,,False,False,False,False,False,1,,AX,Store,
CIRAY90#31,Coda,Ciray 90,0072922,"compact dual 10”, 3-way high output line array system",,2026-06-25T00:00:00,,,False,False,False,False,False,1,,AX,Store,
CIRAY90#32,Coda,Ciray 90,0072732,"compact dual 10”, 3-way high output line array system",,2026-06-25T00:00:00,,,False,False,False,False,False,1,,AX,Store,
CIRAY90#33,Coda,Ciray 90,0072340,"compact dual 10”, 3-way high output line array system",,2026-06-25T00:00:00,,,False,False,False,False,False,1,,AX,Store,
CIRAY90#34,Coda,Ciray 90,0072928,"compact dual 10”, 3-way high output line array system",,2026-06-25T00:00:00,,,False,False,False,False,False,1,,AX,Store,
CIRAY90#35,Coda,Ciray 90,0072704,"compact dual 10”, 3-way high output line array system",,2026-06-25T00:00:00,,,False,False,False,False,False,1,,AX,Store,
CIRAY90#36,Coda,Ciray 90,0072705,"compact dual 10”, 3-way high output line array system",,2026-06-25T00:00:00,,,False,False,False,False,False,1,,AX,Store,
CIRAY90#37,Coda,Ciray 90,0072360,"compact dual 10”, 3-way high output line array system",,2026-06-25T00:00:00,,,False,False,False,False,False,1,,AX,Store,
CIRAY90#38,Coda,Ciray 90,0073328,"compact dual 10”, 3-way high output line array system",,2026-06-25T00:00:00,,,False,False,False,False,False,1,,AX,Store,
CIRAY90#39,Coda,Ciray 90,0073321,"compact dual 10”, 3-way high output line array system",,2026-06-25T00:00:00,,,False,False,False,False,False,1,,AX,Store,
CIRAY90#40,Coda,Ciray 90,0073346,"compact dual 10”, 3-way high output line array system",,2026-06-25T00:00:00,,,False,False,False,False,False,1,,AX,Store,
CIRAY90#41,Coda,Ciray 90,0073347,"compact dual 10”, 3-way high output line array system",,2026-06-25T00:00:00,,,False,False,False,False,False,1,,AX,Store,
CIRAY90#42,Coda,Ciray 90,0072697,"compact dual 10”, 3-way high output line array system",,2026-06-25T00:00:00,,,False,False,False,False,False,1,,AX,Store,
CIRAY90#43,Coda,Ciray 90,0072696,"compact dual 10”, 3-way high output line array system",,2026-06-25T00:00:00,,,False,False,False,False,False,1,,AX,Store,
CIRAY90#44,Coda,Ciray 90,0072955,"compact dual 10”, 3-way high output line array system",,2026-06-25T00:00:00,,,False,False,False,False,False,1,,AX,Store,
CIRAY90#45,Coda,Ciray 90,0072954,"compact dual 10”, 3-way high output line array system",,2026-06-25T00:00:00,,,False,False,False,False,False,1,,AX,Store,
CIRAY90#46,Coda,Ciray 90,0073323,"compact dual 10”, 3-way high output line array system",,2026-06-25T00:00:00,,,False,False,False,False,False,1,,AX,Store,
CIRAY90#47,Coda,Ciray 90,0072351,"compact dual 10”, 3-way high output line array system",,2026-06-25T00:00:00,,,False,False,False,False,False,1,,AX,Store,
CIRAY90#48,Coda,Ciray 90,0072349,"compact dual 10”, 3-way high output line array system",,2026-06-25T00:00:00,,,False,False,False,False,False,1,,AX,Store,
CIRAY90#49,Coda,Ciray 90,0072352,"compact dual 10”, 3-way high output line array system",,2026-06-25T00:00:00,,,False,False,False,False,False,1,,AX,Store,
CIRAY90#50,Coda,Ciray 90,0072344,"compact dual 10”, 3-way high output line array system",,2026-06-25T00:00:00,,,False,False,False,False,False,1,,AX,Store,
CIRAY90#51,Coda,Ciray 90,0072363,"compact dual 10”, 3-way high output line array system",,2026-06-25T00:00:00,,,False,False,True,False,False,1,"[{""id"":""a0250d33e4f035a7d00a1be4"",""date"":""2025/04/20"",""user"":""emily"",""description"":""Dropped during Bishan SG60"",""type"":""Fault"",""cost"":"""",""changes"":[{""kind"":""degraded"",""action"":""marked""}],""source"":{}}]",AX,Store,
CIRAY90#52,Coda,Ciray 90,0072355,"compact dual 10”, 3-way high output line array system",,2026-06-25T00:00:00,,,False,False,True,False,False,1,"[{""id"":""a36b885bcfbb99b7ef6a510e"",""date"":""2025/04/20"",""user"":""emily"",""description"":""Dropped during Bishan SG60"",""type"":""Fault"",""cost"":"""",""changes"":[{""kind"":""degraded"",""action"":""marked""}],""source"":{}}]",AX,Store,
CIRAY90#53,Coda,Ciray 90,0072721,"compact dual 10”, 3-way high output line array system",,2026-06-25T00:00:00,,,False,False,True,False,False,1,"[{""id"":""1dbe2a623801412c2f026611"",""date"":""2025/04/20"",""user"":""emily"",""description"":""Dropped during Bishan SG60"",""type"":""Fault"",""cost"":"""",""changes"":[{""kind"":""degraded"",""action"":""marked""}],""source"":{}}]",AX,Store,
CIRAY90#54,Coda,Ciray 90,0072335,"compact dual 10”, 3-way high output line array system",,2026-06-25T00:00:00,,,False,False,True,False,False,1,"[{""id"":""f241119273865750a0e66884"",""date"":""2025/04/20"",""user"":""emily"",""description"":""Dropped during Bishan SG60"",""type"":""Fault"",""cost"":"""",""changes"":[{""kind"":""degraded"",""action"":""marked""}],""source"":{}}]",AX,Store,
CIRAY90#55,Coda,Ciray 90,0072939,"compact dual 10”, 3-way high output line array system",,2026-06-25T00:00:00,,,False,False,True,False,False,1,"[{""id"":""e2e2ee9312871d5abe8bc873"",""date"":""2025/04/20"",""user"":""emily"",""description"":""Dropped during Bishan SG60"",""type"":""Fault"",""cost"":"""",""changes"":[{""kind"":""degraded"",""action"":""marked""}],""source"":{}}]",AX,Store,
CIRAY90#56,Coda,Ciray 90,0072953,"compact dual 10”, 3-way high output line array system",,2026-06-25T00:00:00,,,False,False,True,False,False,1,"[{""id"":""427f06d124c92fa44a61f405"",""date"":""2025/04/20"",""user"":""emily"",""description"":""Dropped during Bishan SG60"",""type"":""Fault"",""cost"":"""",""changes"":[{""kind"":""degraded"",""action"":""marked""}],""source"":{}}]",AX,Store,
CIRAY90#57,Coda,Ciray 90,0073343,"compact dual 10”, 3-way high output line array system",,2026-06-25T00:00:00,,,False,False,True,False,False,1,"[{""id"":""afe6470f21cb016145060b1c"",""date"":""2025/04/20"",""user"":""emily"",""description"":""Dropped during Bishan SG60"",""type"":""Fault"",""cost"":"""",""changes"":[{""kind"":""degraded"",""action"":""marked""}],""source"":{}}]",AX,Store,
CIRAY90#58,Coda,Ciray 90,0072930,"compact dual 10”, 3-way high output line array system",,2026-06-25T00:00:00,,,False,False,True,False,False,1,"[{""id"":""808fbceb48cb298b5792ca14"",""date"":""2025/04/20"",""user"":""emily"",""description"":""Dropped during Bishan SG60"",""type"":""Fault"",""cost"":"""",""changes"":[{""kind"":""degraded"",""action"":""marked""}],""source"":{}}]",AX,Store,
CIRAY90#59,Coda,Ciray 90,0072716,"compact dual 10”, 3-way high output line array system",,2026-06-25T00:00:00,,,False,False,True,False,False,1,"[{""id"":""7fa9b721fe2868ae32d18043"",""date"":""2025/04/20"",""user"":""emily"",""description"":""Dropped during Bishan SG60"",""type"":""Fault"",""cost"":"""",""changes"":[{""kind"":""degraded"",""action"":""marked""}],""source"":{}}]",AX,Store,
CIRAY90#60,Coda,Ciray 90,0072346,"compact dual 10”, 3-way high output line array system",,2026-06-25T00:00:00,,,False,False,True,False,False,1,"[{""id"":""a93815369e0f1d6ee6502797"",""date"":""2025/04/20"",""user"":""emily"",""description"":""Dropped during Bishan SG60"",""type"":""Fault"",""cost"":"""",""changes"":[{""kind"":""degraded"",""action"":""marked""}],""source"":{}}]",AX,Store,
CIRAY90#61,Coda,Ciray 90,0072720,"compact dual 10”, 3-way high output line array system",,2026-06-25T00:00:00,,,False,False,True,False,False,1,"[{""id"":""6f984f095aaa9440a3794a2d"",""date"":""2025/04/20"",""user"":""emily"",""description"":""Dropped during Bishan SG60"",""type"":""Fault"",""cost"":"""",""changes"":[{""kind"":""degraded"",""action"":""marked""}],""source"":{}}]",AX,Store,
CIRAY90#62,Coda,Ciray 90,0072722,"compact dual 10”, 3-way high output line array system",,2026-06-25T00:00:00,,,False,False,True,False,False,1,"[{""id"":""324cf21bc9e3025b2fb82bc7"",""date"":""2025/04/20"",""user"":""emily"",""description"":""Dropped during Bishan SG60"",""type"":""Fault"",""cost"":"""",""changes"":[{""kind"":""degraded"",""action"":""marked""}],""source"":{}}]",AX,Store,
CIRAY90#63,Coda,Ciray 90,0072342,"compact dual 10”, 3-way high output line array system",,2026-06-25T00:00:00,,,False,False,True,False,False,1,"[{""id"":""5a66e68d74f8b063c5e3e74c"",""date"":""2025/04/20"",""user"":""emily"",""description"":""Dropped during Bishan SG60"",""type"":""Fault"",""cost"":"""",""changes"":[{""kind"":""degraded"",""action"":""marked""}],""source"":{}}]",AX,Store,
CIRAY90#64,Coda,Ciray 90,0072924,"compact dual 10”, 3-way high output line array system",,2026-06-25T00:00:00,,,False,False,True,False,False,1,"[{""id"":""56385f6709b1a9c8a694a872"",""date"":""2025/04/20"",""user"":""emily"",""description"":""Dropped during Bishan SG60"",""type"":""Fault"",""cost"":"""",""changes"":[{""kind"":""degraded"",""action"":""marked""}],""source"":{}}]",AX,Store,
CIRAY90#65,Coda,Ciray 90,0072336,"compact dual 10”, 3-way high output line array system",,2026-06-25T00:00:00,,,False,False,True,False,False,1,"[{""id"":""bd246d46ea7f7ca0bcc65d19"",""date"":""2025/04/20"",""user"":""emily"",""description"":""Dropped during Bishan SG60"",""type"":""Fault"",""cost"":"""",""changes"":[{""kind"":""degraded"",""action"":""marked""}],""source"":{}}]",AX,Store,
CIRAY90#66,Coda,Ciray 90,0072339,"compact dual 10”, 3-way high output line array system",,2026-06-25T00:00:00,,,False,False,True,False,False,1,"[{""id"":""ff3dd4dc685553ecea6e59df"",""date"":""2025/04/20"",""user"":""emily"",""description"":""Dropped during Bishan SG60"",""type"":""Fault"",""cost"":"""",""changes"":[{""kind"":""degraded"",""action"":""marked""}],""source"":{}}]",AX,Store,
CIRAY90#67,Coda,Ciray 90,0073322,"compact dual 10”, 3-way high output line array system",,2026-06-25T00:00:00,,,False,False,True,False,False,1,"[{""id"":""5332792a58a72dc7271d72b5"",""date"":""2025/04/20"",""user"":""emily"",""description"":""Dropped during Bishan SG60"",""type"":""Fault"",""cost"":"""",""changes"":[{""kind"":""degraded"",""action"":""marked""}],""source"":{}}]",AX,Store,
CIRAY90#68,Coda,Ciray 90,0073345,"compact dual 10”, 3-way high output line array system",,2026-06-25T00:00:00,,,False,False,True,False,False,1,"[{""id"":""ea7fbac4b6533334003c887e"",""date"":""2025/04/20"",""user"":""emily"",""description"":""Dropped during Bishan SG60"",""type"":""Fault"",""cost"":"""",""changes"":[{""kind"":""degraded"",""action"":""marked""}],""source"":{}},{""id"":""b6a24b3df655c3cb1f4f7683"",""date"":""2026/01/01"",""user"":""emily"",""description"":""body touch up with silicon"",""type"":""Repair"",""cost"":"""",""changes"":[],""source"":{}}]",AX,Store,
CIRAY90#69,Coda,Ciray 90,0072941,"compact dual 10”, 3-way high output line array system",,2026-06-25T00:00:00,,,False,False,True,False,False,1,"[{""id"":""7f5b529aa89bd2dd8fc028e0"",""date"":""2025/04/20"",""user"":""emily"",""description"":""Dropped during Bishan SG60"",""type"":""Fault"",""cost"":"""",""changes"":[{""kind"":""degraded"",""action"":""marked""}],""source"":{}},{""id"":""9d5c320ec508b62caa0a0c7a"",""date"":""2026/01/01"",""user"":""emily"",""description"":""Minor touch up with silicon on the body"",""type"":""Repair"",""cost"":"""",""changes"":[],""source"":{}}]",AX,Store,
CIRAY90#70,Coda,Ciray 90,0072347,"compact dual 10”, 3-way high output line array system",,2026-06-25T00:00:00,,,False,False,True,False,False,1,"[{""id"":""de988dc1eba8364d8a187412"",""date"":""2025/04/20"",""user"":""emily"",""description"":""Dropped during Bishan SG60"",""type"":""Fault"",""cost"":"""",""changes"":[{""kind"":""degraded"",""action"":""marked""}],""source"":{}},{""id"":""8a42b02e720845ac81645656"",""date"":""2026/01/01"",""user"":""emily"",""description"":""body touch up with silicon"",""type"":""Repair"",""cost"":"""",""changes"":[],""source"":{}}]",AX,Store,
CIRAY90#71,Coda,Ciray 90,0072923,"compact dual 10”, 3-way high output line array system",,2026-06-25T00:00:00,,,False,False,True,False,False,1,"[{""id"":""f14b728457b2d426867ebe24"",""date"":""2025/04/20"",""user"":""emily"",""description"":""Dropped during Bishan SG60"",""type"":""Fault"",""cost"":"""",""changes"":[{""kind"":""degraded"",""action"":""marked""}],""source"":{}},{""id"":""c1972aba4ea85790bb447411"",""date"":""2026/01/01"",""user"":""emily"",""description"":""Right side handle touch up with silicon"",""type"":""Repair"",""cost"":"""",""changes"":[],""source"":{}}]",AX,Store,
CIRAY90#72,Coda,Ciray 90,0072927,"compact dual 10”, 3-way high output line array system",,2026-06-25T00:00:00,,,False,False,True,False,False,1,"[{""id"":""f7327c8e695fd86c2d853c99"",""date"":""2025/04/20"",""user"":""emily"",""description"":""Dropped during Bishan SG60"",""type"":""Fault"",""cost"":"""",""changes"":[{""kind"":""degraded"",""action"":""marked""}],""source"":{}},{""id"":""3f0d58400c7a0bfa83bd75c5"",""date"":""2026/01/01"",""user"":""emily"",""description"":""left side handle minor touch up with silicon"",""type"":""Repair"",""cost"":"""",""changes"":[],""source"":{}}]",AX,Store,
CIRAY90#73,Coda,Ciray 90,0073341,"compact dual 10”, 3-way high output line array system",,2026-06-25T00:00:00,,,False,False,True,False,False,1,"[{""id"":""f24d99bce28c2f24c5c16476"",""date"":""2025/04/20"",""user"":""emily"",""description"":""Dropped during Bishan SG60"",""type"":""Fault"",""cost"":"""",""changes"":[{""kind"":""degraded"",""action"":""marked""}],""source"":{}},{""id"":""1aab68ccbc5a0263f26af380"",""date"":""2026/01/01"",""user"":""emily"",""description"":""Right side handle repair with silicon"",""type"":""Repair"",""cost"":"""",""changes"":[],""source"":{}}]",AX,Store,
CIRAY90#74,Coda,Ciray 90,0072925,"compact dual 10”, 3-way high output line array system",,2026-06-25T00:00:00,,,False,False,True,False,False,1,"[{""id"":""3e95bf032b52fe7ee791e74f"",""date"":""2025/04/20"",""user"":""emily"",""description"":""Dropped during Bishan SG60"",""type"":""Fault"",""cost"":"""",""changes"":[{""kind"":""degraded"",""action"":""marked""}],""source"":{}},{""id"":""481009d34c91b0bdf88cce73"",""date"":""2026/01/01"",""user"":""emily"",""description"":""right side front lock comes out fully"",""type"":""Fault"",""cost"":"""",""changes"":[],""source"":{}}]",AX,Store,
CIRAY90#75,Coda,Ciray 90,0072364,"compact dual 10”, 3-way high output line array system",,2026-06-25T00:00:00,,,False,False,False,True,False,1,"[{""id"":""fb5780e9ecbd2a9e7b778caf"",""date"":""2025/04/20"",""user"":""emily"",""description"":""Dropped during Bishan SG60"",""type"":""Fault"",""cost"":"""",""changes"":[{""kind"":""degraded"",""action"":""marked""}],""source"":{}}]",AX,Store,
CIRAY90#76,Coda,Ciray 90,0072698,"compact dual 10”, 3-way high output line array system",,2026-06-25T00:00:00,,,False,False,False,True,False,1,"[{""id"":""9ad3a6c18d390dbafb322d49"",""date"":""2025/04/20"",""user"":""emily"",""description"":""Dropped during Bishan SG60"",""type"":""Fault"",""cost"":"""",""changes"":[{""kind"":""degraded"",""action"":""marked""}],""source"":{}}]",AX,Store,
CIRAY90#77,Coda,Ciray 90,0072348,"compact dual 10”, 3-way high output line array system",,2026-06-25T00:00:00,,,False,False,False,True,False,1,"[{""id"":""34e00ae09c4c0813c186093d"",""date"":""2025/04/20"",""user"":""emily"",""description"":""Dropped during Bishan SG60"",""type"":""Fault"",""cost"":"""",""changes"":[{""kind"":""degraded"",""action"":""marked""}],""source"":{}}]",AX,Store,
CIRAY90#78,Coda,Ciray 90,0072345,"compact dual 10”, 3-way high output line array system",,2026-06-25T00:00:00,,,False,False,False,True,False,1,"[{""id"":""7da3c5b9ac5e6036e82c1f01"",""date"":""2025/04/20"",""user"":""emily"",""description"":""Dropped during Bishan SG60"",""type"":""Fault"",""cost"":"""",""changes"":[{""kind"":""degraded"",""action"":""marked""}],""source"":{}}]",AX,Store,
CIRAY90#79,Coda,Ciray 90,0072353,"compact dual 10”, 3-way high output line array system",,2026-06-25T00:00:00,,,False,False,False,True,False,1,"[{""id"":""96d40a42ae69d90052def3eb"",""date"":""2025/04/20"",""user"":""emily"",""description"":""Dropped during Bishan SG60"",""type"":""Fault"",""cost"":"""",""changes"":[{""kind"":""degraded"",""action"":""marked""}],""source"":{}}]",AX,Store,
CIRAY90#80,Coda,Ciray 90,0073436,"compact dual 10”, 3-way high output line array system",,2026-06-25T00:00:00,,,False,False,False,True,False,1,"[{""id"":""6ca555212ded29ea8e0320e5"",""date"":""2025/04/20"",""user"":""emily"",""description"":""Dropped during Bishan SG60"",""type"":""Fault"",""cost"":"""",""changes"":[{""kind"":""degraded"",""action"":""marked""}],""source"":{}}]",AX,Store,
CIRAY120#01,Coda,Ciray 120,0073352,"compact dual 10”, 3-way high output line array system",,2026-06-25T00:00:00,,,False,False,False,False,False,1,,AX,Store,
CIRAY120#02,Coda,Ciray 120,0073434,"compact dual 10”, 3-way high output line array system",,2026-06-25T00:00:00,,,False,False,False,False,False,1,,AX,Store,
CIRAY120#03,Coda,Ciray 120,0072719,"compact dual 10”, 3-way high output line array system",,2026-06-25T00:00:00,,,False,False,False,False,False,1,,AX,Store,
CIRAY120#04,Coda,Ciray 120,0073435,"compact dual 10”, 3-way high output line array system",,2026-06-25T00:00:00,,,False,False,False,False,False,1,,AX,Store,
CIRAY120#05,Coda,Ciray 120,0073443,"compact dual 10”, 3-way high output line array system",,2026-06-25T00:00:00,,,False,False,False,False,False,1,,AX,Store,
CIRAY120#06,Coda,Ciray 120,0073350,"compact dual 10”, 3-way high output line array system",,2026-06-25T00:00:00,,,False,False,True,False,False,1,"[{""id"":""29b00e2ec3f555a91becdcc0"",""date"":""2025/04/20"",""user"":""emily"",""description"":""Dropped during Bishan SG60"",""type"":""Fault"",""cost"":"""",""changes"":[{""kind"":""degraded"",""action"":""marked""}],""source"":{}}]",AX,Store,
CIRAY120#07,Coda,Ciray 120,0073349,"compact dual 10”, 3-way high output line array system",,2026-06-25T00:00:00,,,False,False,True,False,False,1,"[{""id"":""ff88a3129398bd5572c0d06e"",""date"":""2025/04/20"",""user"":""emily"",""description"":""Dropped during Bishan SG60"",""type"":""Fault"",""cost"":"""",""changes"":[{""kind"":""degraded"",""action"":""marked""}],""source"":{}}]",AX,Store,
CIRAY120#08,Coda,Ciray 120,0073351,"compact dual 10”, 3-way high output line array system",,2026-06-25T00:00:00,,,False,False,True,False,False,1,"[{""id"":""6d94b52e9a0382a5a46190be"",""date"":""2025/04/20"",""user"":""emily"",""description"":""Dropped during Bishan SG60"",""type"":""Fault"",""cost"":"""",""changes"":[{""kind"":""degraded"",""action"":""marked""}],""source"":{}}]",AX,Store,
CIRAY120#09,Coda,Ciray 120,0073433,"compact dual 10”, 3-way high output line array system",,2026-06-25T00:00:00,,,False,False,True,False,False,1,"[{""id"":""2aebab15396c162dd43c4958"",""date"":""2025/04/20"",""user"":""emily"",""description"":""Dropped during Bishan SG60"",""type"":""Fault"",""cost"":"""",""changes"":[{""kind"":""degraded"",""action"":""marked""}],""source"":{}}]",AX,Store,
CIRAY120#10,Coda,Ciray 120,0073357,"compact dual 10”, 3-way high output line array system",,2026-06-25T00:00:00,,,False,False,True,False,False,1,"[{""id"":""1b37ddda50ff97a686a9b2de"",""date"":""2025/04/20"",""user"":""emily"",""description"":""Dropped during Bishan SG60"",""type"":""Fault"",""cost"":"""",""changes"":[{""kind"":""degraded"",""action"":""marked""}],""source"":{}}]",AX,Store,
CIRAY120#11,Coda,Ciray 120,0073348,"compact dual 10”, 3-way high output line array system",,2026-06-25T00:00:00,,,False,False,True,False,False,1,"[{""id"":""42cee8e9d5a30d03114bfec5"",""date"":""2025/04/20"",""user"":""emily"",""description"":""Dropped during Bishan SG60"",""type"":""Fault"",""cost"":"""",""changes"":[{""kind"":""degraded"",""action"":""marked""}],""source"":{}}]",AX,Store,
CIRAY120#12,Coda,Ciray 120,0073354,"compact dual 10”, 3-way high output line array system",,2026-06-25T00:00:00,,,False,False,True,False,False,1,"[{""id"":""adc9dc5e5913327c28a671a8"",""date"":""2025/04/20"",""user"":""emily"",""description"":""Dropped during Bishan SG60"",""type"":""Fault"",""cost"":"""",""changes"":[{""kind"":""degraded"",""action"":""marked""}],""source"":{}}]",AX,Store,
CIRAY120#13,Coda,Ciray 120,0073432,"compact dual 10”, 3-way high output line array system",,2026-06-25T00:00:00,,,False,False,True,False,False,1,"[{""id"":""76de2c9fb633c2ae8ce64bdf"",""date"":""2025/04/20"",""user"":""emily"",""description"":""Dropped during Bishan SG60"",""type"":""Fault"",""cost"":"""",""changes"":[{""kind"":""degraded"",""action"":""marked""}],""source"":{}}]",AX,Store,
CIRAY120#14,Coda,Ciray 120,0073441,"compact dual 10”, 3-way high output line array system",,2026-06-25T00:00:00,,,False,False,True,False,False,1,"[{""id"":""5ed5d70ef8809c63e9230b27"",""date"":""2025/04/20"",""user"":""emily"",""description"":""Dropped during Bishan SG60"",""type"":""Fault"",""cost"":"""",""changes"":[{""kind"":""degraded"",""action"":""marked""}],""source"":{}}]",AX,Store,
CIRAY120#15,Coda,Ciray 120,0073439,"compact dual 10”, 3-way high output line array system",,2026-06-25T00:00:00,,,False,False,True,False,False,1,"[{""id"":""ed8dd2386ab9485935ac350c"",""date"":""2025/04/20"",""user"":""emily"",""description"":""Dropped during Bishan SG60"",""type"":""Fault"",""cost"":"""",""changes"":[{""kind"":""degraded"",""action"":""marked""}],""source"":{}}]",AX,Store,
CIRAY120#16,Coda,Ciray 120,0073442,"compact dual 10”, 3-way high output line array system",,2026-06-25T00:00:00,,,False,False,True,False,False,1,"[{""id"":""343e3f7100dc24ef1f30361c"",""date"":""2025/04/20"",""user"":""emily"",""description"":""Dropped during Bishan SG60"",""type"":""Fault"",""cost"":"""",""changes"":[{""kind"":""degraded"",""action"":""marked""}],""source"":{}},{""id"":""7b471779457a0f77e433a208"",""date"":""2026/01/01"",""user"":""emily"",""description"":""right handle dont have, wood covered with silicon"",""type"":""Fault"",""cost"":"""",""changes"":[],""source"":{}}]",AX,Store,
VIRAY80#01,Coda,Viray 80,0038746,compact 3-way symmetrical line array,,2026-06-25T00:00:00,,,False,False,False,False,False,1,"[{""id"":""b24d2c1d5df561f2b595436d"",""date"":""2025/06/23"",""user"":""emily"",""description"":""Tested"",""type"":""Preventative maintenance"",""cost"":"""",""changes"":[],""source"":{}},{""id"":""3c66d83da24fcb97e7c15202"",""date"":""2026/05/29"",""user"":""emily"",""description"":""Smaarted"",""type"":""Preventative maintenance"",""cost"":"""",""changes"":[],""source"":{}}]",AX,Store,
VIRAY80#02,Coda,Viray 80,0038745,compact 3-way symmetrical line array,,2026-06-25T00:00:00,,,False,False,False,False,False,1,"[{""id"":""dc3ccd94ec1af8111501d483"",""date"":""2025/06/23"",""user"":""emily"",""description"":""Tested"",""type"":""Preventative maintenance"",""cost"":"""",""changes"":[],""source"":{}},{""id"":""a82adabd9ac77cd9352dd8ce"",""date"":""2026/05/29"",""user"":""emily"",""description"":""Smaarted"",""type"":""Preventative maintenance"",""cost"":"""",""changes"":[],""source"":{}}]",AX,Store,
VIRAY80#03,Coda,Viray 80,0039675,compact 3-way symmetrical line array,,2026-06-25T00:00:00,,,False,False,False,False,False,1,"[{""id"":""6f0aeccfdfc9b6bc2d51a45d"",""date"":""2025/06/23"",""user"":""emily"",""description"":""Tested"",""type"":""Preventative maintenance"",""cost"":"""",""changes"":[],""source"":{}},{""id"":""75c01d29cfacc11cd7916c10"",""date"":""2026/05/29"",""user"":""emily"",""description"":""Smaarted"",""type"":""Preventative maintenance"",""cost"":"""",""changes"":[],""source"":{}}]",AX,Store,
VIRAY80#04,Coda,Viray 80,0039517,compact 3-way symmetrical line array,,2026-06-25T00:00:00,,,False,False,False,False,False,1,"[{""id"":""5eea55809436850f0c8fa6ad"",""date"":""2025/06/23"",""user"":""emily"",""description"":""Tested"",""type"":""Preventative maintenance"",""cost"":"""",""changes"":[],""source"":{}},{""id"":""5ae14d4f7c5875b42ee7f617"",""date"":""2026/05/29"",""user"":""emily"",""description"":""Smaarted"",""type"":""Preventative maintenance"",""cost"":"""",""changes"":[],""source"":{}}]",AX,Store,
VIRAY80#05,Coda,Viray 80,0039520,compact 3-way symmetrical line array,,2026-06-25T00:00:00,,,False,False,False,False,False,1,"[{""id"":""f7b9b2b4b3645cade24197ed"",""date"":""2025/06/23"",""user"":""emily"",""description"":""Tested"",""type"":""Preventative maintenance"",""cost"":"""",""changes"":[],""source"":{}},{""id"":""3338c2fd60133b71e773f066"",""date"":""2026/05/29"",""user"":""emily"",""description"":""Smaarted"",""type"":""Preventative maintenance"",""cost"":"""",""changes"":[],""source"":{}}]",AX,Store,
VIRAY80#06,Coda,Viray 80,0039518,compact 3-way symmetrical line array,,2026-06-25T00:00:00,,,False,False,False,False,False,1,"[{""id"":""ed6f189ea78833e8638648ad"",""date"":""2025/06/23"",""user"":""emily"",""description"":""Tested"",""type"":""Preventative maintenance"",""cost"":"""",""changes"":[],""source"":{}},{""id"":""8e4c64d88eaf57a2ea856a80"",""date"":""2026/05/29"",""user"":""emily"",""description"":""Smaarted"",""type"":""Preventative maintenance"",""cost"":"""",""changes"":[],""source"":{}}]",AX,Store,
VIRAY80#07,Coda,Viray 80,0039529,compact 3-way symmetrical line array,,2026-06-25T00:00:00,,,False,False,True,False,False,1,"[{""id"":""9f3e8fbde3e76b9293802869"",""date"":""2025/06/23"",""user"":""emily"",""description"":""Tested"",""type"":""Preventative maintenance"",""cost"":"""",""changes"":[],""source"":{}},{""id"":""b41bf3bc95eda9feaac797eb"",""date"":""2026/05/29"",""user"":""emily"",""description"":""Smaarted"",""type"":""Preventative maintenance"",""cost"":"""",""changes"":[],""source"":{}},{""id"":""7c648279c1a25e3f705be127"",""date"":""2026/01/01"",""user"":""emily"",""description"":""Highs weak"",""type"":""Fault"",""cost"":"""",""changes"":[{""kind"":""degraded"",""action"":""marked""}],""source"":{}}]",AX,Store,
VIRAY80#08,Coda,Viray 80,0039507,compact 3-way symmetrical line array,,2026-06-25T00:00:00,,,False,False,True,False,False,1,"[{""id"":""e9237c1ea9c7b454c50ae059"",""date"":""2025/06/23"",""user"":""emily"",""description"":""Tested"",""type"":""Preventative maintenance"",""cost"":"""",""changes"":[],""source"":{}},{""id"":""d657fa278f3f2032933d5296"",""date"":""2026/05/29"",""user"":""emily"",""description"":""Smaarted"",""type"":""Preventative maintenance"",""cost"":"""",""changes"":[],""source"":{}},{""id"":""6676460d37d1101a67915c78"",""date"":""2026/01/01"",""user"":""emily"",""description"":""Highs weak"",""type"":""Fault"",""cost"":"""",""changes"":[{""kind"":""degraded"",""action"":""marked""}],""source"":{}}]",AX,Store,
VIRAY80#09,Coda,Viray 80,0039513,compact 3-way symmetrical line array,,2026-06-25T00:00:00,,,False,False,True,False,False,1,"[{""id"":""fbdc6d7bc51bd22efc8ac53c"",""date"":""2025/06/23"",""user"":""emily"",""description"":""Tested"",""type"":""Preventative maintenance"",""cost"":"""",""changes"":[],""source"":{}},{""id"":""d5faa129d7338f3b6d6b21a5"",""date"":""2026/05/29"",""user"":""emily"",""description"":""Smaarted"",""type"":""Preventative maintenance"",""cost"":"""",""changes"":[],""source"":{}},{""id"":""aad7b74a29da40d8d5b443b4"",""date"":""2026/01/01"",""user"":""emily"",""description"":""Highs weak"",""type"":""Fault"",""cost"":"""",""changes"":[{""kind"":""degraded"",""action"":""marked""}],""source"":{}}]",AX,Store,
VIRAY80#10,Coda,Viray 80,0040707,compact 3-way symmetrical line array,,2026-06-25T00:00:00,,,False,False,True,False,False,1,"[{""id"":""607284ca54acf2e363980639"",""date"":""2025/06/23"",""user"":""emily"",""description"":""Tested"",""type"":""Preventative maintenance"",""cost"":"""",""changes"":[],""source"":{}},{""id"":""7fc9d7c3b9dd2880268a5106"",""date"":""2026/05/29"",""user"":""emily"",""description"":""Smaarted"",""type"":""Preventative maintenance"",""cost"":"""",""changes"":[],""source"":{}},{""id"":""50a8b6be41dc4d460c046bdf"",""date"":""2026/01/01"",""user"":""emily"",""description"":""5-1 Mids weak"",""type"":""Fault"",""cost"":"""",""changes"":[{""kind"":""degraded"",""action"":""marked""}],""source"":{}}]",AX,Store,
VIRAY80#11,Coda,Viray 80,0039519,compact 3-way symmetrical line array,,2026-06-25T00:00:00,,,False,False,True,False,False,1,"[{""id"":""8d0742b5797589637f02e8da"",""date"":""2025/06/23"",""user"":""emily"",""description"":""Tested"",""type"":""Preventative maintenance"",""cost"":"""",""changes"":[],""source"":{}},{""id"":""ea05576a5409d1745511e0d0"",""date"":""2026/05/29"",""user"":""emily"",""description"":""Smaarted"",""type"":""Preventative maintenance"",""cost"":"""",""changes"":[],""source"":{}},{""id"":""a7dd22ba1911204cfb3c5737"",""date"":""2026/01/01"",""user"":""emily"",""description"":""Highs weak"",""type"":""Fault"",""cost"":"""",""changes"":[{""kind"":""degraded"",""action"":""marked""}],""source"":{}}]",AX,Store,
VIRAY80#12,Coda,Viray 80,0039506,compact 3-way symmetrical line array,,2026-06-25T00:00:00,,,False,False,True,False,False,1,"[{""id"":""bb95960f02a9b83465205694"",""date"":""2025/06/23"",""user"":""emily"",""description"":""Tested"",""type"":""Preventative maintenance"",""cost"":"""",""changes"":[],""source"":{}},{""id"":""487e06755a93f9e5b94e6c19"",""date"":""2026/01/01"",""user"":""emily"",""description"":""NL4 loop buang"",""type"":""Fault"",""cost"":"""",""changes"":[{""kind"":""degraded"",""action"":""marked""}],""source"":{}}]",AX,Store,
VIRAY80#13,Coda,Viray 80,0039516,compact 3-way symmetrical line array,,2026-06-25T00:00:00,,,False,False,True,False,False,1,"[{""id"":""f810e9f21268014bb2cb1be3"",""date"":""2025/06/23"",""user"":""emily"",""description"":""Tested"",""type"":""Preventative maintenance"",""cost"":"""",""changes"":[],""source"":{}},{""id"":""c6b04ca9d3e848bd97306a5c"",""date"":""2026/01/01"",""user"":""emily"",""description"":""no lows, no highs"",""type"":""Fault"",""cost"":"""",""changes"":[{""kind"":""degraded"",""action"":""marked""}],""source"":{}}]",AX,Store,
VIRAY80#14,Coda,Viray 80,0039530,compact 3-way symmetrical line array,,2026-06-25T00:00:00,,,False,False,True,False,False,1,"[{""id"":""9632e96ef91c53455d163d9b"",""date"":""2025/06/23"",""user"":""emily"",""description"":""Tested"",""type"":""Preventative maintenance"",""cost"":"""",""changes"":[],""source"":{}},{""id"":""a27a99e89a7b25f5cbe80d76"",""date"":""2026/01/01"",""user"":""emily"",""description"":""no lows, no mids"",""type"":""Fault"",""cost"":"""",""changes"":[{""kind"":""degraded"",""action"":""marked""}],""source"":{}}]",AX,Store,
VIRAY80#15,Coda,Viray 80,,compact 3-way symmetrical line array,,2026-06-25T00:00:00,,,False,False,True,False,False,1,"[{""id"":""9c1d2b4e08d3c029ad446733"",""date"":""2025/06/23"",""user"":""emily"",""description"":""Tested"",""type"":""Preventative maintenance"",""cost"":"""",""changes"":[],""source"":{}},{""id"":""4d8df9d5b9303311bb1cb811"",""date"":""2026/01/01"",""user"":""emily"",""description"":""no lows"",""type"":""Fault"",""cost"":"""",""changes"":[{""kind"":""degraded"",""action"":""marked""}],""source"":{}}]",AX,Store,
VIRAY80#16,Coda,Viray 80,0039511,compact 3-way symmetrical line array,,2026-06-25T00:00:00,,,False,False,True,False,False,1,"[{""id"":""05534bce5fc8e1a49468ca16"",""date"":""2025/06/23"",""user"":""emily"",""description"":""Tested"",""type"":""Preventative maintenance"",""cost"":"""",""changes"":[],""source"":{}},{""id"":""0da5615148b36a38f2d311f8"",""date"":""2026/01/01"",""user"":""emily"",""description"":""no highs"",""type"":""Fault"",""cost"":"""",""changes"":[{""kind"":""degraded"",""action"":""marked""}],""source"":{}}]",AX,Store,
VIRAY80#17,Coda,Viray 80,0040711,compact 3-way symmetrical line array,,2026-06-25T00:00:00,,,False,False,True,False,False,1,"[{""id"":""e97cc2c7251cd435da4b2f6a"",""date"":""2025/06/23"",""user"":""emily"",""description"":""Tested"",""type"":""Preventative maintenance"",""cost"":"""",""changes"":[],""source"":{}},{""id"":""da1357ee409e61e7613dc0f1"",""date"":""2026/01/01"",""user"":""emily"",""description"":""no highs"",""type"":""Fault"",""cost"":"""",""changes"":[{""kind"":""degraded"",""action"":""marked""}],""source"":{}}]",AX,Store,
VIRAY120#01,Coda,Viray 120,VR120-01,compact 3-way symmetrical line array,,2026-06-25T00:00:00,,,False,False,False,False,False,1,"[{""id"":""9b93ec02a3ab605470741b09"",""date"":""2025/06/23"",""user"":""emily"",""description"":""Tested"",""type"":""Preventative maintenance"",""cost"":"""",""changes"":[],""source"":{}},{""id"":""84e38dcc3b5d67de0bb18e6a"",""date"":""2026/05/29"",""user"":""emily"",""description"":""Smaarted"",""type"":""Preventative maintenance"",""cost"":"""",""changes"":[],""source"":{}}]",AX,Store,
VIRAY120#02,Coda,Viray 120,0036545,compact 3-way symmetrical line array,,2026-06-25T00:00:00,,,False,False,False,False,False,1,"[{""id"":""0bd090bc1b42b318989876e0"",""date"":""2025/06/23"",""user"":""emily"",""description"":""Tested"",""type"":""Preventative maintenance"",""cost"":"""",""changes"":[],""source"":{}},{""id"":""63df5d7561bf4b3f6ca95e86"",""date"":""2026/05/29"",""user"":""emily"",""description"":""Smaarted"",""type"":""Preventative maintenance"",""cost"":"""",""changes"":[],""source"":{}}]",AX,Store,
VIRAY120#03,Coda,Viray 120,0039668,compact 3-way symmetrical line array,,2026-06-25T00:00:00,,,False,False,False,False,False,1,"[{""id"":""92fa35e2447261c53e420b57"",""date"":""2025/06/23"",""user"":""emily"",""description"":""Tested"",""type"":""Preventative maintenance"",""cost"":"""",""changes"":[],""source"":{}},{""id"":""e7e86b5cb21620c5b2f12723"",""date"":""2026/05/29"",""user"":""emily"",""description"":""Smaarted"",""type"":""Preventative maintenance"",""cost"":"""",""changes"":[],""source"":{}}]",AX,Store,
VIRAY120#04,Coda,Viray 120,0039685,compact 3-way symmetrical line array,,2026-06-25T00:00:00,,,False,False,False,False,False,1,"[{""id"":""35fe6579e1b03c3d5dc41a2a"",""date"":""2025/06/23"",""user"":""emily"",""description"":""Tested"",""type"":""Preventative maintenance"",""cost"":"""",""changes"":[],""source"":{}},{""id"":""244b464c5af2bb5e6aabb6f2"",""date"":""2026/05/29"",""user"":""emily"",""description"":""Smaarted"",""type"":""Preventative maintenance"",""cost"":"""",""changes"":[],""source"":{}}]",AX,Store,
VIRAY120#05,Coda,Viray 120,0040813,compact 3-way symmetrical line array,,2026-06-25T00:00:00,,,False,False,False,False,False,1,"[{""id"":""2b9161ac3048ed17dca7ca94"",""date"":""2025/06/23"",""user"":""emily"",""description"":""Tested"",""type"":""Preventative maintenance"",""cost"":"""",""changes"":[],""source"":{}},{""id"":""54bb6157177a4422f5e560f8"",""date"":""2026/05/29"",""user"":""emily"",""description"":""Smaarted"",""type"":""Preventative maintenance"",""cost"":"""",""changes"":[],""source"":{}}]",AX,Store,
VIRAY120#06,Coda,Viray 120,0039686,compact 3-way symmetrical line array,,2026-06-25T00:00:00,,,False,False,False,False,False,1,"[{""id"":""e2f4f7dec910b387bea26df5"",""date"":""2025/06/23"",""user"":""emily"",""description"":""Tested"",""type"":""Preventative maintenance"",""cost"":"""",""changes"":[],""source"":{}},{""id"":""99ada66d7f2512c62fb3f8aa"",""date"":""2026/05/29"",""user"":""emily"",""description"":""Smaarted"",""type"":""Preventative maintenance"",""cost"":"""",""changes"":[],""source"":{}}]",AX,Store,
VIRAY120#07,Coda,Viray 120,0039665,compact 3-way symmetrical line array,,2026-06-25T00:00:00,,,False,False,False,False,False,1,"[{""id"":""12f64ee791d312b4d6510f5e"",""date"":""2025/06/23"",""user"":""emily"",""description"":""Tested"",""type"":""Preventative maintenance"",""cost"":"""",""changes"":[],""source"":{}},{""id"":""81fa3612463b4760102d9805"",""date"":""2026/05/29"",""user"":""emily"",""description"":""Smaarted"",""type"":""Preventative maintenance"",""cost"":"""",""changes"":[],""source"":{}}]",AX,Store,
VIRAY120#08,Coda,Viray 120,VR120-02,compact 3-way symmetrical line array,,2026-06-25T00:00:00,,,False,False,False,False,False,1,"[{""id"":""7af54884472282567d388f1f"",""date"":""2025/06/23"",""user"":""emily"",""description"":""Tested"",""type"":""Preventative maintenance"",""cost"":"""",""changes"":[],""source"":{}},{""id"":""00f7161b1b9b5a3a4268319a"",""date"":""2026/05/29"",""user"":""emily"",""description"":""Smaarted"",""type"":""Preventative maintenance"",""cost"":"""",""changes"":[],""source"":{}}]",AX,Store,
VIRAY120#09,Coda,Viray 120,0039514,compact 3-way symmetrical line array,,2026-06-25T00:00:00,,,False,False,False,False,False,1,"[{""id"":""9077de85689d1c4b326980e2"",""date"":""2025/06/23"",""user"":""emily"",""description"":""Tested"",""type"":""Preventative maintenance"",""cost"":"""",""changes"":[],""source"":{}},{""id"":""20ec8e1a9e0b125402a51e89"",""date"":""2026/05/29"",""user"":""emily"",""description"":""Smaarted"",""type"":""Preventative maintenance"",""cost"":"""",""changes"":[],""source"":{}}]",AX,Store,
VIRAY120#10,Coda,Viray 120,0039684,compact 3-way symmetrical line array,,2026-06-25T00:00:00,,,False,False,True,False,False,1,"[{""id"":""62844a17edaba88ca2968300"",""date"":""2025/06/23"",""user"":""emily"",""description"":""Tested"",""type"":""Preventative maintenance"",""cost"":"""",""changes"":[],""source"":{}},{""id"":""6cb900a46405ca97cc442f94"",""date"":""2026/05/29"",""user"":""emily"",""description"":""Smaarted"",""type"":""Preventative maintenance"",""cost"":"""",""changes"":[],""source"":{}},{""id"":""376c67265bb019ed17a04899"",""date"":""2026/01/01"",""user"":""emily"",""description"":""3-1 mid no good"",""type"":""Fault"",""cost"":"""",""changes"":[{""kind"":""degraded"",""action"":""marked""}],""source"":{}}]",AX,Store,
VIRAY120#11,Coda,Viray 120,0039666,compact 3-way symmetrical line array,,2026-06-25T00:00:00,,,False,False,True,False,False,1,"[{""id"":""49c888a70a4e04cecc59ba6d"",""date"":""2025/06/23"",""user"":""emily"",""description"":""Tested"",""type"":""Preventative maintenance"",""cost"":"""",""changes"":[],""source"":{}},{""id"":""8221ac596a489c6e72e3c3f0"",""date"":""2026/05/29"",""user"":""emily"",""description"":""Smaarted"",""type"":""Preventative maintenance"",""cost"":"""",""changes"":[],""source"":{}},{""id"":""dd6f75b136a85523c73f546d"",""date"":""2026/01/01"",""user"":""emily"",""description"":""3-4 Mid no Good"",""type"":""Fault"",""cost"":"""",""changes"":[{""kind"":""degraded"",""action"":""marked""}],""source"":{}}]",AX,Store,
VIRAY120#12,Coda,Viray 120,0039682,compact 3-way symmetrical line array,,2026-06-25T00:00:00,,,False,False,True,False,False,1,"[{""id"":""7a7f58dbef44b10bce4959d9"",""date"":""2025/06/23"",""user"":""emily"",""description"":""Tested"",""type"":""Preventative maintenance"",""cost"":"""",""changes"":[],""source"":{}},{""id"":""78d14af3922980a8b3fa9b25"",""date"":""2026/05/29"",""user"":""emily"",""description"":""Smaarted"",""type"":""Preventative maintenance"",""cost"":"""",""changes"":[],""source"":{}},{""id"":""d90e6d0b1dd9791c642dc475"",""date"":""2026/01/01"",""user"":""emily"",""description"":""4-1 Highs weak"",""type"":""Fault"",""cost"":"""",""changes"":[{""kind"":""degraded"",""action"":""marked""}],""source"":{}}]",AX,Store,
VIRAY120#13,Coda,Viray 120,0040720,compact 3-way symmetrical line array,,2026-06-25T00:00:00,,,False,False,True,False,False,1,"[{""id"":""84ea9f02cb8a98a952b826be"",""date"":""2025/06/23"",""user"":""emily"",""description"":""Tested"",""type"":""Preventative maintenance"",""cost"":"""",""changes"":[],""source"":{}},{""id"":""0f0732ef8c3f7e87d28cc5b3"",""date"":""2026/05/29"",""user"":""emily"",""description"":""Smaarted"",""type"":""Preventative maintenance"",""cost"":"""",""changes"":[],""source"":{}},{""id"":""ecc4550cf1f33100db724618"",""date"":""2026/01/01"",""user"":""emily"",""description"":""4-4 highs weak"",""type"":""Fault"",""cost"":"""",""changes"":[{""kind"":""degraded"",""action"":""marked""}],""source"":{}}]",AX,Store,
VIRAY120#14,Coda,Viray 120,0039508,compact 3-way symmetrical line array,,2026-06-25T00:00:00,,,False,False,False,False,False,1,"[{""id"":""453a84dbb36ea704a31e3ba1"",""date"":""2025/06/23"",""user"":""emily"",""description"":""Tested"",""type"":""Preventative maintenance"",""cost"":"""",""changes"":[],""source"":{}},{""id"":""e7f9add569ca8ef8274f4db2"",""date"":""2026/01/01"",""user"":""emily"",""description"":""looks ok, sounds ok, low mids out of phase???"",""type"":""General"",""cost"":"""",""changes"":[],""source"":{}}]",AX,Store,
VIRAY120#15,Coda,Viray 120,0040708,compact 3-way symmetrical line array,,2026-06-25T00:00:00,,,False,False,False,False,False,1,"[{""id"":""2b47037ccae60a45f38c7398"",""date"":""2025/06/23"",""user"":""emily"",""description"":""Tested"",""type"":""Preventative maintenance"",""cost"":"""",""changes"":[],""source"":{}},{""id"":""8068adc7857ec6ca04faca4f"",""date"":""2026/01/01"",""user"":""emily"",""description"":""looks ok, sounds ok, low mids out of phase???"",""type"":""General"",""cost"":"""",""changes"":[],""source"":{}}]",AX,Store,
VIRAY120#16,Coda,Viray 120,0039676,compact 3-way symmetrical line array,,2026-06-25T00:00:00,,,False,False,True,False,False,1,"[{""id"":""4670ece6caec7febff19099d"",""date"":""2025/06/23"",""user"":""emily"",""description"":""Tested"",""type"":""Preventative maintenance"",""cost"":"""",""changes"":[],""source"":{}},{""id"":""c7e8a82e7d553d624477813a"",""date"":""2026/01/01"",""user"":""emily"",""description"":""no mids, no highs"",""type"":""Fault"",""cost"":"""",""changes"":[{""kind"":""degraded"",""action"":""marked""}],""source"":{}}]",AX,Store,
VIRAY120#17,Coda,Viray 120,0038096,compact 3-way symmetrical line array,,2026-06-25T00:00:00,,,False,False,True,False,False,1,"[{""id"":""541f6eb81568928989aea1bb"",""date"":""2025/06/23"",""user"":""emily"",""description"":""Tested"",""type"":""Preventative maintenance"",""cost"":"""",""changes"":[],""source"":{}},{""id"":""cec203729c083f62724df325"",""date"":""2026/01/01"",""user"":""emily"",""description"":""missing highs 8k onwards"",""type"":""Fault"",""cost"":"""",""changes"":[{""kind"":""degraded"",""action"":""marked""}],""source"":{}}]",AX,Store,
NRAY90#01,Coda,NRay 90,S34686,"ultra compact, 3-way line array",,2026-06-25T00:00:00,,,False,False,False,False,False,1,,AX,Store,
NRAY90#02,Coda,NRay 90,S34695,"ultra compact, 3-way line array",,2026-06-25T00:00:00,,,False,False,False,False,False,1,,AX,Store,
NRAY90#03,Coda,NRay 90,S34691,"ultra compact, 3-way line array",,2026-06-25T00:00:00,,,False,False,False,False,False,1,,AX,Store,
NRAY90#04,Coda,NRay 90,S34680,"ultra compact, 3-way line array",,2026-06-25T00:00:00,,,False,False,False,False,False,1,,AX,Store,
NRAY90#05,Coda,NRay 90,S34693,"ultra compact, 3-way line array",,2026-06-25T00:00:00,,,False,False,False,False,False,1,,AX,Store,
NRAY90#06,Coda,NRay 90,S34707,"ultra compact, 3-way line array",,2026-06-25T00:00:00,,,False,False,False,False,False,1,,AX,Store,
NRAY90#07,Coda,NRay 90,S32715,"ultra compact, 3-way line array",,2026-06-25T00:00:00,,,False,False,False,False,False,1,,AX,Store,
NRAY90#08,Coda,NRay 90,S34696,"ultra compact, 3-way line array",,2026-06-25T00:00:00,,,False,False,False,False,False,1,,AX,Store,
NRAY90#09,Coda,NRay 90,S34684,"ultra compact, 3-way line array",,2026-06-25T00:00:00,,,False,False,False,False,False,1,,AX,Store,
NRAY90#10,Coda,NRay 90,S34701,"ultra compact, 3-way line array",,2026-06-25T00:00:00,,,False,False,False,False,False,1,,AX,Store,
NRAY90#11,Coda,NRay 90,S34708,"ultra compact, 3-way line array",,2026-06-25T00:00:00,,,False,False,False,False,False,1,,AX,Store,
NRAY90#12,Coda,NRay 90,S34682,"ultra compact, 3-way line array",,2026-06-25T00:00:00,,,False,False,False,False,False,1,,AX,Store,
NRAY90#13,Coda,NRay 90,S34688,"ultra compact, 3-way line array",,2026-06-25T00:00:00,,,False,False,False,False,False,1,,AX,Store,
NRAY90#14,Coda,NRay 90,S34687,"ultra compact, 3-way line array",,2026-06-25T00:00:00,,,False,False,False,False,False,1,,AX,Store,
NRAY90#15,Coda,NRay 90,S34702,"ultra compact, 3-way line array",,2026-06-25T00:00:00,,,False,False,False,False,False,1,,AX,Store,
NRAY90#16,Coda,NRay 90,S34698,"ultra compact, 3-way line array",,2026-06-25T00:00:00,,,False,False,False,False,False,1,,AX,Store,
NRAY90#17,Coda,NRay 90,S34703,"ultra compact, 3-way line array",,2026-06-25T00:00:00,,,False,False,False,False,False,1,,AX,Store,
NRAY90#18,Coda,NRay 90,S34697,"ultra compact, 3-way line array",,2026-06-25T00:00:00,,,False,False,False,False,False,1,,AX,Store,
NRAY90#19,Coda,NRay 90,S47597,"ultra compact, 3-way line array",,2026-06-25T00:00:00,,,False,False,False,False,False,1,,AX,Store,
NRAY90#20,Coda,NRay 90,S34677,"ultra compact, 3-way line array",,2026-06-25T00:00:00,,,False,False,False,False,False,1,,AX,Store,
NRAY90#21,Coda,NRay 90,S34700,"ultra compact, 3-way line array",,2026-06-25T00:00:00,,,False,False,False,False,False,1,,AX,Store,
NRAY90#22,Coda,NRay 90,S34704,"ultra compact, 3-way line array",,2026-06-25T00:00:00,,,False,False,False,False,False,1,,AX,Store,
NRAY90#23,Coda,NRay 90,S34706,"ultra compact, 3-way line array",,2026-06-25T00:00:00,,,False,False,False,False,False,1,,AX,Store,
NRAY90#24,Coda,NRay 90,S47584,"ultra compact, 3-way line array",,2026-06-25T00:00:00,,,False,False,False,False,False,1,,AX,Store,
NRAY90#25,Coda,NRay 90,S34705,"ultra compact, 3-way line array",,2026-06-25T00:00:00,,,False,False,False,False,False,1,,AX,Store,
NRAY90#26,Coda,NRay 90,S34690,"ultra compact, 3-way line array",,2026-06-25T00:00:00,,,False,False,False,False,False,1,,AX,Store,
NRAY90#27,Coda,NRay 90,S34683,"ultra compact, 3-way line array",,2026-06-25T00:00:00,,,False,False,False,False,False,1,,AX,Store,
NRAY90#28,Coda,NRay 90,S34713,"ultra compact, 3-way line array",,2026-06-25T00:00:00,,,False,False,False,False,False,1,,AX,Store,
NRAY90#29,Coda,NRay 90,S47591,"ultra compact, 3-way line array",,2026-06-25T00:00:00,,,False,False,False,False,False,1,,AX,Store,
NRAY90#30,Coda,NRay 90,S34681,"ultra compact, 3-way line array",,2026-06-25T00:00:00,,,False,False,False,False,False,1,,AX,Store,
NRAY90#31,Coda,NRay 90,S34694,"ultra compact, 3-way line array",,2026-06-25T00:00:00,,,False,False,False,False,False,1,,AX,Store,
NRAY90#32,Coda,NRay 90,S47626,"ultra compact, 3-way line array",,2026-06-25T00:00:00,,,False,False,False,False,False,1,,AX,Store,
NRAY90#33,Coda,NRay 90,S34711,"ultra compact, 3-way line array",,2026-06-25T00:00:00,,,False,False,False,False,False,1,,AX,Store,
NRAY90#34,Coda,NRay 90,S47614,"ultra compact, 3-way line array",,2026-06-25T00:00:00,,,False,False,False,False,False,1,,AX,Store,
NRAY90#35,Coda,NRay 90,S34685,"ultra compact, 3-way line array",,2026-06-25T00:00:00,,,False,False,False,False,False,1,,AX,Store,
NRAY90#36,Coda,NRay 90,S47612,"ultra compact, 3-way line array",,2026-06-25T00:00:00,,,False,False,False,False,False,1,,AX,Store,
NRAY120#01,Coda,NRay 120,S34722,"ultra compact, 3-way line array",,2026-06-25T00:00:00,,,False,False,False,False,False,1,,AX,Store,
NRAY120#02,Coda,NRay 120,S34739,"ultra compact, 3-way line array",,2026-06-25T00:00:00,,,False,False,False,False,False,1,,AX,Store,
NRAY120#03,Coda,NRay 120,S34738,"ultra compact, 3-way line array",,2026-06-25T00:00:00,,,False,False,False,False,False,1,,AX,Store,
NRAY120#04,Coda,NRay 120,S34734,"ultra compact, 3-way line array",,2026-06-25T00:00:00,,,False,False,False,False,False,1,,AX,Store,
NRAY120#05,Coda,NRay 120,S34724,"ultra compact, 3-way line array",,2026-06-25T00:00:00,,,False,False,False,False,False,1,,AX,Store,
NRAY120#06,Coda,NRay 120,S34727,"ultra compact, 3-way line array",,2026-06-25T00:00:00,,,False,False,False,False,False,1,,AX,Store,
NRAY120#07,Coda,NRay 120,S41795,"ultra compact, 3-way line array",,2026-06-25T00:00:00,,,False,False,False,False,False,1,,AX,Store,
NRAY120#08,Coda,NRay 120,S41798,"ultra compact, 3-way line array",,2026-06-25T00:00:00,,,False,False,False,False,False,1,,AX,Store,
NRAY120#09,Coda,NRay 120,S34726,"ultra compact, 3-way line array",,2026-06-25T00:00:00,,,False,False,False,False,False,1,,AX,Store,
NRAY120#10,Coda,NRay 120,S34736,"ultra compact, 3-way line array",,2026-06-25T00:00:00,,,False,False,False,False,False,1,,AX,Store,
NRAY120#11,Coda,NRay 120,S34728,"ultra compact, 3-way line array",,2026-06-25T00:00:00,,,False,False,False,False,False,1,,AX,Store,
NRAY120#12,Coda,NRay 120,S34729,"ultra compact, 3-way line array",,2026-06-25T00:00:00,,,False,False,False,False,False,1,,AX,Store,
NRAY120#13,Coda,NRay 120,S34725,"ultra compact, 3-way line array",,2026-06-25T00:00:00,,,False,False,False,False,False,1,,AX,Store,
NRAY120#14,Coda,NRay 120,S34730,"ultra compact, 3-way line array",,2026-06-25T00:00:00,,,False,False,False,False,False,1,,AX,Store,
NRAY120#15,Coda,NRay 120,S34721,"ultra compact, 3-way line array",,2026-06-25T00:00:00,,,False,False,False,False,False,1,,AX,Store,
NRAY120#16,Coda,NRay 120,S34737,"ultra compact, 3-way line array",,2026-06-25T00:00:00,,,False,False,False,False,False,1,,AX,Store,
NRAY120#17,Coda,NRay 120,S34731,"ultra compact, 3-way line array",,2026-06-25T00:00:00,,,False,False,False,False,False,1,,AX,Store,
NRAY120#18,Coda,NRay 120,S34720,"ultra compact, 3-way line array",,2026-06-25T00:00:00,,,False,False,False,False,False,1,,AX,Store,
APS60#01,Coda,APS 60,S20487,Arrayable Point Source,,2026-06-25T00:00:00,,,False,False,False,False,False,1,,AX,Store,
APS90#01,Coda,APS 90,S20809,90deg Arrayable Point Source,,2026-06-25T00:00:00,,,False,False,False,False,False,1,,AX,Store,
APS90#02,Coda,APS 90,S20808,90deg Arrayable Point Source,,2026-06-25T00:00:00,,,False,False,False,False,False,1,,AX,Store,
APS90#03,Coda,APS 90,S20812,90deg Arrayable Point Source,,2026-06-25T00:00:00,,,False,False,False,False,False,1,,AX,Store,
APS90#04,Coda,APS 90,S20806,90deg Arrayable Point Source,,2026-06-25T00:00:00,,,False,False,False,False,False,1,,AX,Store,
APS90#05,Coda,APS 90,S20807,90deg Arrayable Point Source,,2026-06-25T00:00:00,,,False,False,False,False,False,1,,AX,Store,
APS90#06,Coda,APS 90,S20857,90deg Arrayable Point Source,,2026-06-25T00:00:00,,,False,False,False,False,False,1,,AX,Store,
APS90#07,Coda,APS 90,S20483,90deg Arrayable Point Source,,2026-06-25T00:00:00,,,False,False,False,False,False,1,,AX,Store,
APS90#08,Coda,APS 90,S20481,90deg Arrayable Point Source,,2026-06-25T00:00:00,,,False,False,False,False,False,1,,AX,Store,
APS90#09,Coda,APS 90,S20824,90deg Arrayable Point Source,,2026-06-25T00:00:00,,,False,False,False,False,False,1,,AX,Store,
APS90#10,Coda,APS 90,S20856,90deg Arrayable Point Source,,2026-06-25T00:00:00,,,False,False,False,False,False,1,,AX,Store,
APS90#11,Coda,APS 90,S20849,90deg Arrayable Point Source,,2026-06-25T00:00:00,,,False,True,False,False,False,1,,AX,Store,
APS120#01,Coda,APS 120,S20488,120deg Arrayable Point Source,,2026-06-25T00:00:00,,,False,False,False,False,False,1,,AX,Store,
APS120#02,Coda,APS 120,S20482,120deg Arrayable Point Source,,2026-06-25T00:00:00,,,False,False,False,False,False,1,,AX,Store,
APS120#03,Coda,APS 120,S20484,120deg Arrayable Point Source,,2026-06-25T00:00:00,,,False,False,False,False,False,1,,AX,Store,
APS120#04,Coda,APS 120,S20485,120deg Arrayable Point Source,,2026-06-25T00:00:00,,,False,False,False,False,False,1,,AX,Store,
APS120#05,Coda,APS 120,S20805,120deg Arrayable Point Source,,2026-06-25T00:00:00,,,False,False,False,False,False,1,,AX,Store,
APS120#06,Coda,APS 120,S20486,120deg Arrayable Point Source,,2026-06-25T00:00:00,,,False,False,False,False,False,1,,AX,Store,
NAPS90#01,Coda,N-APS 90,S30956,90deg compact dual 6.5” / 2-way arrayable point source,,2026-06-25T00:00:00,,,False,False,False,False,False,1,,AX,Store,
NAPS90#02,Coda,N-APS 90,S30951,90deg compact dual 6.5” / 2-way arrayable point source,,2026-06-25T00:00:00,,,False,False,False,False,False,1,,AX,Store,
NAPS90#03,Coda,N-APS 90,S30957,90deg compact dual 6.5” / 2-way arrayable point source,,2026-06-25T00:00:00,,,False,False,False,False,False,1,,AX,Store,
NAPS90#04,Coda,N-APS 90,S30952,90deg compact dual 6.5” / 2-way arrayable point source,,2026-06-25T00:00:00,,,False,False,False,False,False,1,,AX,Store,
NAPS90#05,Coda,N-APS 90,S30944,90deg compact dual 6.5” / 2-way arrayable point source,,2026-06-25T00:00:00,,,False,False,False,False,False,1,,AX,Store,
NAPS90#06,Coda,N-APS 90,S30055,90deg compact dual 6.5” / 2-way arrayable point source,,2026-06-25T00:00:00,,,False,False,False,False,False,1,,AX,Store,
NAPS90#07,Coda,N-APS 90,S30940,90deg compact dual 6.5” / 2-way arrayable point source,,2026-06-25T00:00:00,,,False,False,False,False,False,1,,AX,Store,
NAPS90#08,Coda,N-APS 90,S30946,90deg compact dual 6.5” / 2-way arrayable point source,,2026-06-25T00:00:00,,,False,False,False,False,False,1,,AX,Store,
NAPS90#09,Coda,N-APS 90,S30948,90deg compact dual 6.5” / 2-way arrayable point source,,2026-06-25T00:00:00,,,False,True,False,False,False,1,,AX,Store,
NAPS90#10,Coda,N-APS 90,S30954,90deg compact dual 6.5” / 2-way arrayable point source,,2026-06-25T00:00:00,,,False,True,False,False,False,1,,AX,Store,
NAPS90#11,Coda,N-APS 90,,90deg compact dual 6.5” / 2-way arrayable point source,,2026-06-25T00:00:00,,,False,False,False,False,False,1,,AX,Store,
NAPS90#12,Coda,N-APS 90,,90deg compact dual 6.5” / 2-way arrayable point source,,2026-06-25T00:00:00,,,False,False,False,False,False,1,,AX,Store,
NAPS90#13,Coda,N-APS 90,,90deg compact dual 6.5” / 2-way arrayable point source,,2026-06-25T00:00:00,,,False,False,False,False,False,1,,AX,Store,
NAPS90#14,Coda,N-APS 90,,90deg compact dual 6.5” / 2-way arrayable point source,,2026-06-25T00:00:00,,,False,False,False,False,False,1,,AX,Store,
NAPS90#15,Coda,N-APS 90,,90deg compact dual 6.5” / 2-way arrayable point source,,2026-06-25T00:00:00,,,False,False,False,False,False,1,,AX,Store,
NAPS90#16,Coda,N-APS 90,,90deg compact dual 6.5” / 2-way arrayable point source,,2026-06-25T00:00:00,,,False,False,False,False,False,1,,AX,Store,
NAPS90#17,Coda,N-APS 90,,90deg compact dual 6.5” / 2-way arrayable point source,,2026-06-25T00:00:00,,,False,False,False,False,False,1,,AX,Store,
NAPS90#18,Coda,N-APS 90,,90deg compact dual 6.5” / 2-way arrayable point source,,2026-06-25T00:00:00,,,False,False,False,False,False,1,,AX,Store,
NAPS90#19,Coda,N-APS 90,,90deg compact dual 6.5” / 2-way arrayable point source,,2026-06-25T00:00:00,,,False,False,False,False,False,1,,AX,Store,
NAPS90#20,Coda,N-APS 90,,90deg compact dual 6.5” / 2-way arrayable point source,,2026-06-25T00:00:00,,,False,False,False,False,False,1,,AX,Store,
HOPS8#01,Coda,HOPS8,S29196,"dual 8"" point source, 100deg conical",,2026-06-25T00:00:00,,,False,False,False,False,False,1,,AX,Store,
HOPS8#02,Coda,HOPS8,S21225,"dual 8"" point source, 100deg conical",,2026-06-25T00:00:00,,,False,False,False,False,False,1,,AX,Store,
HOPS8#03,Coda,HOPS8,S21230,"dual 8"" point source, 100deg conical",,2026-06-25T00:00:00,,,False,False,False,False,False,1,,AX,Store,
HOPS8#04,Coda,HOPS8,S22234,"dual 8"" point source, 100deg conical",,2026-06-25T00:00:00,,,False,False,False,False,False,1,,AX,Store,
HOPS8#05,Coda,HOPS8,S22247,"dual 8"" point source, 100deg conical",,2026-06-25T00:00:00,,,False,False,False,False,False,1,,AX,Store,
HOPS8#06,Coda,HOPS8,S29864,"dual 8"" point source, 100deg conical",,2026-06-25T00:00:00,,,False,False,False,False,False,1,,AX,Store,
HOPS8#07,Coda,HOPS8,S28973,"dual 8"" point source, 100deg conical",,2026-06-25T00:00:00,,,False,False,False,False,False,1,,AX,Store,
HOPS8#08,Coda,HOPS8,S30714,"dual 8"" point source, 100deg conical",,2026-06-25T00:00:00,,,False,False,False,False,False,1,,AX,Store,
HOPS8#09,Coda,HOPS8,S28980,"dual 8"" point source, 100deg conical",,2026-06-25T00:00:00,,,False,False,False,False,False,1,,AX,Store,
HOPS8#10,Coda,HOPS8,S30724,"dual 8"" point source, 100deg conical",,2026-06-25T00:00:00,,,False,False,False,False,False,1,,AX,Store,
HOPS8#11,Coda,HOPS8,S30723,"dual 8"" point source, 100deg conical",,2026-06-25T00:00:00,,,False,False,False,False,False,1,,AX,Store,
HOPS8#12,Coda,HOPS8,S22231,"dual 8"" point source, 100deg conical",,2026-06-25T00:00:00,,,False,False,False,False,False,1,,AX,Store,
HOPS8#13,Coda,HOPS8,S21227,"dual 8"" point source, 100deg conical",,2026-06-25T00:00:00,,,False,False,False,False,False,1,,AX,Store,
HOPS8#14,Coda,HOPS8,S29897,"dual 8"" point source, 100deg conical",,2026-06-25T00:00:00,,,False,False,False,False,False,1,,AX,Store,
HOPS8#15,Coda,HOPS8,S21234,"dual 8"" point source, 100deg conical",,2026-06-25T00:00:00,,,False,False,False,False,False,1,,AX,Store,
HOPS8#16,Coda,HOPS8,S30718,"dual 8"" point source, 100deg conical",,2026-06-25T00:00:00,,,False,False,False,False,False,1,,AX,Store,
HOPS8#17,Coda,HOPS8,S29211,"dual 8"" point source, 100deg conical",,2026-06-25T00:00:00,,,False,False,False,False,False,1,,AX,Store,
HOPS8#18,Coda,HOPS8,S29916,"dual 8"" point source, 100deg conical",,2026-06-25T00:00:00,,,False,False,False,False,False,1,,AX,Store,
HOPS8#19,Coda,HOPS8,S30720,"dual 8"" point source, 100deg conical",,2026-06-25T00:00:00,,,False,False,False,False,False,1,,AX,Store,
HOPS8#20,Coda,HOPS8,S21220,"dual 8"" point source, 100deg conical",,2026-06-25T00:00:00,,,False,False,False,False,False,1,,AX,Store,
HOPS8#21,Coda,HOPS8,S28975,"dual 8"" point source, 100deg conical",,2026-06-25T00:00:00,,,False,False,False,False,False,1,,AX,Store,
HOPS8#22,Coda,HOPS8,S29878,"dual 8"" point source, 100deg conical",,2026-06-25T00:00:00,,,False,False,False,False,False,1,,AX,Store,
HOPS8#23,Coda,HOPS8,S22233,"dual 8"" point source, 100deg conical",,2026-06-25T00:00:00,,,False,False,False,False,False,1,,AX,Store,
HOPS8#24,Coda,HOPS8,S29234,"dual 8"" point source, 100deg conical",,2026-06-25T00:00:00,,,False,False,True,False,False,1,"[{""id"":""8b60bfaeb23b6469c02ab4e8"",""date"":""2026/01/01"",""user"":""emily"",""description"":""No Thread, cannot fly"",""type"":""Fault"",""cost"":"""",""changes"":[{""kind"":""degraded"",""action"":""marked""}],""source"":{}}]",AX,Store,
HOPS8#25,Coda,HOPS8,S30721,"dual 8"" point source, 100deg conical",,2026-06-25T00:00:00,,,False,False,True,False,False,1,"[{""id"":""7177c853337131cdb8f4fb2a"",""date"":""2026/01/01"",""user"":""emily"",""description"":""No Thread, cannot fly"",""type"":""Fault"",""cost"":"""",""changes"":[{""kind"":""degraded"",""action"":""marked""}],""source"":{}}]",AX,Store,
HOPS8#26,Coda,HOPS8,S22253,"dual 8"" point source, 100deg conical",,2026-06-25T00:00:00,,,False,False,False,False,False,1,,AX,Store,
HOPS8#27,Coda,HOPS8,S22232,"dual 8"" point source, 100deg conical",,2026-06-25T00:00:00,,,False,False,False,False,False,1,,AX,Store,
HOPS8#28,Coda,HOPS8,H8-001,"dual 8"" point source, 100deg conical",,2026-06-25T00:00:00,,,False,False,False,False,False,1,,AX,Store,
HOPS8#29,Coda,HOPS8,H8-002,"dual 8"" point source, 100deg conical",,2026-06-25T00:00:00,,,False,False,False,False,False,1,,AX,Store,
HOPS8#30,Coda,HOPS8,H8-003,"dual 8"" point source, 100deg conical",,2026-06-25T00:00:00,,,False,False,False,False,False,1,,AX,Store,
HOPS8#31,Coda,HOPS8,H8-004,"dual 8"" point source, 100deg conical",,2026-06-25T00:00:00,,,False,False,False,False,False,1,,AX,Store,
HOPS8#32,Coda,HOPS8,H8-005,"dual 8"" point source, 100deg conical",,2026-06-25T00:00:00,,,False,False,False,False,False,1,,AX,Store,
HOPS8#33,Coda,HOPS8,H8-006,"dual 8"" point source, 100deg conical",,2026-06-25T00:00:00,,,False,False,False,False,False,1,,AX,Store,
HOPS8#34,Coda,HOPS8,H8-007,"dual 8"" point source, 100deg conical",,2026-06-25T00:00:00,,,False,False,False,False,False,1,,AX,Store,
HOPS8#37,Coda,HOPS8,H8-010,"dual 8"" point source, 100deg conical",,2026-06-25T00:00:00,,,False,False,False,False,False,1,,AX,Store,
HOPS8#38,Coda,HOPS8,,"dual 8"" point source, 100deg conical",,2026-06-25T00:00:00,,,False,False,False,False,False,1,,AX,Store,
HOPS8#39,Coda,HOPS8,22227,"dual 8"" point source, 100deg conical",,2026-06-25T00:00:00,,,False,False,True,False,False,1,"[{""id"":""5aa8576db903aeb19ea13e88"",""date"":""2026/01/01"",""user"":""emily"",""description"":""No Highs"",""type"":""Fault"",""cost"":"""",""changes"":[{""kind"":""degraded"",""action"":""marked""}],""source"":{}}]",AX,Store,
HOPS8#40,Coda,HOPS8,30719,"dual 8"" point source, 100deg conical",,2026-06-25T00:00:00,,,False,False,True,False,False,1,"[{""id"":""7d86ff8d25b51d614d73a45f"",""date"":""2026/01/01"",""user"":""emily"",""description"":""No Highs"",""type"":""Fault"",""cost"":"""",""changes"":[{""kind"":""degraded"",""action"":""marked""}],""source"":{}}]",AX,Store,
HOPS8#41,Coda,HOPS8,S22238,"dual 8"" point source, 100deg conical",,2026-06-25T00:00:00,,,False,False,False,False,False,1,,AX,Store,PPPS
HOPS8#42,Coda,HOPS8,S22245,"dual 8"" point source, 100deg conical",,2026-06-25T00:00:00,,,False,False,False,False,False,1,,AX,Store,PPPS
HOPS8#43,Coda,HOPS8,S30722,"dual 8"" point source, 100deg conical",,2026-06-25T00:00:00,,,False,False,False,False,False,1,,AX,Store,PPPS
HOPS8#44,Coda,HOPS8,S22256,"dual 8"" point source, 100deg conical",,2026-06-25T00:00:00,,,False,False,False,False,False,1,,AX,Store,PPPS
HOPS8#45,Coda,HOPS8,S21222,"dual 8"" point source, 100deg conical",,2026-06-25T00:00:00,,,False,False,False,False,False,1,,AX,Store,PPPS
HOPS8#46,Coda,HOPS8,,"dual 8"" point source, 100deg conical",,2026-06-25T00:00:00,,,False,False,False,False,False,1,,AX,Store,PPPS
HOPS8#47,Coda,HOPS8,,"dual 8"" point source, 100deg conical",,2026-06-25T00:00:00,,,False,False,False,False,False,1,,AX,Store,PPPS
HOPS8#48,Coda,HOPS8,,"dual 8"" point source, 100deg conical",,2026-06-25T00:00:00,,,False,False,False,False,False,1,,AX,Store,PPPS
G715#01,Coda,G715,0030038,high-performance 3-way multifunctional loudspeaker,,2026-06-25T00:00:00,,,False,False,False,False,False,1,,AX,Store,
G715#02,Coda,G715,0030253,high-performance 3-way multifunctional loudspeaker,,2026-06-25T00:00:00,,,False,False,False,False,False,1,,AX,Store,
G715#03,Coda,G715,0030241,high-performance 3-way multifunctional loudspeaker,,2026-06-25T00:00:00,,,False,False,False,False,False,1,,AX,Store,
G715#04,Coda,G715,0030044,high-performance 3-way multifunctional loudspeaker,,2026-06-25T00:00:00,,,False,False,False,False,False,1,,AX,Store,
G715#05,Coda,G715,0030249,high-performance 3-way multifunctional loudspeaker,,2026-06-25T00:00:00,,,False,False,False,False,False,1,,AX,Store,
G715#06,Coda,G715,0030242,high-performance 3-way multifunctional loudspeaker,,2026-06-25T00:00:00,,,False,False,False,False,False,1,,AX,Store,
G715#07,Coda,G715,0030243,high-performance 3-way multifunctional loudspeaker,,2026-06-25T00:00:00,,,False,False,False,False,False,1,,AX,Store,
G715#08,Coda,G715,0030256,high-performance 3-way multifunctional loudspeaker,,2026-06-25T00:00:00,,,False,False,False,False,False,1,,AX,Store,
G715#09,Coda,G715,0030045,high-performance 3-way multifunctional loudspeaker,,2026-06-25T00:00:00,,,False,False,False,False,False,1,,AX,Store,
G715#10,Coda,G715,0030040,high-performance 3-way multifunctional loudspeaker,,2026-06-25T00:00:00,,,False,False,False,False,False,1,,AX,Store,
G715#11,Coda,G715,0030238,high-performance 3-way multifunctional loudspeaker,,2026-06-25T00:00:00,,,False,False,False,False,False,1,,AX,Store,
G715#12,Coda,G715,0029958,high-performance 3-way multifunctional loudspeaker,,2026-06-25T00:00:00,,,False,False,False,False,False,1,,AX,Store,
G715#13,Coda,G715,0030240,high-performance 3-way multifunctional loudspeaker,,2026-06-25T00:00:00,,,False,False,False,False,False,1,,AX,Store,
G715#14,Coda,G715,0030046,high-performance 3-way multifunctional loudspeaker,,2026-06-25T00:00:00,,,False,False,False,False,False,1,,AX,Store,
G715#15,Coda,G715,0030250,high-performance 3-way multifunctional loudspeaker,,2026-06-25T00:00:00,,,False,False,False,False,False,1,,AX,Store,
G715#16,Coda,G715,0029954,high-performance 3-way multifunctional loudspeaker,,2026-06-25T00:00:00,,,False,False,False,False,False,1,,AX,Store,
G715#17,Coda,G715,0030052,high-performance 3-way multifunctional loudspeaker,,2026-06-25T00:00:00,,,False,False,False,False,False,1,,AX,Store,
G715#18,Coda,G715,0029959,high-performance 3-way multifunctional loudspeaker,,2026-06-25T00:00:00,,,False,False,False,False,False,1,,AX,Store,
G715#19,Coda,G715,0030257,high-performance 3-way multifunctional loudspeaker,,2026-06-25T00:00:00,,,False,False,False,False,False,1,,AX,Store,
G715#20,Coda,G715,0030041,high-performance 3-way multifunctional loudspeaker,,2026-06-25T00:00:00,,,False,False,False,False,False,1,,AX,Store,
G715#21,Coda,G715,0030047,high-performance 3-way multifunctional loudspeaker,,2026-06-25T00:00:00,,,False,False,False,False,False,1,,AX,Store,
G715#22,Coda,G715,0030237,high-performance 3-way multifunctional loudspeaker,,2026-06-25T00:00:00,,,False,False,False,False,False,1,,AX,Store,
G715#23,Coda,G715,0030246,high-performance 3-way multifunctional loudspeaker,,2026-06-25T00:00:00,,,False,False,False,False,False,1,,AX,Store,
G715#24,Coda,G715,0030247,high-performance 3-way multifunctional loudspeaker,,2026-06-25T00:00:00,,,False,False,False,False,False,1,,AX,Store,
G715#25,Coda,G715,0029951,high-performance 3-way multifunctional loudspeaker,,2026-06-25T00:00:00,,,False,False,False,False,False,1,,AX,Store,
G715#26,Coda,G715,0030036,high-performance 3-way multifunctional loudspeaker,,2026-06-25T00:00:00,,,False,False,False,False,False,1,,AX,Store,
G715#27,Coda,G715,0030239,high-performance 3-way multifunctional loudspeaker,,2026-06-25T00:00:00,,,False,False,False,False,False,1,,AX,Store,
G715#28,Coda,G715,0030244,high-performance 3-way multifunctional loudspeaker,,2026-06-25T00:00:00,,,False,False,False,False,False,1,,AX,Store,
G715#29,Coda,G715,0030252,high-performance 3-way multifunctional loudspeaker,,2026-06-25T00:00:00,,,False,False,False,False,False,1,,AX,Store,
G715#30,Coda,G715,0030248,high-performance 3-way multifunctional loudspeaker,,2026-06-25T00:00:00,,,False,False,False,False,False,1,,AX,Store,
G715#31,Coda,G715,0029869,high-performance 3-way multifunctional loudspeaker,,2026-06-25T00:00:00,,,False,False,False,False,False,1,,AX,Store,
G715#32,Coda,G715,0030251,high-performance 3-way multifunctional loudspeaker,,2026-06-25T00:00:00,,,False,False,False,False,False,1,,AX,Store,
G715#33,Coda,G715,0030254,high-performance 3-way multifunctional loudspeaker,,2026-06-25T00:00:00,,,False,False,False,False,False,1,,AX,Store,
G715#34,Coda,G715,0030048,high-performance 3-way multifunctional loudspeaker,,2026-06-25T00:00:00,,,False,False,False,False,False,1,,AX,Store,
G715#35,Coda,G715,0030245,high-performance 3-way multifunctional loudspeaker,,2026-06-25T00:00:00,,,False,False,False,False,False,1,,AX,Store,
G715#36,Coda,G715,0029946,high-performance 3-way multifunctional loudspeaker,,2026-06-25T00:00:00,,,False,False,False,False,False,1,,AX,Store,
D5#01,Coda,D5-Cube,S08540,passive 2-way 5”/1” coaxial loudspeaker system,,2026-06-25T00:00:00,,,False,False,False,False,False,1,,AX,Store,
D5#02,Coda,D5-Cube,S08541,passive 2-way 5”/1” coaxial loudspeaker system,,2026-06-25T00:00:00,,,False,False,False,False,False,1,,AX,Store,
D5#03,Coda,D5-Cube,S08538,passive 2-way 5”/1” coaxial loudspeaker system,,2026-06-25T00:00:00,,,False,False,False,False,False,1,,AX,Store,
D5#04,Coda,D5-Cube,S08531,passive 2-way 5”/1” coaxial loudspeaker system,,2026-06-25T00:00:00,,,False,False,False,False,False,1,,AX,Store,
D5#05,Coda,D5-Cube,S08535,passive 2-way 5”/1” coaxial loudspeaker system,,2026-06-25T00:00:00,,,False,False,False,False,False,1,,AX,Store,
D5#06,Coda,D5-Cube,S08532,passive 2-way 5”/1” coaxial loudspeaker system,,2026-06-25T00:00:00,,,False,False,False,False,False,1,,AX,Store,
D5#07,Coda,D5-Cube,S08542,passive 2-way 5”/1” coaxial loudspeaker system,,2026-06-25T00:00:00,,,False,False,False,False,False,1,,AX,Store,
D5#08,Coda,D5-Cube,S08530,passive 2-way 5”/1” coaxial loudspeaker system,,2026-06-25T00:00:00,,,False,False,False,False,False,1,,AX,Store,
D5#09,Coda,D5-Cube,S08544,passive 2-way 5”/1” coaxial loudspeaker system,,2026-06-25T00:00:00,,,False,False,False,False,False,1,,AX,Store,
D5#10,Coda,D5-Cube,S08534,passive 2-way 5”/1” coaxial loudspeaker system,,2026-06-25T00:00:00,,,False,False,False,False,False,1,,AX,Store,
D5#11,Coda,D5-Cube,S08537,passive 2-way 5”/1” coaxial loudspeaker system,,2026-06-25T00:00:00,,,False,False,False,False,False,1,,AX,Store,
D5#12,Coda,D5-Cube,S08529,passive 2-way 5”/1” coaxial loudspeaker system,,2026-06-25T00:00:00,,,False,False,False,False,False,1,,AX,Store,
D5#13,Coda,D5-Cube,S08533,passive 2-way 5”/1” coaxial loudspeaker system,,2026-06-25T00:00:00,,,False,False,False,False,False,1,,AX,Store,
D5#14,Coda,D5-Cube,S08543,passive 2-way 5”/1” coaxial loudspeaker system,,2026-06-25T00:00:00,,,False,False,False,False,False,1,,AX,Store,
D5#15,Coda,D5-Cube,S08539,passive 2-way 5”/1” coaxial loudspeaker system,,2026-06-25T00:00:00,,,False,False,False,False,False,1,,AX,Store,
D5#16,Coda,D5-Cube,,passive 2-way 5”/1” coaxial loudspeaker system,,2026-06-25T00:00:00,,,False,False,False,False,False,1,,AX,Store,
SCP#01,Coda,SCP,0042548,"2x 18"" sensor controlled subwoofer",,2026-06-25T00:00:00,,,False,False,False,False,False,1,,AX,Store,
SCP#02,Coda,SCP,0042546,"2x 18"" sensor controlled subwoofer",,2026-06-25T00:00:00,,,False,False,False,False,False,1,,AX,Store,
SCP#03,Coda,SCP,0042537,"2x 18"" sensor controlled subwoofer",,2026-06-25T00:00:00,,,False,False,False,False,False,1,,AX,Store,
SCP#04,Coda,SCP,0042562,"2x 18"" sensor controlled subwoofer",,2026-06-25T00:00:00,,,False,False,False,False,False,1,,AX,Store,
SCP#05,Coda,SCP,0042555,"2x 18"" sensor controlled subwoofer",,2026-06-25T00:00:00,,,False,False,False,False,False,1,,AX,Store,
SCP#06,Coda,SCP,0042567,"2x 18"" sensor controlled subwoofer",,2026-06-25T00:00:00,,,False,False,False,False,False,1,,AX,Store,
SCP#07,Coda,SCP,0042553,"2x 18"" sensor controlled subwoofer",,2026-06-25T00:00:00,,,False,False,False,False,False,1,,AX,Store,
SCP#08,Coda,SCP,0042565,"2x 18"" sensor controlled subwoofer",,2026-06-25T00:00:00,,,False,False,False,False,False,1,,AX,Store,
SCP#09,Coda,SCP,0042551,"2x 18"" sensor controlled subwoofer",,2026-06-25T00:00:00,,,False,False,False,False,False,1,,AX,Store,
SCP#10,Coda,SCP,0042559,"2x 18"" sensor controlled subwoofer",,2026-06-25T00:00:00,,,False,False,False,False,False,1,,AX,Store,
SCP#11,Coda,SCP,0042558,"2x 18"" sensor controlled subwoofer",,2026-06-25T00:00:00,,,False,False,False,False,False,1,,AX,Store,
SCP#12,Coda,SCP,0041831,"2x 18"" sensor controlled subwoofer",,2026-06-25T00:00:00,,,False,False,False,False,False,1,,AX,Store,
SCP#13,Coda,SCP,0042541,"2x 18"" sensor controlled subwoofer",,2026-06-25T00:00:00,,,False,False,False,False,False,1,,AX,Store,
SCP#14,Coda,SCP,0042545,"2x 18"" sensor controlled subwoofer",,2026-06-25T00:00:00,,,False,False,False,False,False,1,,AX,Store,
SCP#15,Coda,SCP,,"2x 18"" sensor controlled subwoofer",,2026-06-25T00:00:00,,,False,False,False,False,False,1,,AX,Store,
SCP#16,Coda,SCP,,"2x 18"" sensor controlled subwoofer",,2026-06-25T00:00:00,,,False,False,False,False,False,1,,AX,Store,
SCP#17,Coda,SCP,,"2x 18"" sensor controlled subwoofer",,2026-06-25T00:00:00,,,False,False,False,False,False,1,,AX,Store,
SCP#18,Coda,SCP,,"2x 18"" sensor controlled subwoofer",,2026-06-25T00:00:00,,,False,False,False,False,False,1,,AX,Store,
SCP#19,Coda,SCP,,"2x 18"" sensor controlled subwoofer",,2026-06-25T00:00:00,,,False,False,False,False,False,1,,AX,Store,
SCP#20,Coda,SCP,,"2x 18"" sensor controlled subwoofer",,2026-06-25T00:00:00,,,False,False,False,False,False,1,,AX,Store,
SCPF#01,Coda,SCP-F,0045184,"2x 18"" sensor controlled subwoofer",,2026-06-25T00:00:00,,,False,False,False,False,False,1,,AX,Store,
SCPF#02,Coda,SCP-F,0045182,"2x 18"" sensor controlled subwoofer",,2026-06-25T00:00:00,,,False,False,False,False,False,1,,AX,Store,
SCPF#03,Coda,SCP-F,0045195,"2x 18"" sensor controlled subwoofer",,2026-06-25T00:00:00,,,False,False,False,False,False,1,,AX,Store,
SCPF#04,Coda,SCP-F,0045270,"2x 18"" sensor controlled subwoofer",,2026-06-25T00:00:00,,,False,False,False,False,False,1,,AX,Store,
SCPF#05,Coda,SCP-F,0045188,"2x 18"" sensor controlled subwoofer",,2026-06-25T00:00:00,,,False,False,False,False,False,1,,AX,Store,
SCPF#06,Coda,SCP-F,0045198,"2x 18"" sensor controlled subwoofer",,2026-06-25T00:00:00,,,False,False,False,False,False,1,,AX,Store,
SCPF#07,Coda,SCP-F,0045269,"2x 18"" sensor controlled subwoofer",,2026-06-25T00:00:00,,,False,False,False,False,False,1,,AX,Store,
SCPF#08,Coda,SCP-F,0045281,"2x 18"" sensor controlled subwoofer",,2026-06-25T00:00:00,,,False,False,False,False,False,1,,AX,Store,
SCPF#09,Coda,SCP-F,0045190,"2x 18"" sensor controlled subwoofer",,2026-06-25T00:00:00,,,False,False,False,False,False,1,,AX,Store,
SCPF#10,Coda,SCP-F,0045192,"2x 18"" sensor controlled subwoofer",,2026-06-25T00:00:00,,,False,False,False,False,False,1,,AX,Store,
SCPF#11,Coda,SCP-F,0045194,"2x 18"" sensor controlled subwoofer",,2026-06-25T00:00:00,,,False,False,False,False,False,1,,AX,Store,
SCPF#12,Coda,SCP-F,0045187,"2x 18"" sensor controlled subwoofer",,2026-06-25T00:00:00,,,False,False,False,False,False,1,,AX,Store,
SCPF#13,Coda,SCP-F,0045197,"2x 18"" sensor controlled subwoofer",,2026-06-25T00:00:00,,,False,False,False,False,False,1,,AX,Store,
SCPF#14,Coda,SCP-F,0045203,"2x 18"" sensor controlled subwoofer",,2026-06-25T00:00:00,,,False,False,False,False,False,1,,AX,Store,
SCPF#15,Coda,SCP-F,0045200,"2x 18"" sensor controlled subwoofer",,2026-06-25T00:00:00,,,False,False,False,False,False,1,,AX,Store,
SCPF#16,Coda,SCP-F,0045272,"2x 18"" sensor controlled subwoofer",,2026-06-25T00:00:00,,,False,False,False,False,False,1,,AX,Store,
SCPF#17,Coda,SCP-F,0045202,"2x 18"" sensor controlled subwoofer",,2026-06-25T00:00:00,,,False,False,False,False,False,1,,AX,Store,
SCPF#18,Coda,SCP-F,0045185,"2x 18"" sensor controlled subwoofer",,2026-06-25T00:00:00,,,False,False,False,False,False,1,,AX,Store,
SCPF#19,Coda,SCP-F,0045283,"2x 18"" sensor controlled subwoofer",,2026-06-25T00:00:00,,,False,False,False,False,False,1,,AX,Store,
SCPF#20,Coda,SCP-F,0045277,"2x 18"" sensor controlled subwoofer",,2026-06-25T00:00:00,,,False,False,False,False,False,1,,AX,Store,
SCPF#21,Coda,SCP-F,0045276,"2x 18"" sensor controlled subwoofer",,2026-06-25T00:00:00,,,False,False,False,False,False,1,,AX,Store,
SCPF#22,Coda,SCP-F,0045271,"2x 18"" sensor controlled subwoofer",,2026-06-25T00:00:00,,,False,False,False,False,False,1,,AX,Store,
SCPF#23,Coda,SCP-F,0045282,"2x 18"" sensor controlled subwoofer",,2026-06-25T00:00:00,,,False,False,False,False,False,1,,AX,Store,
SCPF#24,Coda,SCP-F,0045193,"2x 18"" sensor controlled subwoofer",,2026-06-25T00:00:00,,,False,False,False,False,False,1,,AX,Store,
SCPF#25,Coda,SCP-F,0045189,"2x 18"" sensor controlled subwoofer",,2026-06-25T00:00:00,,,False,False,False,False,False,1,,AX,Store,
SCPF#26,Coda,SCP-F,0045201,"2x 18"" sensor controlled subwoofer",,2026-06-25T00:00:00,,,False,False,False,False,False,1,,AX,Store,
SCPF#27,Coda,SCP-F,0045186,"2x 18"" sensor controlled subwoofer",,2026-06-25T00:00:00,,,False,False,False,False,False,1,,AX,Store,
SCPF#28,Coda,SCP-F,0045289,"2x 18"" sensor controlled subwoofer",,2026-06-25T00:00:00,,,False,False,False,False,False,1,,AX,Store,
SCPF#29,Coda,SCP-F,0045290,"2x 18"" sensor controlled subwoofer",,2026-06-25T00:00:00,,,False,False,False,False,False,1,,AX,Store,
SCPF#30,Coda,SCP-F,0045196,"2x 18"" sensor controlled subwoofer",,2026-06-25T00:00:00,,,False,False,False,False,False,1,,AX,Store,
SCPF#31,Coda,SCP-F,0045199,"2x 18"" sensor controlled subwoofer",,2026-06-25T00:00:00,,,False,False,False,False,False,1,,AX,Store,
SCPF#32,Coda,SCP-F,,"2x 18"" sensor controlled subwoofer",,2026-06-25T00:00:00,,,False,False,False,False,False,1,,AX,Store,
SC2F#01,Coda,SC2-F,0045100,"Dual 15"" Bass Extension with SC Technology",,2026-06-25T00:00:00,,,False,False,False,False,False,1,,AX,Store,
SC2F#02,Coda,SC2-F,0045174,"Dual 15"" Bass Extension with SC Technology",,2026-06-25T00:00:00,,,False,False,False,False,False,1,,AX,Store,
SC2F#03,Coda,SC2-F,0039991,"Dual 15"" Bass Extension with SC Technology",,2026-06-25T00:00:00,,,False,False,False,False,False,1,,AX,Store,
SC2F#04,Coda,SC2-F,0044932,"Dual 15"" Bass Extension with SC Technology",,2026-06-25T00:00:00,,,False,False,False,False,False,1,,AX,Store,
SC2F#05,Coda,SC2-F,0044462,"Dual 15"" Bass Extension with SC Technology",,2026-06-25T00:00:00,,,False,False,False,False,False,1,,AX,Store,
SC2F#06,Coda,SC2-F,0045167,"Dual 15"" Bass Extension with SC Technology",,2026-06-25T00:00:00,,,False,False,False,False,False,1,,AX,Store,
SC2F#07,Coda,SC2-F,0044891,"Dual 15"" Bass Extension with SC Technology",,2026-06-25T00:00:00,,,False,False,False,False,False,1,,AX,Store,
SC2F#08,Coda,SC2-F,0045175,"Dual 15"" Bass Extension with SC Technology",,2026-06-25T00:00:00,,,False,False,False,False,False,1,,AX,Store,
SC2F#09,Coda,SC2-F,0039993,"Dual 15"" Bass Extension with SC Technology",,2026-06-25T00:00:00,,,False,False,False,False,False,1,,AX,Store,
SC2F#10,Coda,SC2-F,0044933,"Dual 15"" Bass Extension with SC Technology",,2026-06-25T00:00:00,,,False,False,False,False,False,1,,AX,Store,
SC2F#11,Coda,SC2-F,0044513,"Dual 15"" Bass Extension with SC Technology",,2026-06-25T00:00:00,,,False,False,False,False,False,1,,AX,Store,
SC2F#12,Coda,SC2-F,0039999,"Dual 15"" Bass Extension with SC Technology",,2026-06-25T00:00:00,,,False,False,False,False,False,1,,AX,Store,
SC2F#13,Coda,SC2-F,0044507,"Dual 15"" Bass Extension with SC Technology",,2026-06-25T00:00:00,,,False,False,False,False,False,1,,AX,Store,
SC2F#14,Coda,SC2-F,0045176,"Dual 15"" Bass Extension with SC Technology",,2026-06-25T00:00:00,,,False,False,False,False,False,1,,AX,Store,
SC2F#15,Coda,SC2-F,0045177,"Dual 15"" Bass Extension with SC Technology",,2026-06-25T00:00:00,,,False,False,False,False,False,1,,AX,Store,
SC2F#16,Coda,SC2-F,0045168,"Dual 15"" Bass Extension with SC Technology",,2026-06-25T00:00:00,,,False,False,False,False,False,1,,AX,Store,
SC2F#17,Coda,SC2-F,0045169,"Dual 15"" Bass Extension with SC Technology",,2026-06-25T00:00:00,,,False,False,False,False,False,1,,AX,Store,
SC2F#18,Coda,SC2-F,0045173,"Dual 15"" Bass Extension with SC Technology",,2026-06-25T00:00:00,,,False,False,False,False,False,1,,AX,Store,
SC2F#19,Coda,SC2-F,0044890,"Dual 15"" Bass Extension with SC Technology",,2026-06-25T00:00:00,,,False,False,False,False,False,1,,AX,Store,
SC2F#20,Coda,SC2-F,0044504,"Dual 15"" Bass Extension with SC Technology",,2026-06-25T00:00:00,,,False,False,False,False,False,1,,AX,Store,
SC2F#21,Coda,SC2-F,0044889,"Dual 15"" Bass Extension with SC Technology",,2026-06-25T00:00:00,,,False,False,False,False,False,1,,AX,Store,
SC2F#22,Coda,SC2-F,0045166,"Dual 15"" Bass Extension with SC Technology",,2026-06-25T00:00:00,,,False,False,False,False,False,1,,AX,Store,
SC2F#23,Coda,SC2-F,0040007,"Dual 15"" Bass Extension with SC Technology",,2026-06-25T00:00:00,,,False,False,False,False,False,1,,AX,Store,
SC2F#24,Coda,SC2-F,0040003,"Dual 15"" Bass Extension with SC Technology",,2026-06-25T00:00:00,,,False,False,False,False,False,1,,AX,Store,
SC2F#25,Coda,SC2-F,0039995,"Dual 15"" Bass Extension with SC Technology",,2026-06-25T00:00:00,,,False,False,False,False,False,1,,AX,Store,
SC2F#26,Coda,SC2-F,0040004,"Dual 15"" Bass Extension with SC Technology",,2026-06-25T00:00:00,,,False,False,False,False,False,1,,AX,Store,
SC2F#27,Coda,SC2-F,0040011,"Dual 15"" Bass Extension with SC Technology",,2026-06-25T00:00:00,,,False,False,False,False,False,1,,AX,Store,
SC2F#28,Coda,SC2-F,0044508,"Dual 15"" Bass Extension with SC Technology",,2026-06-25T00:00:00,,,False,False,False,False,False,1,,AX,Store,
SC2F#29,Coda,SC2-F,0040008,"Dual 15"" Bass Extension with SC Technology",,2026-06-25T00:00:00,,,False,False,False,False,False,1,,AX,Store,
SC2F#30,Coda,SC2-F,0039998,"Dual 15"" Bass Extension with SC Technology",,2026-06-25T00:00:00,,,False,False,False,False,False,1,,AX,Store,
SC2F#31,Coda,SC2-F,0044887,"Dual 15"" Bass Extension with SC Technology",,2026-06-25T00:00:00,,,False,False,False,False,False,1,,AX,Store,
SC2F#32,Coda,SC2-F,,"Dual 15"" Bass Extension with SC Technology",,2026-06-25T00:00:00,,,False,False,False,False,False,1,,AX,Store,
SC2F#33,Coda,SC2-F,,"Dual 15"" Bass Extension with SC Technology",,2026-06-25T00:00:00,,,False,False,False,False,False,1,,AX,Store,
SC2F#34,Coda,SC2-F,,"Dual 15"" Bass Extension with SC Technology",,2026-06-25T00:00:00,,,False,False,False,False,False,1,,AX,Store,
SC2F#35,Coda,SC2-F,,"Dual 15"" Bass Extension with SC Technology",,2026-06-25T00:00:00,,,False,False,False,False,False,1,,AX,Store,
SC2F#36,Coda,SC2-F,,"Dual 15"" Bass Extension with SC Technology",,2026-06-25T00:00:00,,,False,False,False,False,False,1,,AX,Store,
SC2F#37,Coda,SC2-F,,"Dual 15"" Bass Extension with SC Technology",,2026-06-25T00:00:00,,,False,False,False,False,False,1,,AX,Store,
SC2F#38,Coda,SC2-F,,"Dual 15"" Bass Extension with SC Technology",,2026-06-25T00:00:00,,,False,False,False,False,False,1,,AX,Store,
SC2F#39,Coda,SC2-F,,"Dual 15"" Bass Extension with SC Technology",,2026-06-25T00:00:00,,,False,False,False,False,False,1,,AX,Store,
SC2F#40,Coda,SC2-F,,"Dual 15"" Bass Extension with SC Technology",,2026-06-25T00:00:00,,,False,False,False,False,False,1,,AX,Store,
SC2F#41,Coda,SC2-F,,"Dual 15"" Bass Extension with SC Technology",,2026-06-25T00:00:00,,,False,False,False,False,False,1,,AX,Store,
SC2F#42,Coda,SC2-F,,"Dual 15"" Bass Extension with SC Technology",,2026-06-25T00:00:00,,,False,False,False,False,False,1,,AX,Store,
NSUB#01,Coda,N-SUB,S30918,15” subwoofer,,2026-06-25T00:00:00,,,False,False,False,False,False,1,,AX,Store,
NSUB#02,Coda,N-SUB,S31000,15” subwoofer,,2026-06-25T00:00:00,,,False,False,False,False,False,1,,AX,Store,
NSUB#03,Coda,N-SUB,S30998,15” subwoofer,,2026-06-25T00:00:00,,,False,False,False,False,False,1,,AX,Store,
NSUB#04,Coda,N-SUB,S31012,15” subwoofer,,2026-06-25T00:00:00,,,False,False,False,False,False,1,,AX,Store,
NSUB#05,Coda,N-SUB,S30999,15” subwoofer,,2026-06-25T00:00:00,,,False,False,False,False,False,1,,AX,Store,
NSUB#06,Coda,N-SUB,S30984,15” subwoofer,,2026-06-25T00:00:00,,,False,False,False,False,False,1,,AX,Store,
NSUB#07,Coda,N-SUB,S31001,15” subwoofer,,2026-06-25T00:00:00,,,False,False,False,False,False,1,,AX,Store,
NSUB#08,Coda,N-SUB,S30916,15” subwoofer,,2026-06-25T00:00:00,,,False,False,False,False,False,1,,AX,Store,
NSUB#09,Coda,N-SUB,S30917,15” subwoofer,,2026-06-25T00:00:00,,,False,False,False,False,False,1,,AX,Store,
NSUB#10,Coda,N-SUB,S31002,15” subwoofer,,2026-06-25T00:00:00,,,False,False,False,False,False,1,,AX,Store,
NSUB#11,Coda,N-SUB,S30919,15” subwoofer,,2026-06-25T00:00:00,,,False,False,False,False,False,1,,AX,Store,
NSUB#12,Coda,N-SUB,S30985,15” subwoofer,,2026-06-25T00:00:00,,,False,False,False,False,False,1,,AX,Store,
SCNF#01,Coda,SCN-F,0056482,15′′ sensor controlled low frequency extension,,2026-06-25T00:00:00,,,False,False,False,False,False,1,,AX,Store,
SCNF#02,Coda,SCN-F,0056479,15′′ sensor controlled low frequency extension,,2026-06-25T00:00:00,,,False,False,False,False,False,1,,AX,Store,
SCNF#03,Coda,SCN-F,0056650,15′′ sensor controlled low frequency extension,,2026-06-25T00:00:00,,,False,False,False,False,False,1,,AX,Store,
SCNF#04,Coda,SCN-F,0056654,15′′ sensor controlled low frequency extension,,2026-06-25T00:00:00,,,False,False,False,False,False,1,,AX,Store,
SCNF#05,Coda,SCN-F,0056651,15′′ sensor controlled low frequency extension,,2026-06-25T00:00:00,,,False,False,False,False,False,1,,AX,Store,
SCNF#06,Coda,SCN-F,0056469,15′′ sensor controlled low frequency extension,,2026-06-25T00:00:00,,,False,False,False,False,False,1,,AX,Store,
SCNF#07,Coda,SCN-F,0056481,15′′ sensor controlled low frequency extension,,2026-06-25T00:00:00,,,False,False,False,False,False,1,,AX,Store,
SCNF#08,Coda,SCN-F,0056470,15′′ sensor controlled low frequency extension,,2026-06-25T00:00:00,,,False,False,False,False,False,1,,AX,Store,
SCNF#09,Coda,SCN-F,0056480,15′′ sensor controlled low frequency extension,,2026-06-25T00:00:00,,,False,False,False,False,False,1,,AX,Store,
SCNF#10,Coda,SCN-F,0056474,15′′ sensor controlled low frequency extension,,2026-06-25T00:00:00,,,False,False,False,False,False,1,,AX,Store,
SCNF#11,Coda,SCN-F,0056656,15′′ sensor controlled low frequency extension,,2026-06-25T00:00:00,,,False,False,False,False,False,1,,AX,Store,
SCNF#12,Coda,SCN-F,0056652,15′′ sensor controlled low frequency extension,,2026-06-25T00:00:00,,,False,False,False,False,False,1,,AX,Store,
SCNF#13,Coda,SCN-F,0056473,15′′ sensor controlled low frequency extension,,2026-06-25T00:00:00,,,False,False,False,False,False,1,,AX,Store,
SCNF#14,Coda,SCN-F,0056653,15′′ sensor controlled low frequency extension,,2026-06-25T00:00:00,,,False,False,False,False,False,1,,AX,Store,
SCNF#15,Coda,SCN-F,0056472,15′′ sensor controlled low frequency extension,,2026-06-25T00:00:00,,,False,False,False,False,False,1,,AX,Store,
SCNF#16,Coda,SCN-F,0056476,15′′ sensor controlled low frequency extension,,2026-06-25T00:00:00,,,False,False,False,False,False,1,,AX,Store,
SCNF#17,Coda,SCN-F,0056655,15′′ sensor controlled low frequency extension,,2026-06-25T00:00:00,,,False,False,False,False,False,1,,AX,Store,
SCNF#18,Coda,SCN-F,0056475,15′′ sensor controlled low frequency extension,,2026-06-25T00:00:00,,,False,False,False,False,False,1,,AX,Store,
AIRAYFLYBAR#01,Coda,AiRay Flybar,53533,Contains AR-EXBAR and ADS biscuit,,2026-06-25T00:00:00,,,False,False,False,False,False,1,,AX,Store,
AIRAYFLYBAR#02,Coda,AiRay Flybar,61761,Contains AR-EXBAR and ADS biscuit,,2026-06-25T00:00:00,,,False,False,False,False,False,1,,AX,Store,
AIRAYFLYBAR#03,Coda,AiRay Flybar,61432,Contains AR-EXBAR and ADS biscuit,,2026-06-25T00:00:00,,,False,False,False,False,False,1,,AX,Store,
AIRAYFLYBAR#04,Coda,AiRay Flybar,61381,Contains AR-EXBAR and ADS biscuit,,2026-06-25T00:00:00,,,False,False,False,False,False,1,,AX,Store,
AIRAYFLYBAR#05,Coda,AiRay Flybar,60231,Contains AR-EXBAR and ADS biscuit,,2026-06-25T00:00:00,,,False,False,False,False,False,1,,AX,Store,
AIRAYFLYBAR#06,Coda,AiRay Flybar,61732,Contains AR-EXBAR and ADS biscuit,,2026-06-25T00:00:00,,,False,False,False,False,False,1,,AX,Store,
AIRAYFLYBAR#07,Coda,AiRay Flybar,619310,Contains AR-EXBAR and ADS biscuit,,2026-06-25T00:00:00,,,False,False,False,False,False,1,,AX,Store,
AIRAYFLYBAR#08,Coda,AiRay Flybar,61433,Contains AR-EXBAR and ADS biscuit,,2026-06-25T00:00:00,,,False,False,False,False,False,1,,AX,Store,
AIRAYFLYBAR#09,Coda,AiRay Flybar,53931,Contains AR-EXBAR and ADS biscuit,,2026-06-25T00:00:00,,,False,False,False,False,False,1,,AX,Store,
AIRAYFLYBAR#10,Coda,AiRay Flybar,61434,Contains AR-EXBAR and ADS biscuit,,2026-06-25T00:00:00,,,False,False,False,False,False,1,,AX,Store,
AIRAYFLYBAR#11,Coda,AiRay Flybar,61835,Contains AR-EXBAR and ADS biscuit,,2026-06-25T00:00:00,,,False,False,False,False,False,1,,AX,Store,
AIRAYFLYBAR#12,Coda,AiRay Flybar,62081,Contains AR-EXBAR and ADS biscuit,,2026-06-25T00:00:00,,,False,False,False,False,False,1,,AX,Store,
AIRAYFLYBAR#13,Coda,AiRay Flybar,53635,Contains AR-EXBAR and ADS biscuit,,2026-06-25T00:00:00,,,False,False,False,False,False,1,,AX,Store,
AIRAYFLYBAR#14,Coda,AiRay Flybar,53535,Contains AR-EXBAR and ADS biscuit,,2026-06-25T00:00:00,,,False,False,False,False,False,1,,AX,Store,
AIRAYFLYBAR#15,Coda,AiRay Flybar,61939,Contains AR-EXBAR and ADS biscuit,,2026-06-25T00:00:00,,,False,False,False,False,False,1,,AX,Store,
AIRAYFLYBAR#16,Coda,AiRay Flybar,53433,Contains AR-EXBAR and ADS biscuit,,2026-06-25T00:00:00,,,False,False,False,False,False,1,,AX,Store,
AIRAYFLYBAR#17,Coda,AiRay Flybar,60235,Contains AR-EXBAR and ADS biscuit,,2026-06-25T00:00:00,,,False,False,False,False,False,1,,AX,Store,
AIRAYFLYBAR#18,Coda,AiRay Flybar,61938,Contains AR-EXBAR and ADS biscuit,,2026-06-25T00:00:00,,,False,False,False,False,False,1,,AX,Store,
AIRAYFLYBAR#19,Coda,AiRay Flybar,61783,Contains AR-EXBAR and ADS biscuit,,2026-06-25T00:00:00,,,False,False,False,False,False,1,,AX,Store,
AIRAYFLYBAR#20,Coda,AiRay Flybar,62082,Contains AR-EXBAR and ADS biscuit,,2026-06-25T00:00:00,,,False,False,False,False,False,1,,AX,Store,
AIRAYFLYBAR#21,Coda,AiRay Flybar,61737,Contains AR-EXBAR and ADS biscuit,,2026-06-25T00:00:00,,,False,False,False,False,False,1,,AX,Store,
AIRAYFLYBAR#22,Coda,AiRay Flybar,61435,Contains AR-EXBAR and ADS biscuit,,2026-06-25T00:00:00,,,False,False,False,False,False,1,,AX,Store,
AIRAYFLYBAR#23,Coda,AiRay Flybar,53836,Contains AR-EXBAR and ADS biscuit,,2026-06-25T00:00:00,,,False,False,False,False,False,1,,AX,Store,
AIRAYFLYBAR#24,Coda,AiRay Flybar,53432,Contains AR-EXBAR and ADS biscuit,,2026-06-25T00:00:00,,,False,False,False,False,False,1,,AX,Store,
AIRAYFLYBAR#25,Coda,AiRay Flybar,61983,Contains AR-EXBAR and ADS biscuit,,2026-06-25T00:00:00,,,False,False,False,False,False,1,,AX,Store,
AIRAYFLYBAR#26,Coda,AiRay Flybar,53934,Contains AR-EXBAR and ADS biscuit,,2026-06-25T00:00:00,,,False,False,False,False,False,1,,AX,Store,
AIRAYFLYBAR#27,Coda,AiRay Flybar,60234,Contains AR-EXBAR and ADS biscuit,,2026-06-25T00:00:00,,,False,False,False,False,False,1,,AX,Store,
AIRAYFLYBAR#28,Coda,AiRay Flybar,61481,Contains AR-EXBAR and ADS biscuit,,2026-06-25T00:00:00,,,False,False,False,False,False,1,,AX,Store,
AIRAYFLYBAR#29,Coda,AiRay Flybar,2330315,Contains AR-EXBAR and ADS biscuit,,2026-06-25T00:00:00,,,False,False,False,False,False,1,,AX,Store,
AIRAYFLYBAR#30,Coda,AiRay Flybar,233132,Contains AR-EXBAR and ADS biscuit,,2026-06-25T00:00:00,,,False,False,False,False,False,1,,AX,Store,
AIRAYTFLYBAR#01,Coda,AiRay T-Flybar,60632,,,2026-06-25T00:00:00,,,False,False,False,False,False,1,,AX,Store,
AIRAYTFLYBAR#02,Coda,AiRay T-Flybar,61033,,,2026-06-25T00:00:00,,,False,False,False,False,False,1,,AX,Store,
AIRAYTFLYBAR#03,Coda,AiRay T-Flybar,61031,,,2026-06-25T00:00:00,,,False,False,False,False,False,1,,AX,Store,
AIRAYTFLYBAR#04,Coda,AiRay T-Flybar,60634,,,2026-06-25T00:00:00,,,False,False,False,False,False,1,,AX,Store,
AIRAYTFLYBAR#05,Coda,AiRay T-Flybar,61931,,,2026-06-25T00:00:00,,,False,False,False,False,False,1,,AX,Store,
AIRAYTFLYBAR#06,Coda,AiRay T-Flybar,60635,,,2026-06-25T00:00:00,,,False,False,False,False,False,1,,AX,Store,
VIRAYFLYBAR#01,Coda,ViRay Flybar,40631,,,2026-06-25T00:00:00,,,False,False,False,False,False,1,,AX,Store,
VIRAYFLYBAR#02,Coda,ViRay Flybar,34339,,,2026-06-25T00:00:00,,,False,False,False,False,False,1,,AX,Store,
VIRAYFLYBAR#03,Coda,ViRay Flybar,33741,,,2026-06-25T00:00:00,,,False,False,False,False,False,1,,AX,Store,
VIRAYFLYBAR#04,Coda,ViRay Flybar,40331,,,2026-06-25T00:00:00,,,False,False,False,False,False,1,,AX,Store,
VIRAYFLYBAR#05,Coda,ViRay Flybar,32921,,,2026-06-25T00:00:00,,,False,False,False,False,False,1,,AX,Store,
NRAYFLYBAR#01,Coda,NRay Flybar,,,,2026-06-25T00:00:00,,,False,False,False,False,False,1,,AX,Store,
NRAYFLYBAR#02,Coda,NRay Flybar,,,,2026-06-25T00:00:00,,,False,False,False,False,False,1,,AX,Store,
NRAYFLYBAR#03,Coda,NRay Flybar,,,,2026-06-25T00:00:00,,,False,False,False,False,False,1,,AX,Store,
NRAYFLYBAR#04,Coda,NRay Flybar,,,,2026-06-25T00:00:00,,,False,False,False,False,False,1,,AX,Store,
NRAYFLYBAR#05,Coda,NRay Flybar,,,,2026-06-25T00:00:00,,,False,False,False,False,False,1,,AX,Store,
NRAYFLYBAR#06,Coda,NRay Flybar,,,,2026-06-25T00:00:00,,,False,False,False,False,False,1,,AX,Store,
APSFLYBAR#01,Coda,APS Flybar,,,,2026-06-25T00:00:00,,,False,False,False,False,False,1,,AX,Store,
APSFLYBAR#02,Coda,APS Flybar,,,,2026-06-25T00:00:00,,,False,False,False,False,False,1,,AX,Store,
FRVNAPS#01,Coda,FRV-N-APS,933320,,,2026-06-25T00:00:00,,,False,False,False,False,False,1,,AX,Store,
FRVNAPS#02,Coda,FRV-N-APS,933318,,,2026-06-25T00:00:00,,,False,False,False,False,False,1,,AX,Store,
FRVNAPS#03,Coda,FRV-N-APS,93369,,,2026-06-25T00:00:00,,,False,False,False,False,False,1,,AX,Store,
FRVNAPS#04,Coda,FRV-N-APS,933319,,,2026-06-25T00:00:00,,,False,False,False,False,False,1,,AX,Store,
FRVNAPS#05,Coda,FRV-N-APS,93367,,,2026-06-25T00:00:00,,,False,False,False,False,False,1,,AX,Store,
FRVNAPS#06,Coda,FRV-N-APS,933317,,,2026-06-25T00:00:00,,,False,False,False,False,False,1,,AX,Store,
CUAPS#01,Coda,CU-APS,00118,,,2026-06-25T00:00:00,,,False,False,False,False,False,1,,AX,Store,
CUAPS#02,Coda,CU-APS,00119,,,2026-06-25T00:00:00,,,False,False,False,False,False,1,,AX,Store,
CUAPS#03,Coda,CU-APS,00113,,,2026-06-25T00:00:00,,,False,False,False,False,False,1,,AX,Store,
CUAPS#04,Coda,CU-APS,00111,,,2026-06-25T00:00:00,,,False,False,False,False,False,1,,AX,Store,
CUAPS#05,Coda,CU-APS,,,,2026-06-25T00:00:00,,,False,False,False,False,False,1,,AX,Store,
CUAPS#06,Coda,CU-APS,,,,2026-06-25T00:00:00,,,False,False,False,False,False,1,,AX,Store,
CUAPS#07,Coda,CU-APS,,,,2026-06-25T00:00:00,,,False,False,False,False,False,1,,AX,Store,
CUNAPS#01,Coda,CU-N-APS,93736,,,2026-06-25T00:00:00,,,False,False,False,False,False,1,,AX,Store,
CUNAPS#02,Coda,CU-N-APS,93539,,,2026-06-25T00:00:00,,,False,False,False,False,False,1,,AX,Store,
CU5DC#01,Coda,CU5DC,,Vertical u-bracket for D5-CUBE,,2026-06-25T00:00:00,,,False,False,False,False,False,1,,AX,Store,
CU5DC#02,Coda,CU5DC,,Vertical u-bracket for D5-CUBE,,2026-06-25T00:00:00,,,False,False,False,False,False,1,,AX,Store,
CU5DC#03,Coda,CU5DC,,Vertical u-bracket for D5-CUBE,,2026-06-25T00:00:00,,,False,False,False,False,False,1,,AX,Store,
CU5DC#04,Coda,CU5DC,,Vertical u-bracket for D5-CUBE,,2026-06-25T00:00:00,,,False,False,False,False,False,1,,AX,Store,
CU5DC#05,Coda,CU5DC,,Vertical u-bracket for D5-CUBE,,2026-06-25T00:00:00,,,False,False,False,False,False,1,,AX,Store,
CU5DC#06,Coda,CU5DC,,Vertical u-bracket for D5-CUBE,,2026-06-25T00:00:00,,,False,False,False,False,False,1,,AX,Store,
CU5DC#07,Coda,CU5DC,,Vertical u-bracket for D5-CUBE,,2026-06-25T00:00:00,,,False,False,False,False,False,1,,AX,Store,
CU5DC#08,Coda,CU5DC,,Vertical u-bracket for D5-CUBE,,2026-06-25T00:00:00,,,False,False,False,False,False,1,,AX,Store,
CU5DC#09,Coda,CU5DC,,Vertical u-bracket for D5-CUBE,,2026-06-25T00:00:00,,,False,False,False,False,False,1,,AX,Store,
CU5DC#10,Coda,CU5DC,,Vertical u-bracket for D5-CUBE,,2026-06-25T00:00:00,,,False,False,False,False,False,1,,AX,Store,
CU5DC#11,Coda,CU5DC,,Vertical u-bracket for D5-CUBE,,2026-06-25T00:00:00,,,False,False,False,False,False,1,,AX,Store,
CU5DC#12,Coda,CU5DC,,Vertical u-bracket for D5-CUBE,,2026-06-25T00:00:00,,,False,False,False,False,False,1,,AX,Store,
CU5DC#13,Coda,CU5DC,,Vertical u-bracket for D5-CUBE,,2026-06-25T00:00:00,,,False,False,False,False,False,1,,AX,Store,
CU5DC#14,Coda,CU5DC,,Vertical u-bracket for D5-CUBE,,2026-06-25T00:00:00,,,False,False,False,False,False,1,,AX,Store,
BULK-0003,Coda,Special Cable - 20m,,,,2026-06-25T00:00:00,,,False,False,False,False,True,9,,AX,Store,
BULK-0004,Coda,Special Cable - 30m,,,,2026-06-25T00:00:00,,,False,False,False,False,True,25,,AX,Store,
A360#12,Aviom,A360,20950,Personal Mixer,,2026-06-25T00:00:00,,,False,False,True,False,False,1,"[{""id"":""5df0d6eadbc0f235812e3e04"",""date"":""2026/01/01"",""user"":""emily"",""description"":""Missing knobs"",""type"":""Fault"",""cost"":"""",""changes"":[{""kind"":""degraded"",""action"":""marked""}],""source"":{}}]",AX,Store,
A360#13,Aviom,A360,20239,Personal Mixer,,2026-06-25T00:00:00,,,False,False,True,False,False,1,"[{""id"":""2633175bf495e5ddee7f09eb"",""date"":""2026/01/01"",""user"":""emily"",""description"":""Missing knobs"",""type"":""Fault"",""cost"":"""",""changes"":[{""kind"":""degraded"",""action"":""marked""}],""source"":{}}]",AX,Store,
A360#14,Aviom,A360,20242,Personal Mixer,,2026-06-25T00:00:00,,,False,False,True,False,False,1,"[{""id"":""5d6ce526cbb7d584724bb233"",""date"":""2026/01/01"",""user"":""emily"",""description"":""Missing knobs"",""type"":""Fault"",""cost"":"""",""changes"":[{""kind"":""degraded"",""action"":""marked""}],""source"":{}}]",AX,Store,
A360#15,Aviom,A360,,Personal Mixer,,2026-06-25T00:00:00,,,True,False,False,False,False,1,,AX,Store,
HOPS8#35,Coda,HOPS8,H8-008,"dual 8"" point source, 100deg conical",,2026-06-25T00:00:00,,,False,False,False,False,False,1,,AX,Store,
HOPS8#36,Coda,HOPS8,H8-009,"dual 8"" point source, 100deg conical",,2026-06-25T00:00:00,,,False,False,False,False,False,1,,AX,Store,
D80#01,D&B,D80,Z271000110731,,,2026-06-25T00:00:00,,,False,False,False,False,False,1,,AX,Store,
D80#02,D&B,D80,Z271000109912,,,2026-06-25T00:00:00,,,False,False,False,False,False,1,,AX,Store,
D80#03,D&B,D80,Z271000109911,,,2026-06-25T00:00:00,,,False,False,False,False,False,1,,AX,Store,
D80#04,D&B,D80,Z271000109910,,,2026-06-25T00:00:00,,,False,False,False,False,False,1,,AX,Store,
D80#05,D&B,D80,Z271000109909,,,2026-06-25T00:00:00,,,False,False,False,False,False,1,,AX,Store,
D80#06,D&B,D80,Z271000109908,,,2026-06-25T00:00:00,,,False,False,False,False,False,1,,AX,Store,
D80#07,D&B,D80,Z271000110181,,,2026-06-25T00:00:00,,,False,False,False,False,False,1,,AX,Store,
D80#08,D&B,D80,Z271000110182,,,2026-06-25T00:00:00,,,False,False,False,False,False,1,,AX,Store,
D80#09,D&B,D80,Z271000110183,,,2026-06-25T00:00:00,,,False,False,False,False,False,1,,AX,Store,
D80#10,D&B,D80,Z271000110184,,,2026-06-25T00:00:00,,,False,False,False,False,False,1,,AX,Store,
D80#11,D&B,D80,Z271000110185,,,2026-06-25T00:00:00,,,False,False,False,False,False,1,,AX,Store,
D80#12,D&B,D80,Z271000110233,,,2026-06-25T00:00:00,,,False,False,False,False,False,1,,AX,Store,
D80#13,D&B,D80,Z271000110734,,,2026-06-25T00:00:00,,,False,False,False,False,False,1,,AX,Store,
D80#14,D&B,D80,Z271000110733,,,2026-06-25T00:00:00,,,False,False,False,False,False,1,,AX,Store,
D80#15,D&B,D80,Z271000110732,,,2026-06-25T00:00:00,,,False,False,False,False,False,1,,AX,Store,
D80#16,D&B,D80,Z271000110253,,,2026-06-25T00:00:00,,,False,False,False,False,False,1,,AX,Store,
D80#17,D&B,D80,Z271000110730,,,2026-06-25T00:00:00,,,False,False,False,False,False,1,,AX,Store,
D80#18,D&B,D80,Z271000110729,,,2026-06-25T00:00:00,,,False,False,False,False,False,1,,AX,Store,
D80#19,D&B,D80,Z271000110180,,,2026-06-25T00:00:00,,,False,False,False,False,False,1,,AX,Store,
D80#20,D&B,D80,Z271000110179,,,2026-06-25T00:00:00,,,False,False,False,False,False,1,,AX,Store,
D80#21,D&B,D80,Z271000110162,,,2026-06-25T00:00:00,,,False,False,False,False,False,1,,AX,Store,
D80#22,D&B,D80,Z271000110161,,,2026-06-25T00:00:00,,,False,False,False,False,False,1,,AX,Store,
D80#23,D&B,D80,Z271000110160,,,2026-06-25T00:00:00,,,False,False,False,False,False,1,,AX,Store,
D80#24,D&B,D80,Z271000110159,,,2026-06-25T00:00:00,,,False,False,False,False,False,1,,AX,Store,
D80#25,D&B,D80,Z271000110186,,,2026-06-25T00:00:00,,,False,False,False,False,False,1,,AX,Store,
D80#26,D&B,D80,Z271000109913,,,2026-06-25T00:00:00,,,False,False,False,False,False,1,,AX,Store,
D80#27,D&B,D80,Z271000115384,,,2026-06-25T00:00:00,,,False,False,False,False,False,1,,AX,Store,
D80#28,D&B,D80,Z271000110234,,,2026-06-25T00:00:00,,,False,False,False,False,False,1,,AX,Store,
D80#29,D&B,D80,Z271000115382,,,2026-06-25T00:00:00,,,False,False,False,False,False,1,,AX,Store,
D80#30,D&B,D80,Z271000115375,,,2026-06-25T00:00:00,,,False,False,False,False,False,1,,AX,Store,
D80#31,D&B,D80,Z271000110239,,,2026-06-25T00:00:00,,,False,False,False,False,False,1,,AX,Store,
D80#32,D&B,D80,Z271000110240,,,2026-06-25T00:00:00,,,False,False,False,False,False,1,,AX,Store,
D80#33,D&B,D80,Z271000110241,,,2026-06-25T00:00:00,,,False,False,False,False,False,1,,AX,Store,
D80#34,D&B,D80,Z271000110242,,,2026-06-25T00:00:00,,,False,False,False,False,False,1,,AX,Store,
D80#35,D&B,D80,Z271000110243,,,2026-06-25T00:00:00,,,False,False,False,False,False,1,,AX,Store,
D80#36,D&B,D80,Z271000110237,,,2026-06-25T00:00:00,,,False,False,False,False,False,1,,AX,Store,
D80#37,D&B,D80,Z271000110105,,,2026-06-25T00:00:00,,,False,False,False,False,False,1,,AX,Store,
D80#38,D&B,D80,Z271000110106,,,2026-06-25T00:00:00,,,False,False,False,False,False,1,,AX,Store,
D80#39,D&B,D80,Z271000110107,,,2026-06-25T00:00:00,,,False,False,False,False,False,1,,AX,Store,
D80#40,D&B,D80,Z271000110108,,,2026-06-25T00:00:00,,,False,False,False,False,False,1,,AX,Store,
D80#41,D&B,D80,Z271000110109,,,2026-06-25T00:00:00,,,False,False,False,False,False,1,,AX,Store,
D80#42,D&B,D80,Z271000110110,,,2026-06-25T00:00:00,,,False,False,False,False,False,1,,AX,Store,
D80#43,D&B,D80,Z271000110238,,,2026-06-25T00:00:00,,,False,False,False,False,False,1,,AX,Store,
D80#44,D&B,D80,Z271000110244,,,2026-06-25T00:00:00,,,False,False,False,False,False,1,,AX,Store,
D80#45,D&B,D80,Z271000110236,,,2026-06-25T00:00:00,,,False,False,False,False,False,1,,AX,Store,
D80#46,D&B,D80,Z271000110235,,,2026-06-25T00:00:00,,,False,False,False,False,False,1,,AX,Store,
D80#47,D&B,D80,Z271000115374,,,2026-06-25T00:00:00,,,False,False,False,False,False,1,,AX,Store,
D80#48,D&B,D80,Z271000115377,,,2026-06-25T00:00:00,,,False,False,False,False,False,1,,AX,Store,
D80#49,D&B,D80,Z271000115392,,,2026-06-25T00:00:00,,,False,False,False,False,False,1,,AX,Store,
D80#50,D&B,D80,Z271000110254,,,2026-06-25T00:00:00,,,False,False,False,False,False,1,,AX,Store,
D80#51,D&B,D80,Z271000115391,,,2026-06-25T00:00:00,,,False,False,False,False,False,1,,AX,Store,
D80#52,D&B,D80,Z271000115397,,,2026-06-25T00:00:00,,,False,False,False,False,False,1,,AX,Store,
D80#53,D&B,D80,Z271000115376,,,2026-06-25T00:00:00,,,False,False,False,False,False,1,,AX,Store,
D80#54,D&B,D80,Z271000115396,,,2026-06-25T00:00:00,,,False,False,False,False,False,1,,AX,Store,
D80#55,D&B,D80,Z271000115383,,,2026-06-25T00:00:00,,,False,False,False,False,False,1,,AX,Store,
D80#56,D&B,D80,Z271000115381,,,2026-06-25T00:00:00,,,False,False,False,False,False,1,,AX,Store,
D80#57,D&B,D80,Z271000110252,,,2026-06-25T00:00:00,,,False,False,False,False,False,1,,AX,Store,
D80#58,D&B,D80,Z271000115380,,,2026-06-25T00:00:00,,,False,False,False,False,False,1,,AX,Store,
D80#59,D&B,D80,Z271000115379,,,2026-06-25T00:00:00,,,False,False,False,False,False,1,,AX,Store,
D80#60,D&B,D80,Z271000115378,,,2026-06-25T00:00:00,,,False,False,False,False,False,1,,AX,Store,
D80#61,D&B,D80,Z271000115393,,,2026-06-25T00:00:00,,,False,False,False,False,False,1,,AX,Store,
D80#62,D&B,D80,Z271000115385,,,2026-06-25T00:00:00,,,False,False,False,False,False,1,,AX,Store,
D80#63,D&B,D80,Z271000115390,,,2026-06-25T00:00:00,,,False,False,False,False,False,1,,AX,Store,
D40#01,D&B,D40,Z285000001683,,,2026-06-25T00:00:00,,,False,False,False,False,False,1,,AX,Store,
D40#02,D&B,D40,Z285000001684,,,2026-06-25T00:00:00,,,False,False,False,False,False,1,,AX,Store,
D40#03,D&B,D40,Z285000001685,,,2026-06-25T00:00:00,,,False,False,False,False,False,1,,AX,Store,
D40#04,D&B,D40,Z285000001686,,,2026-06-25T00:00:00,,,False,False,False,False,False,1,,AX,Store,
D40#05,D&B,D40,Z285000001687,,,2026-06-25T00:00:00,,,False,False,False,False,False,1,,AX,Store,
D40#06,D&B,D40,Z285000001688,,,2026-06-25T00:00:00,,,False,False,False,False,False,1,,AX,Store,
D40#07,D&B,D40,Z285000003515,,,2026-06-25T00:00:00,,,False,False,False,False,False,1,,AX,Store,
D40#08,D&B,D40,Z285000003516,,,2026-06-25T00:00:00,,,False,False,False,False,False,1,,AX,Store,
D40#09,D&B,D40,Z285000003537,,,2026-06-25T00:00:00,,,False,False,False,False,False,1,,AX,Store,
D40#10,D&B,D40,Z285000003523,,,2026-06-25T00:00:00,,,False,False,False,False,False,1,,AX,Store,
D40#11,D&B,D40,Z285000003524,,,2026-06-25T00:00:00,,,False,False,False,False,False,1,,AX,Store,
D40#12,D&B,D40,Z285000003525,,,2026-06-25T00:00:00,,,False,False,False,False,False,1,,AX,Store,
D40#13,D&B,D40,Z285000001977,,,2026-06-25T00:00:00,,,False,False,False,False,False,1,,AX,Store,
D40#14,D&B,D40,Z285000001978,,,2026-06-25T00:00:00,,,False,False,False,False,False,1,,AX,Store,
D40#15,D&B,D40,Z285000001979,,,2026-06-25T00:00:00,,,False,False,False,False,False,1,,AX,Store,
D40#16,D&B,D40,Z285000001980,,,2026-06-25T00:00:00,,,False,False,False,False,False,1,,AX,Store,
D40#17,D&B,D40,Z285000001981,,,2026-06-25T00:00:00,,,False,False,False,False,False,1,,AX,Store,
D40#18,D&B,D40,Z285000001982,,,2026-06-25T00:00:00,,,False,False,False,False,False,1,,AX,Store,
D40#19,D&B,D40,Z285000003577,,,2026-06-25T00:00:00,,,False,False,False,False,False,1,,AX,Store,
D40#20,D&B,D40,Z285000003576,,,2026-06-25T00:00:00,,,False,False,False,False,False,1,,AX,Store,
D40#21,D&B,D40,Z285000003575,,,2026-06-25T00:00:00,,,False,False,False,False,False,1,,AX,Store,
D40#22,D&B,D40,Z285000003574,,,2026-06-25T00:00:00,,,False,False,False,False,False,1,,AX,Store,
D40#23,D&B,D40,Z285000003572,,,2026-06-25T00:00:00,,,False,False,False,False,False,1,,AX,Store,
D40#24,D&B,D40,Z285000001959,,,2026-06-25T00:00:00,,,False,False,False,False,False,1,,AX,Store,
D40#25,D&B,D40,Z285000003517,,,2026-06-25T00:00:00,,,False,False,False,False,False,1,,AX,Store,
D40#26,D&B,D40,Z285000003518,,,2026-06-25T00:00:00,,,False,False,False,False,False,1,,AX,Store,
D40#27,D&B,D40,Z285000003519,,,2026-06-25T00:00:00,,,False,False,False,False,False,1,,AX,Store,
D40#28,D&B,D40,Z285000003520,,,2026-06-25T00:00:00,,,False,False,False,False,False,1,,AX,Store,
D40#29,D&B,D40,Z285000003521,,,2026-06-25T00:00:00,,,False,False,False,False,False,1,,AX,Store,
D40#30,D&B,D40,Z285000003522,,,2026-06-25T00:00:00,,,False,False,False,False,False,1,,AX,Store,
D40#31,D&B,D40,Z285000001965,,,2026-06-25T00:00:00,,,False,False,False,False,False,1,,AX,Store,
D40#32,D&B,D40,Z285000001964,,,2026-06-25T00:00:00,,,False,False,False,False,False,1,,AX,Store,
D40#33,D&B,D40,Z285000001961,,,2026-06-25T00:00:00,,,False,False,False,False,False,1,,AX,Store,
D40#34,D&B,D40,Z285000001962,,,2026-06-25T00:00:00,,,False,False,False,False,False,1,,AX,Store,
D40#35,D&B,D40,Z285000001960,,,2026-06-25T00:00:00,,,False,False,False,False,False,1,,AX,Store,
D40#36,D&B,D40,Z285000003571,,,2026-06-25T00:00:00,,,False,False,False,False,False,1,,AX,Store,
D80TALLRACK#01,D&B,D80 Tall Rack,Z557600100100,,,2026-06-25T00:00:00,,,False,False,False,False,False,1,,AX,Store,
D80TALLRACK#02,D&B,D80 Tall Rack,Z557600100111,,,2026-06-25T00:00:00,,,False,False,False,False,False,1,,AX,Store,
D80TALLRACK#03,D&B,D80 Tall Rack,Z557600100134,,,2026-06-25T00:00:00,,,False,False,False,False,False,1,,AX,Store,
D80TALLRACK#04,D&B,D80 Tall Rack,Z557600100110,,,2026-06-25T00:00:00,,,False,False,False,False,False,1,,AX,Store,
D80TALLRACK#05,D&B,D80 Tall Rack,Z557600100274,,,2026-06-25T00:00:00,,,False,False,False,False,False,1,,AX,Store,
D80TALLRACK#06,D&B,D80 Tall Rack,Z557600100115,,,2026-06-25T00:00:00,,,False,False,False,False,False,1,,AX,Store,
D80TALLRACK#07,D&B,D80 Tall Rack,Z557600100106,,,2026-06-25T00:00:00,,,False,False,False,False,False,1,,AX,Store,
D80TALLRACK#08,D&B,D80 Tall Rack,Z557600100114,,,2026-06-25T00:00:00,,,False,False,False,False,False,1,,AX,Store,
D80TALLRACK#09,D&B,D80 Tall Rack,Z557600100276,,,2026-06-25T00:00:00,,,False,False,False,False,False,1,,AX,Store,
D80TALLRACK#10,D&B,D80 Tall Rack,Z557600100273,,,2026-06-25T00:00:00,,,False,False,False,False,False,1,,AX,Store,
D80SHORTRACK#01,D&B,D80 Short Rack,Z557100100042,,,2026-06-25T00:00:00,,,False,False,False,False,False,1,,AX,Store,
D40TALLRACK#01,D&B,D40 Tall Rack,Z560100200031,,,2026-06-25T00:00:00,,,False,False,False,False,False,1,,AX,Store,
DS100#01,D&B,DS100,,,,2026-06-25T00:00:00,,,False,False,False,False,False,1,,AX,Store,
DS10#01,D&B,DS10,Z401000001937,,,2026-06-25T00:00:00,,,False,False,False,False,False,1,,AX,Store,
DS10#02,D&B,DS10,Z401000002006,,,2026-06-25T00:00:00,,,False,False,False,False,False,1,,AX,Store,
DS10#03,D&B,DS10,Z401000002164,,,2026-06-25T00:00:00,,,False,False,False,False,False,1,,AX,Store,
DS10#04,D&B,DS10,Z401000002008,,,2026-06-25T00:00:00,,,False,False,False,False,False,1,,AX,Store,
DS10#05,D&B,DS10,Z401000005093,,,2026-06-25T00:00:00,,,False,False,False,False,False,1,,AX,Store,
DS10#06,D&B,DS10,Z401000002003,,,2026-06-25T00:00:00,,,False,False,False,False,False,1,,AX,Store,
DS10#07,D&B,DS10,Z401000002010,,,2026-06-25T00:00:00,,,False,False,False,False,False,1,,AX,Store,
DS10#08,D&B,DS10,Z401000002004,,,2026-06-25T00:00:00,,,False,False,False,False,False,1,,AX,Store,
DS10#09,D&B,DS10,Z401000005092,,,2026-06-25T00:00:00,,,False,False,False,False,False,1,,AX,Store,
DS10#10,D&B,DS10,Z401000005067,,,2026-06-25T00:00:00,,,False,False,False,False,False,1,,AX,Store,
DS10#11,D&B,DS10,Z401000002000,,,2026-06-25T00:00:00,,,False,False,False,False,False,1,,AX,Store,
DN1#01,D&B,DN1,Z400100000073,,,2026-06-25T00:00:00,,,False,False,False,False,False,1,,AX,Store,
DN1#02,D&B,DN1,Z400100000660,,,2026-06-25T00:00:00,,,False,False,False,False,False,1,,AX,Store,
DN1#03,D&B,DN1,Z400100000747,,,2026-06-25T00:00:00,,,False,False,False,False,False,1,,AX,Store,
DN1#04,D&B,DN1,Z400100000752,,,2026-06-25T00:00:00,,,False,False,False,False,False,1,,AX,Store,
DN1#05,D&B,DN1,Z400100000746,,,2026-06-25T00:00:00,,,False,False,False,False,False,1,,AX,Store,
DN1#06,D&B,DN1,Z400100000749,,,2026-06-25T00:00:00,,,False,False,False,False,False,1,,AX,Store,
LSPANEL2XLKA25#01,D&B,LS Panel 2x LKA25,Z557800000290,,,2026-06-25T00:00:00,,,False,False,False,False,False,1,,AX,Store,
LSPANEL2XLKA25#02,D&B,LS Panel 2x LKA25,Z557800000326,,,2026-06-25T00:00:00,,,False,False,False,False,False,1,,AX,Store,
LSPANEL2XLKA25#03,D&B,LS Panel 2x LKA25,Z557800000348,,,2026-06-25T00:00:00,,,False,False,False,False,False,1,,AX,Store,
LSPANEL2XLKA25#04,D&B,LS Panel 2x LKA25,Z557800000256,,,2026-06-25T00:00:00,,,False,False,False,False,False,1,,AX,Store,
LSPANEL2XLKA25#05,D&B,LS Panel 2x LKA25,Z557800000720,,,2026-06-25T00:00:00,,,False,False,False,False,False,1,,AX,Store,
LSPANEL2XLKA25#06,D&B,LS Panel 2x LKA25,Z557800000322,,,2026-06-25T00:00:00,,,False,False,False,False,False,1,,AX,Store,
LSPANEL2XLKA25#07,D&B,LS Panel 2x LKA25,Z557800000301,,,2026-06-25T00:00:00,,,False,False,False,False,False,1,,AX,Store,
LSPANEL2XLKA25#08,D&B,LS Panel 2x LKA25,Z557800000325,,,2026-06-25T00:00:00,,,False,False,False,False,False,1,,AX,Store,
LSPANEL2XLKA25#09,D&B,LS Panel 2x LKA25,Z557800000722,,,2026-06-25T00:00:00,,,False,False,False,False,False,1,,AX,Store,
LSPANEL2XLKA25#10,D&B,LS Panel 2x LKA25,Z557800000728,,,2026-06-25T00:00:00,,,False,False,False,False,False,1,,AX,Store,
MAINSPANEL6X32A#01,D&B,Mains Panel 6x32A,Z557700000216,,,2026-06-25T00:00:00,,,False,False,False,False,False,1,,AX,Store,
MAINSPANEL6X32A#02,D&B,Mains Panel 6x32A,Z557700000220,,,2026-06-25T00:00:00,,,False,False,False,False,False,1,,AX,Store,
MAINSPANEL6X32A#03,D&B,Mains Panel 6x32A,Z557700000251,,,2026-06-25T00:00:00,,,False,False,False,False,False,1,,AX,Store,
MAINSPANEL6X32A#04,D&B,Mains Panel 6x32A,Z557700000223,,,2026-06-25T00:00:00,,,False,False,False,False,False,1,,AX,Store,
MAINSPANEL6X32A#05,D&B,Mains Panel 6x32A,Z557700000488,,,2026-06-25T00:00:00,,,False,False,False,False,False,1,,AX,Store,
MAINSPANEL6X32A#06,D&B,Mains Panel 6x32A,Z557700000218,,,2026-06-25T00:00:00,,,False,False,False,False,False,1,,AX,Store,
MAINSPANEL6X32A#07,D&B,Mains Panel 6x32A,Z557700000209,,,2026-06-25T00:00:00,,,False,False,False,False,False,1,,AX,Store,
MAINSPANEL6X32A#08,D&B,Mains Panel 6x32A,Z557700000217,,,2026-06-25T00:00:00,,,False,False,False,False,False,1,,AX,Store,
MAINSPANEL6X32A#09,D&B,Mains Panel 6x32A,Z557700000489,,,2026-06-25T00:00:00,,,False,False,False,False,False,1,,AX,Store,
MAINSPANEL6X32A#10,D&B,Mains Panel 6x32A,Z557700000491,,,2026-06-25T00:00:00,,,False,False,False,False,False,1,,AX,Store,
6XD40LSPANEL#01,D&B,6xD40 LS Panel,Z557800100024,,,2026-06-25T00:00:00,,,False,False,False,False,False,1,,AX,Store,
6XD40LSPANEL#02,D&B,6xD40 LS Panel,Z557800100079,,,2026-06-25T00:00:00,,,False,False,False,False,False,1,,AX,Store,
6XD40LSPANEL#03,D&B,6xD40 LS Panel,Z557800100031,,,2026-06-25T00:00:00,,,False,False,False,False,False,1,,AX,Store,
6XD40LSPANEL#04,D&B,6xD40 LS Panel,Z557800100070,,,2026-06-25T00:00:00,,,False,False,False,False,False,1,,AX,Store,
6XD40LSPANEL#05,D&B,6xD40 LS Panel,Z557800100076,,,2026-06-25T00:00:00,,,False,False,False,False,False,1,,AX,Store,
6XD40LSPANEL#06,D&B,6xD40 LS Panel,Z557800100035,,,2026-06-25T00:00:00,,,False,False,False,False,False,1,,AX,Store,
6XD40MAINSPANEL#01,D&B,6xD40 Mains Panel,Z560600000031,,,2026-06-25T00:00:00,,,False,False,False,False,False,1,,AX,Store,
6XD40MAINSPANEL#02,D&B,6xD40 Mains Panel,Z560600000052,,,2026-06-25T00:00:00,,,False,False,False,False,False,1,,AX,Store,
6XD40MAINSPANEL#03,D&B,6xD40 Mains Panel,Z560600000007,,,2026-06-25T00:00:00,,,False,False,False,False,False,1,,AX,Store,
6XD40MAINSPANEL#04,D&B,6xD40 Mains Panel,Z560600000044,,,2026-06-25T00:00:00,,,False,False,False,False,False,1,,AX,Store,
6XD40MAINSPANEL#05,D&B,6xD40 Mains Panel,Z560600000051,,,2026-06-25T00:00:00,,,False,False,False,False,False,1,,AX,Store,
6XD40MAINSPANEL#06,D&B,6xD40 Mains Panel,Z560600000026,,,2026-06-25T00:00:00,,,False,False,False,False,False,1,,AX,Store,
MAINSLSPANELC#01,D&B,Mains/LS Panel C,Z556600000118,3xNL8/1xLKA25,,2026-06-25T00:00:00,,,False,False,False,False,False,1,,AX,Store,
ARRAYSIGHTSENDER#01,D&B,ArraySight Sender,Z571100100558,,,2026-06-25T00:00:00,,,False,False,False,False,False,1,,AX,Store,
ARRAYSIGHTSENDER#02,D&B,ArraySight Sender,Z571100100579,,,2026-06-25T00:00:00,,,False,False,False,False,False,1,,AX,Store,
ARRAYSIGHTSENDER#03,D&B,ArraySight Sender,Z571100101875,,,2026-06-25T00:00:00,,,False,False,False,False,False,1,,AX,Store,
ARRAYSIGHTSENDER#04,D&B,ArraySight Sender,Z571100102049,,,2026-06-25T00:00:00,,,False,False,False,False,False,1,,AX,Store,
ARRAYSIGHTSENDER#05,D&B,ArraySight Sender,Z571100102357,,,2026-06-25T00:00:00,,,False,False,False,False,False,1,,AX,Store,
ARRAYSIGHTSENDER#06,D&B,ArraySight Sender,Z571100102718,,,2026-06-25T00:00:00,,,False,False,False,False,False,1,,AX,Store,
ARRAYSIGHTSENDER#07,D&B,ArraySight Sender,Z571100102719,,,2026-06-25T00:00:00,,,False,False,False,False,False,1,,AX,Store,
ARRAYSIGHTSENDER#08,D&B,ArraySight Sender,Z571100103049,,,2026-06-25T00:00:00,,,False,False,False,False,False,1,,AX,Store,
ARRAYSIGHTSENDER#09,D&B,ArraySight Sender,Z571100103050,,,2026-06-25T00:00:00,,,False,False,False,False,False,1,,AX,Store,
ARRAYSIGHTSENDER#10,D&B,ArraySight Sender,Z571100103055,,,2026-06-25T00:00:00,,,False,False,False,False,False,1,,AX,Store,
ARRAYSIGHTSENDER#11,D&B,ArraySight Sender,Z571100103056,,,2026-06-25T00:00:00,,,False,False,False,False,False,1,,AX,Store,
ARRAYSIGHTSENDER#12,D&B,ArraySight Sender,Z571100103342,,,2026-06-25T00:00:00,,,False,False,False,False,False,1,,AX,Store,
ARRAYSIGHTSENDER#13,D&B,ArraySight Sender,Z571100103363,,,2026-06-25T00:00:00,,,False,False,False,False,False,1,,AX,Store,
ARRAYSIGHTSENDER#14,D&B,ArraySight Sender,Z571100103364,,,2026-06-25T00:00:00,,,False,False,False,False,False,1,,AX,Store,
ARRAYSIGHTSENDER#15,D&B,ArraySight Sender,Z571100103460,,,2026-06-25T00:00:00,,,False,False,False,False,False,1,,AX,Store,
ARRAYSIGHTSENDER#16,D&B,ArraySight Sender,Z571100103461,,,2026-06-25T00:00:00,,,False,False,False,False,False,1,,AX,Store,
ARRAYSIGHTMETER#01,D&B,ArraySight Meter,Z576200000742,,,2026-06-25T00:00:00,,,False,False,False,False,False,1,,AX,Store,
ARRAYSIGHTMETER#02,D&B,ArraySight Meter,Z576200000733,,,2026-06-25T00:00:00,,,False,False,False,False,False,1,,AX,Store,
ARRAYSIGHTMETER#03,D&B,ArraySight Meter,Z576200000738,,,2026-06-25T00:00:00,,,False,False,False,False,False,1,,AX,Store,
ARRAYSIGHTMETER#04,D&B,ArraySight Meter,Z576200000737,,,2026-06-25T00:00:00,,,False,False,False,False,False,1,,AX,Store,
ARRAYSIGHTMETER#05,D&B,ArraySight Meter,Z571200000181,,,2026-06-25T00:00:00,,,False,False,False,False,False,1,,AX,Store,
ARRAYSIGHTMETER#06,D&B,ArraySight Meter,Z571200000864,,,2026-06-25T00:00:00,,,False,False,False,False,False,1,,AX,Store,
ARRAYSIGHTMETER#07,D&B,ArraySight Meter,Z571200000310,,,2026-06-25T00:00:00,,,False,False,False,False,False,1,,AX,Store,
ARRAYSIGHTMETER#08,D&B,ArraySight Meter,,,,2026-06-25T00:00:00,,,True,False,False,False,False,1,,AX,Store,
GSL8#01,D&B,GSL8,Z075000001848,,,2026-06-25T00:00:00,,,False,False,False,False,False,1,,AX,Store,
GSL8#02,D&B,GSL8,Z075000001849,,,2026-06-25T00:00:00,,,False,False,False,False,False,1,,AX,Store,
GSL8#03,D&B,GSL8,Z075000001850,,,2026-06-25T00:00:00,,,False,False,False,False,False,1,,AX,Store,
GSL8#04,D&B,GSL8,Z075000001851,,,2026-06-25T00:00:00,,,False,False,False,False,False,1,,AX,Store,
GSL8#05,D&B,GSL8,Z075000001856,,,2026-06-25T00:00:00,,,False,False,False,False,False,1,,AX,Store,
GSL8#06,D&B,GSL8,Z075000001857,,,2026-06-25T00:00:00,,,False,False,False,False,False,1,,AX,Store,
GSL8#07,D&B,GSL8,Z075000001858,,,2026-06-25T00:00:00,,,False,False,False,False,False,1,,AX,Store,
GSL8#08,D&B,GSL8,Z075000001859,,,2026-06-25T00:00:00,,,False,False,False,False,False,1,,AX,Store,
GSL8#09,D&B,GSL8,Z075000001860,,,2026-06-25T00:00:00,,,False,False,False,False,False,1,,AX,Store,
GSL8#10,D&B,GSL8,Z075000001861,,,2026-06-25T00:00:00,,,False,False,False,False,False,1,,AX,Store,
GSL8#11,D&B,GSL8,Z075000001862,,,2026-06-25T00:00:00,,,False,False,False,False,False,1,,AX,Store,
GSL8#12,D&B,GSL8,Z075000001863,,,2026-06-25T00:00:00,,,False,False,False,False,False,1,,AX,Store,
GSL8#13,D&B,GSL8,Z075000001864,,,2026-06-25T00:00:00,,,False,False,False,False,False,1,,AX,Store,
GSL8#14,D&B,GSL8,Z075000001865,,,2026-06-25T00:00:00,,,False,False,False,False,False,1,,AX,Store,
GSL8#15,D&B,GSL8,Z075000001866,,,2026-06-25T00:00:00,,,False,False,False,False,False,1,,AX,Store,
GSL8#16,D&B,GSL8,Z075000001867,,,2026-06-25T00:00:00,,,False,False,False,False,False,1,,AX,Store,
GSL8#17,D&B,GSL8,Z075000001868,,,2026-06-25T00:00:00,,,False,False,False,False,False,1,,AX,Store,
GSL8#18,D&B,GSL8,Z075000001869,,,2026-06-25T00:00:00,,,False,False,False,False,False,1,,AX,Store,
GSL8#19,D&B,GSL8,Z075000001870,,,2026-06-25T00:00:00,,,False,False,False,False,False,1,,AX,Store,
GSL8#20,D&B,GSL8,Z075000001871,,,2026-06-25T00:00:00,,,False,False,False,False,False,1,,AX,Store,
GSL8#21,D&B,GSL8,Z075000001872,,,2026-06-25T00:00:00,,,False,False,False,False,False,1,,AX,Store,
GSL8#22,D&B,GSL8,Z075000001873,,,2026-06-25T00:00:00,,,False,False,False,False,False,1,,AX,Store,
GSL8#23,D&B,GSL8,Z075000001874,,,2026-06-25T00:00:00,,,False,False,False,False,False,1,,AX,Store,
GSL8#24,D&B,GSL8,Z075000001875,,,2026-06-25T00:00:00,,,False,False,False,False,False,1,,AX,Store,
GSL8#25,D&B,GSL8,Z075000001876,,,2026-06-25T00:00:00,,,False,False,False,False,False,1,,AX,Store,
GSL8#26,D&B,GSL8,Z075000001877,,,2026-06-25T00:00:00,,,False,False,False,False,False,1,,AX,Store,
GSL8#27,D&B,GSL8,Z075000001878,,,2026-06-25T00:00:00,,,False,False,False,False,False,1,,AX,Store,
GSL8#28,D&B,GSL8,Z075000001879,,,2026-06-25T00:00:00,,,False,False,False,False,False,1,,AX,Store,
GSL8#29,D&B,GSL8,Z075000003860,,,2026-06-25T00:00:00,,,False,False,False,False,False,1,,AX,Store,
GSL8#30,D&B,GSL8,Z075000003861,,,2026-06-25T00:00:00,,,False,False,False,False,False,1,,AX,Store,
GSL8#31,D&B,GSL8,Z075000003862,,,2026-06-25T00:00:00,,,False,False,False,False,False,1,,AX,Store,
GSL8#32,D&B,GSL8,Z075000003864,,,2026-06-25T00:00:00,,,False,False,False,False,False,1,,AX,Store,
GSL8#33,D&B,GSL8,Z075000003867,,,2026-06-25T00:00:00,,,False,False,False,False,False,1,,AX,Store,
GSL8#34,D&B,GSL8,Z075000003868,,,2026-06-25T00:00:00,,,False,False,False,False,False,1,,AX,Store,
GSL8#35,D&B,GSL8,Z075000003869,,,2026-06-25T00:00:00,,,False,False,False,False,False,1,,AX,Store,
GSL8#36,D&B,GSL8,Z075000003870,,,2026-06-25T00:00:00,,,False,False,False,False,False,1,,AX,Store,
GSL8#37,D&B,GSL8,Z075000003875,,,2026-06-25T00:00:00,,,False,False,False,False,False,1,,AX,Store,
GSL8#38,D&B,GSL8,Z075000003877,,,2026-06-25T00:00:00,,,False,False,False,False,False,1,,AX,Store,
GSL8#39,D&B,GSL8,Z075000003878,,,2026-06-25T00:00:00,,,False,False,False,False,False,1,,AX,Store,
GSL8#40,D&B,GSL8,Z075000003879,,,2026-06-25T00:00:00,,,False,False,False,False,False,1,,AX,Store,
GSL8#41,D&B,GSL8,Z075000003881,,,2026-06-25T00:00:00,,,False,False,False,False,False,1,,AX,Store,
GSL8#42,D&B,GSL8,Z075000003884,,,2026-06-25T00:00:00,,,False,False,False,False,False,1,,AX,Store,
GSL8#43,D&B,GSL8,Z075000003886,,,2026-06-25T00:00:00,,,False,False,False,False,False,1,,AX,Store,
GSL8#44,D&B,GSL8,Z075000003889,,,2026-06-25T00:00:00,,,False,False,False,False,False,1,,AX,Store,
GSL8#45,D&B,GSL8,Z075000003890,,,2026-06-25T00:00:00,,,False,False,False,False,False,1,,AX,Store,
GSL8#46,D&B,GSL8,Z075000003891,,,2026-06-25T00:00:00,,,False,False,False,False,False,1,,AX,Store,
GSL8#47,D&B,GSL8,Z075000003895,,,2026-06-25T00:00:00,,,False,False,False,False,False,1,,AX,Store,
GSL8#48,D&B,GSL8,Z075000003896,,,2026-06-25T00:00:00,,,False,False,False,False,False,1,,AX,Store,
GSL8#49,D&B,GSL8,Z075000003897,,,2026-06-25T00:00:00,,,False,False,False,False,False,1,,AX,Store,
GSL8#50,D&B,GSL8,Z075000003898,,,2026-06-25T00:00:00,,,False,False,False,False,False,1,,AX,Store,
GSL8#51,D&B,GSL8,Z075000003883,,,2026-06-25T00:00:00,,,False,False,False,False,False,1,,AX,Store,
GSL8#52,D&B,GSL8,Z075000003892,,,2026-06-25T00:00:00,,,False,False,False,False,False,1,,AX,Store,
GSL8#53,D&B,GSL8,Z075000003893,,,2026-06-25T00:00:00,,,False,False,False,False,False,1,,AX,Store,
GSL8#54,D&B,GSL8,Z075000003894,,,2026-06-25T00:00:00,,,False,False,False,False,False,1,,AX,Store,
GSL8#55,D&B,GSL8,Z075000003876,,,2026-06-25T00:00:00,,,False,False,False,False,False,1,,AX,Store,
GSL8#56,D&B,GSL8,Z075000003880,,,2026-06-25T00:00:00,,,False,False,False,False,False,1,,AX,Store,
GSL12#01,D&B,GSL12,Z075100000310,,,2026-06-25T00:00:00,,,False,False,False,False,False,1,,AX,Store,
GSL12#02,D&B,GSL12,Z075100000311,,,2026-06-25T00:00:00,,,False,False,False,False,False,1,,AX,Store,
GSL12#03,D&B,GSL12,Z075100000312,,,2026-06-25T00:00:00,,,False,False,False,False,False,1,,AX,Store,
GSL12#04,D&B,GSL12,Z075100000313,,,2026-06-25T00:00:00,,,False,False,False,False,False,1,,AX,Store,
GSL12#05,D&B,GSL12,Z075100000716,,,2026-06-25T00:00:00,,,False,False,False,False,False,1,,AX,Store,
GSL12#06,D&B,GSL12,Z075100000720,,,2026-06-25T00:00:00,,,False,False,False,False,False,1,,AX,Store,
GSL12#07,D&B,GSL12,Z075100000722,,,2026-06-25T00:00:00,,,False,False,False,False,False,1,,AX,Store,
GSL12#08,D&B,GSL12,Z075100000723,,,2026-06-25T00:00:00,,,False,False,False,False,False,1,,AX,Store,
GSL12#09,D&B,GSL12,Z075100000728,,,2026-06-25T00:00:00,,,False,False,False,False,False,1,,AX,Store,
GSL12#10,D&B,GSL12,Z075100000729,,,2026-06-25T00:00:00,,,False,False,False,False,False,1,,AX,Store,
GSL12#11,D&B,GSL12,Z075100000730,,,2026-06-25T00:00:00,,,False,False,False,False,False,1,,AX,Store,
GSL12#12,D&B,GSL12,Z075100000731,,,2026-06-25T00:00:00,,,False,False,False,False,False,1,,AX,Store,
KSL8#01,D&B,KSL8,Z078000005965,,,2026-06-25T00:00:00,,,False,False,False,False,False,1,,AX,Store,
KSL8#02,D&B,KSL8,Z078000005980,,,2026-06-25T00:00:00,,,False,False,False,False,False,1,,AX,Store,
KSL8#03,D&B,KSL8,Z078000005981,,,2026-06-25T00:00:00,,,False,False,False,False,False,1,,AX,Store,
KSL8#04,D&B,KSL8,Z078000005986,,,2026-06-25T00:00:00,,,False,False,False,False,False,1,,AX,Store,
KSL8#05,D&B,KSL8,Z078000005987,,,2026-06-25T00:00:00,,,False,False,False,False,False,1,,AX,Store,
KSL8#06,D&B,KSL8,Z078000005988,,,2026-06-25T00:00:00,,,False,False,False,False,False,1,,AX,Store,
KSL8#07,D&B,KSL8,Z078000005989,,,2026-06-25T00:00:00,,,False,False,False,False,False,1,,AX,Store,
KSL8#08,D&B,KSL8,Z078000005990,,,2026-06-25T00:00:00,,,False,False,False,False,False,1,,AX,Store,
KSL8#09,D&B,KSL8,Z078000006000,,,2026-06-25T00:00:00,,,False,False,False,False,False,1,,AX,Store,
KSL8#10,D&B,KSL8,Z078000006001,,,2026-06-25T00:00:00,,,False,False,False,False,False,1,,AX,Store,
KSL8#11,D&B,KSL8,Z078000006002,,,2026-06-25T00:00:00,,,False,False,False,False,False,1,,AX,Store,
KSL8#12,D&B,KSL8,Z078000006003,,,2026-06-25T00:00:00,,,False,False,False,False,False,1,,AX,Store,
KSL8#13,D&B,KSL8,Z078000006013,,,2026-06-25T00:00:00,,,False,False,False,False,False,1,,AX,Store,
KSL8#14,D&B,KSL8,Z078000006014,,,2026-06-25T00:00:00,,,False,False,False,False,False,1,,AX,Store,
KSL8#15,D&B,KSL8,Z078000006018,,,2026-06-25T00:00:00,,,False,False,False,False,False,1,,AX,Store,
KSL8#16,D&B,KSL8,Z078000006019,,,2026-06-25T00:00:00,,,False,False,False,False,False,1,,AX,Store,
KSL8#17,D&B,KSL8,Z078000008424,,,2026-06-25T00:00:00,,,False,False,False,False,False,1,,AX,Store,
KSL8#18,D&B,KSL8,Z078000008426,,,2026-06-25T00:00:00,,,False,False,False,False,False,1,,AX,Store,
KSL8#19,D&B,KSL8,Z078000008429,,,2026-06-25T00:00:00,,,False,False,False,False,False,1,,AX,Store,
KSL8#20,D&B,KSL8,Z078000008431,,,2026-06-25T00:00:00,,,False,False,False,False,False,1,,AX,Store,
KSL8#21,D&B,KSL8,Z078000008433,,,2026-06-25T00:00:00,,,False,False,False,False,False,1,,AX,Store,
KSL8#22,D&B,KSL8,Z078000008434,,,2026-06-25T00:00:00,,,False,False,False,False,False,1,,AX,Store,
KSL8#23,D&B,KSL8,Z078000008435,,,2026-06-25T00:00:00,,,False,False,False,False,False,1,,AX,Store,
KSL8#24,D&B,KSL8,Z078000008436,,,2026-06-25T00:00:00,,,False,False,False,False,False,1,,AX,Store,
KSL8#25,D&B,KSL8,Z078000008437,,,2026-06-25T00:00:00,,,False,False,False,False,False,1,,AX,Store,
KSL8#26,D&B,KSL8,Z078000008438,,,2026-06-25T00:00:00,,,False,False,False,False,False,1,,AX,Store,
KSL8#27,D&B,KSL8,Z078000008445,,,2026-06-25T00:00:00,,,False,False,False,False,False,1,,AX,Store,
KSL8#28,D&B,KSL8,Z078000008447,,,2026-06-25T00:00:00,,,False,False,False,False,False,1,,AX,Store,
KSL8#29,D&B,KSL8,Z078000008488,,,2026-06-25T00:00:00,,,False,False,False,False,False,1,,AX,Store,
KSL8#30,D&B,KSL8,Z078000008489,,,2026-06-25T00:00:00,,,False,False,False,False,False,1,,AX,Store,
KSL8#31,D&B,KSL8,Z078000008490,,,2026-06-25T00:00:00,,,False,False,False,False,False,1,,AX,Store,
KSL8#32,D&B,KSL8,Z078000008492,,,2026-06-25T00:00:00,,,False,False,False,False,False,1,,AX,Store,
KSL8#33,D&B,KSL8,Z078000008493,,,2026-06-25T00:00:00,,,False,False,False,False,False,1,,AX,Store,
KSL8#34,D&B,KSL8,Z078000008494,,,2026-06-25T00:00:00,,,False,False,False,False,False,1,,AX,Store,
KSL8#35,D&B,KSL8,Z078000008495,,,2026-06-25T00:00:00,,,False,False,False,False,False,1,,AX,Store,
KSL8#36,D&B,KSL8,Z078000008498,,,2026-06-25T00:00:00,,,False,False,False,False,False,1,,AX,Store,
KSL8#37,D&B,KSL8,Z078000006017,,,2026-06-25T00:00:00,,,False,False,False,False,False,1,,AX,Store,
KSL8#38,D&B,KSL8,Z078000006016,,,2026-06-25T00:00:00,,,False,False,False,False,False,1,,AX,Store,
KSL8#39,D&B,KSL8,Z078000006015,,,2026-06-25T00:00:00,,,False,False,False,False,False,1,,AX,Store,
KSL8#40,D&B,KSL8,Z078000006012,,,2026-06-25T00:00:00,,,False,False,False,False,False,1,,AX,Store,
KSL8#41,D&B,KSL8,,,,2026-06-25T00:00:00,,,False,False,False,False,False,1,,AX,Store,
KSL8#42,D&B,KSL8,,,,2026-06-25T00:00:00,,,False,False,False,False,False,1,,AX,Store,
KSL8#43,D&B,KSL8,,,,2026-06-25T00:00:00,,,False,False,False,False,False,1,,AX,Store,
KSL8#44,D&B,KSL8,,,,2026-06-25T00:00:00,,,False,False,False,False,False,1,,AX,Store,
KSL8#45,D&B,KSL8,,,,2026-06-25T00:00:00,,,False,False,False,False,False,1,,AX,Store,
KSL8#46,D&B,KSL8,,,,2026-06-25T00:00:00,,,False,False,False,False,False,1,,AX,Store,
KSL8#47,D&B,KSL8,,,,2026-06-25T00:00:00,,,False,False,False,False,False,1,,AX,Store,
KSL8#48,D&B,KSL8,,,,2026-06-25T00:00:00,,,False,False,False,False,False,1,,AX,Store,
KSL8#49,D&B,KSL8,,,,2026-06-25T00:00:00,,,False,False,False,False,False,1,,AX,Store,
KSL8#50,D&B,KSL8,,,,2026-06-25T00:00:00,,,False,False,False,False,False,1,,AX,Store,
KSL8#51,D&B,KSL8,,,,2026-06-25T00:00:00,,,False,False,False,False,False,1,,AX,Store,
KSL8#52,D&B,KSL8,,,,2026-06-25T00:00:00,,,False,False,False,False,False,1,,AX,Store,
KSL12#01,D&B,KSL12,Z078100001494,,,2026-06-25T00:00:00,,,False,False,False,False,False,1,,AX,Store,
KSL12#02,D&B,KSL12,Z078100001496,,,2026-06-25T00:00:00,,,False,False,False,False,False,1,,AX,Store,
KSL12#03,D&B,KSL12,Z078100001498,,,2026-06-25T00:00:00,,,False,False,False,False,False,1,,AX,Store,
KSL12#04,D&B,KSL12,Z078100001500,,,2026-06-25T00:00:00,,,False,False,False,False,False,1,,AX,Store,
KSL12#05,D&B,KSL12,Z078100002209,,,2026-06-25T00:00:00,,,False,False,False,False,False,1,,AX,Store,
KSL12#06,D&B,KSL12,Z078100002210,,,2026-06-25T00:00:00,,,False,False,False,False,False,1,,AX,Store,
KSL12#07,D&B,KSL12,Z078100002213,,,2026-06-25T00:00:00,,,False,False,False,False,False,1,,AX,Store,
KSL12#08,D&B,KSL12,Z078100002214,,,2026-06-25T00:00:00,,,False,False,False,False,False,1,,AX,Store,
XSL8#01,D&B,XSL8,Z077000000001,,,2026-06-25T00:00:00,,,False,False,False,False,False,1,,AX,Store,
XSL8#02,D&B,XSL8,Z077000000002,,,2026-06-25T00:00:00,,,False,False,False,False,False,1,,AX,Store,
XSL8#03,D&B,XSL8,Z077000000003,,,2026-06-25T00:00:00,,,False,False,False,False,False,1,,AX,Store,
XSL8#04,D&B,XSL8,Z077000000004,,,2026-06-25T00:00:00,,,False,False,False,False,False,1,,AX,Store,
XSL8#05,D&B,XSL8,Z077000000005,,,2026-06-25T00:00:00,,,False,False,False,False,False,1,,AX,Store,
XSL8#06,D&B,XSL8,Z077000000006,,,2026-06-25T00:00:00,,,False,False,False,False,False,1,,AX,Store,
XSL8#07,D&B,XSL8,Z077000000007,,,2026-06-25T00:00:00,,,False,False,False,False,False,1,,AX,Store,
XSL8#08,D&B,XSL8,Z077000000008,,,2026-06-25T00:00:00,,,False,False,False,False,False,1,,AX,Store,
XSL8#09,D&B,XSL8,Z077000000009,,,2026-06-25T00:00:00,,,False,False,False,False,False,1,,AX,Store,
XSL8#10,D&B,XSL8,Z077000000010,,,2026-06-25T00:00:00,,,False,False,False,False,False,1,,AX,Store,
XSL8#11,D&B,XSL8,Z077000000011,,,2026-06-25T00:00:00,,,False,False,False,False,False,1,,AX,Store,
XSL8#12,D&B,XSL8,Z077000000012,,,2026-06-25T00:00:00,,,False,False,False,False,False,1,,AX,Store,
XSL8#13,D&B,XSL8,Z077000003357,,,2026-06-25T00:00:00,,,False,False,False,False,False,1,,AX,Store,
XSL8#14,D&B,XSL8,Z077000003358,,,2026-06-25T00:00:00,,,False,False,False,False,False,1,,AX,Store,
XSL8#15,D&B,XSL8,Z077000003359,,,2026-06-25T00:00:00,,,False,False,False,False,False,1,,AX,Store,
XSL8#16,D&B,XSL8,Z077000003360,,,2026-06-25T00:00:00,,,False,False,False,False,False,1,,AX,Store,
XSL12#01,D&B,XSL12,Z077200000009,,,2026-06-25T00:00:00,,,False,False,False,False,False,1,,AX,Store,
XSL12#02,D&B,XSL12,Z077200000010,,,2026-06-25T00:00:00,,,False,False,False,False,False,1,,AX,Store,
XSL12#03,D&B,XSL12,Z077200000011,,,2026-06-25T00:00:00,,,False,False,False,False,False,1,,AX,Store,
XSL12#04,D&B,XSL12,Z077200000012,,,2026-06-25T00:00:00,,,False,False,False,False,False,1,,AX,Store,
XSL12#05,D&B,XSL12,Z077200001120,,,2026-06-25T00:00:00,,,False,False,False,False,False,1,,AX,Store,
XSL12#06,D&B,XSL12,Z077200001121,,,2026-06-25T00:00:00,,,False,False,False,False,False,1,,AX,Store,
XSL12#07,D&B,XSL12,Z077200001122,,,2026-06-25T00:00:00,,,False,False,False,False,False,1,,AX,Store,
XSL12#08,D&B,XSL12,Z077200001123,,,2026-06-25T00:00:00,,,False,False,False,False,False,1,,AX,Store,
V10P#01,D&B,V10P,Z070500100570,,,2026-06-25T00:00:00,,,False,False,False,False,False,1,,AX,Store,
V10P#02,D&B,V10P,Z070500100571,,,2026-06-25T00:00:00,,,False,False,False,False,False,1,,AX,Store,
V10P#03,D&B,V10P,Z070500100572,,,2026-06-25T00:00:00,,,False,False,False,False,False,1,,AX,Store,
V10P#04,D&B,V10P,Z070500100573,,,2026-06-25T00:00:00,,,False,False,False,False,False,1,,AX,Store,
V10P#05,D&B,V10P,Z070500100574,,,2026-06-25T00:00:00,,,False,False,False,False,False,1,,AX,Store,
V10P#06,D&B,V10P,Z070500100575,,,2026-06-25T00:00:00,,,False,False,False,False,False,1,,AX,Store,
V10P#07,D&B,V10P,Z070500100576,,,2026-06-25T00:00:00,,,False,False,False,False,False,1,,AX,Store,
V10P#08,D&B,V10P,Z070500100581,,,2026-06-25T00:00:00,,,False,False,False,False,False,1,,AX,Store,
M4#01,D&B,M4,Z080000107682,,,2026-06-25T00:00:00,,,False,False,False,False,False,1,,AX,Store,
M4#02,D&B,M4,Z080000107687,,,2026-06-25T00:00:00,,,False,False,False,False,False,1,,AX,Store,
M4#03,D&B,M4,Z080000107688,,,2026-06-25T00:00:00,,,False,False,False,False,False,1,,AX,Store,
M4#04,D&B,M4,Z080000107691,,,2026-06-25T00:00:00,,,False,False,False,False,False,1,,AX,Store,
M4#05,D&B,M4,Z080000107695,,,2026-06-25T00:00:00,,,False,False,False,False,False,1,,AX,Store,
M4#06,D&B,M4,Z080000107696,,,2026-06-25T00:00:00,,,False,False,False,False,False,1,,AX,Store,
M4#07,D&B,M4,Z080000107697,,,2026-06-25T00:00:00,,,False,False,False,False,False,1,,AX,Store,
M4#08,D&B,M4,Z080000107698,,,2026-06-25T00:00:00,,,False,False,False,False,False,1,,AX,Store,
M4#09,D&B,M4,Z080000107700,,,2026-06-25T00:00:00,,,False,False,False,False,False,1,,AX,Store,
M4#10,D&B,M4,Z080000107703,,,2026-06-25T00:00:00,,,False,False,False,False,False,1,,AX,Store,
M4#11,D&B,M4,Z080000107707,,,2026-06-25T00:00:00,,,False,False,False,False,False,1,,AX,Store,
M4#12,D&B,M4,Z080000107709,,,2026-06-25T00:00:00,,,False,False,False,False,False,1,,AX,Store,
SLSUB#01,D&B,SL-SUB,Z076000003166,,,2026-06-25T00:00:00,,,False,False,False,False,False,1,,AX,Store,
SLSUB#02,D&B,SL-SUB,Z076000003176,,,2026-06-25T00:00:00,,,False,False,False,False,False,1,,AX,Store,
SLSUB#03,D&B,SL-SUB,Z076000003174,,,2026-06-25T00:00:00,,,False,False,False,False,False,1,,AX,Store,
SLSUB#04,D&B,SL-SUB,Z076000003169,,,2026-06-25T00:00:00,,,False,False,False,False,False,1,,AX,Store,
SLSUB#05,D&B,SL-SUB,Z076000003178,,,2026-06-25T00:00:00,,,False,False,False,False,False,1,,AX,Store,
SLSUB#06,D&B,SL-SUB,Z076000003173,,,2026-06-25T00:00:00,,,False,False,False,False,False,1,,AX,Store,
SLSUB#07,D&B,SL-SUB,Z076000003172,,,2026-06-25T00:00:00,,,False,False,False,False,False,1,,AX,Store,
SLSUB#08,D&B,SL-SUB,Z076000003175,,,2026-06-25T00:00:00,,,False,False,False,False,False,1,,AX,Store,
SLSUB#09,D&B,SL-SUB,Z076000003171,,,2026-06-25T00:00:00,,,False,False,False,False,False,1,,AX,Store,
SLSUB#10,D&B,SL-SUB,Z076000003170,,,2026-06-25T00:00:00,,,False,False,False,False,False,1,,AX,Store,
SLSUB#11,D&B,SL-SUB,Z076000003153,,,2026-06-25T00:00:00,,,False,False,False,False,False,1,,AX,Store,
SLSUB#12,D&B,SL-SUB,Z076000003165,,,2026-06-25T00:00:00,,,False,False,False,False,False,1,,AX,Store,
SLSUB#13,D&B,SL-SUB,Z076000003162,,,2026-06-25T00:00:00,,,False,False,False,False,False,1,,AX,Store,
SLSUB#14,D&B,SL-SUB,Z076000003163,,,2026-06-25T00:00:00,,,False,False,False,False,False,1,,AX,Store,
SLSUB#15,D&B,SL-SUB,Z076000003156,,,2026-06-25T00:00:00,,,False,False,False,False,False,1,,AX,Store,
SLSUB#16,D&B,SL-SUB,Z076000003168,,,2026-06-25T00:00:00,,,False,False,False,False,False,1,,AX,Store,
SLSUB#17,D&B,SL-SUB,Z076000003160,,,2026-06-25T00:00:00,,,False,False,False,False,False,1,,AX,Store,
SLSUB#18,D&B,SL-SUB,Z076000003167,,,2026-06-25T00:00:00,,,False,False,False,False,False,1,,AX,Store,
SLSUB#19,D&B,SL-SUB,Z076000003155,,,2026-06-25T00:00:00,,,False,False,False,False,False,1,,AX,Store,
SLSUB#20,D&B,SL-SUB,Z076000003161,,,2026-06-25T00:00:00,,,False,False,False,False,False,1,,AX,Store,
SLSUB#21,D&B,SL-SUB,Z076000003157,,,2026-06-25T00:00:00,,,False,False,False,False,False,1,,AX,Store,
SLSUB#22,D&B,SL-SUB,Z076000003154,,,2026-06-25T00:00:00,,,False,False,False,False,False,1,,AX,Store,
SLGSUB#01,D&B,SL-GSUB,Z076100001153,,,2026-06-25T00:00:00,,,False,False,False,False,False,1,,AX,Store,
SLGSUB#02,D&B,SL-GSUB,Z076100001155,,,2026-06-25T00:00:00,,,False,False,False,False,False,1,,AX,Store,
SLGSUB#03,D&B,SL-GSUB,Z076100001158,,,2026-06-25T00:00:00,,,False,False,False,False,False,1,,AX,Store,
SLGSUB#04,D&B,SL-GSUB,Z076100001162,,,2026-06-25T00:00:00,,,False,False,False,False,False,1,,AX,Store,
SLGSUB#05,D&B,SL-GSUB,Z076100001164,,,2026-06-25T00:00:00,,,False,False,False,False,False,1,,AX,Store,
SLGSUB#06,D&B,SL-GSUB,Z076100001167,,,2026-06-25T00:00:00,,,False,False,False,False,False,1,,AX,Store,
SLGSUB#07,D&B,SL-GSUB,Z076100001169,,,2026-06-25T00:00:00,,,False,False,False,False,False,1,,AX,Store,
SLGSUB#08,D&B,SL-GSUB,Z076100001170,,,2026-06-25T00:00:00,,,False,False,False,False,False,1,,AX,Store,
SLGSUB#09,D&B,SL-GSUB,Z076100001171,,,2026-06-25T00:00:00,,,False,False,False,False,False,1,,AX,Store,
SLGSUB#10,D&B,SL-GSUB,Z076100001173,,,2026-06-25T00:00:00,,,False,False,False,False,False,1,,AX,Store,
SLGSUB#11,D&B,SL-GSUB,Z076100001175,,,2026-06-25T00:00:00,,,False,False,False,False,False,1,,AX,Store,
SLGSUB#12,D&B,SL-GSUB,Z076100001179,,,2026-06-25T00:00:00,,,False,False,False,False,False,1,,AX,Store,
SLGSUB#13,D&B,SL-GSUB,Z076100001181,,,2026-06-25T00:00:00,,,False,False,False,False,False,1,,AX,Store,
SLGSUB#14,D&B,SL-GSUB,Z076100001182,,,2026-06-25T00:00:00,,,False,False,False,False,False,1,,AX,Store,
SLGSUB#15,D&B,SL-GSUB,Z076100003509,,,2026-06-25T00:00:00,,,False,False,False,False,False,1,,AX,Store,
SLGSUB#16,D&B,SL-GSUB,Z076100003511,,,2026-06-25T00:00:00,,,False,False,False,False,False,1,,AX,Store,
SLGSUB#17,D&B,SL-GSUB,Z076100003513,,,2026-06-25T00:00:00,,,False,False,False,False,False,1,,AX,Store,
SLGSUB#18,D&B,SL-GSUB,Z076100003516,,,2026-06-25T00:00:00,,,False,False,False,False,False,1,,AX,Store,
SLGSUB#19,D&B,SL-GSUB,Z076100003518,,,2026-06-25T00:00:00,,,False,False,False,False,False,1,,AX,Store,
SLGSUB#20,D&B,SL-GSUB,Z076100003519,,,2026-06-25T00:00:00,,,False,False,False,False,False,1,,AX,Store,
SLGSUB#21,D&B,SL-GSUB,Z076100003524,,,2026-06-25T00:00:00,,,False,False,False,False,False,1,,AX,Store,
SLGSUB#22,D&B,SL-GSUB,Z076100003525,,,2026-06-25T00:00:00,,,False,False,False,False,False,1,,AX,Store,
VSUB#01,D&B,V-SUB,Z051800103513,,,2026-06-25T00:00:00,,,False,False,False,False,False,1,,AX,Store,
VSUB#02,D&B,V-SUB,Z051800103516,,,2026-06-25T00:00:00,,,False,False,False,False,False,1,,AX,Store,
VSUB#03,D&B,V-SUB,Z051800103522,,,2026-06-25T00:00:00,,,False,False,False,False,False,1,,AX,Store,
VSUB#04,D&B,V-SUB,Z051800103525,,,2026-06-25T00:00:00,,,False,False,False,False,False,1,,AX,Store,
VSUB#05,D&B,V-SUB,,,,2026-06-25T00:00:00,,,False,False,False,False,False,1,,AX,Store,
VSUB#06,D&B,V-SUB,,,,2026-06-25T00:00:00,,,False,False,False,False,False,1,,AX,Store,
VSUB#07,D&B,V-SUB,,,,2026-06-25T00:00:00,,,False,False,False,False,False,1,,AX,Store,
VSUB#08,D&B,V-SUB,,,,2026-06-25T00:00:00,,,False,False,False,False,False,1,,AX,Store,
XSLSUB#01,D&B,XSL-SUB,Z077400000254,,,2026-06-25T00:00:00,,,False,False,False,False,False,1,,AX,Store,
XSLSUB#02,D&B,XSL-SUB,Z077400000255,,,2026-06-25T00:00:00,,,False,False,False,False,False,1,,AX,Store,
XSLSUB#03,D&B,XSL-SUB,Z077400000257,,,2026-06-25T00:00:00,,,False,False,False,False,False,1,,AX,Store,
XSLSUB#04,D&B,XSL-SUB,Z077400000259,,,2026-06-25T00:00:00,,,False,False,False,False,False,1,,AX,Store,
XSLSUB#05,D&B,XSL-SUB,Z077400000628,,,2026-06-25T00:00:00,,,False,False,False,False,False,1,,AX,Store,
XSLSUB#06,D&B,XSL-SUB,Z077400000629,,,2026-06-25T00:00:00,,,False,False,False,False,False,1,,AX,Store,
XSLSUB#07,D&B,XSL-SUB,Z077400000632,,,2026-06-25T00:00:00,,,False,False,False,False,False,1,,AX,Store,
XSLSUB#08,D&B,XSL-SUB,Z077400000633,,,2026-06-25T00:00:00,,,False,False,False,False,False,1,,AX,Store,
GSLFLYINGFRAME#01,D&B,GSL Flying Frame,Z570100000254,,,2026-06-25T00:00:00,,,False,False,False,False,False,1,,AX,Store,
GSLFLYINGFRAME#02,D&B,GSL Flying Frame,Z570100000255,,,2026-06-25T00:00:00,,,False,False,False,False,False,1,,AX,Store,
GSLFLYINGFRAME#03,D&B,GSL Flying Frame,Z570100000644,,,2026-06-25T00:00:00,,,False,False,False,False,False,1,,AX,Store,
GSLFLYINGFRAME#04,D&B,GSL Flying Frame,Z570100000645,,,2026-06-25T00:00:00,,,False,False,False,False,False,1,,AX,Store,
GSLFLYINGFRAME#05,D&B,GSL Flying Frame,Z570100000650,,,2026-06-25T00:00:00,,,False,False,False,False,False,1,,AX,Store,
GSLFLYINGFRAME#06,D&B,GSL Flying Frame,Z570100000651,,,2026-06-25T00:00:00,,,False,False,False,False,False,1,,AX,Store,
KSLFLYINGFRAME#01,D&B,KSL Flying Frame,Z572200000796,,,2026-06-25T00:00:00,,,False,False,False,False,False,1,,AX,Store,
KSLFLYINGFRAME#02,D&B,KSL Flying Frame,Z572200000805,,,2026-06-25T00:00:00,,,False,False,False,False,False,1,,AX,Store,
KSLFLYINGFRAME#03,D&B,KSL Flying Frame,Z572200001137,,,2026-06-25T00:00:00,,,False,False,False,False,False,1,,AX,Store,
KSLFLYINGFRAME#04,D&B,KSL Flying Frame,Z572200001138,,,2026-06-25T00:00:00,,,False,False,False,False,False,1,,AX,Store,
KSLFLYINGFRAME#05,D&B,KSL Flying Frame,Z572200001144,,,2026-06-25T00:00:00,,,False,False,False,False,False,1,,AX,Store,
KSLFLYINGFRAME#06,D&B,KSL Flying Frame,Z572200001145,,,2026-06-25T00:00:00,,,False,False,False,False,False,1,,AX,Store,
XSLFLYINGFRAME#01,D&B,XSL Flying Frame,Z577100000087,,,2026-06-25T00:00:00,,,False,False,False,False,False,1,,AX,Store,
XSLFLYINGFRAME#02,D&B,XSL Flying Frame,Z577100000346,,,2026-06-25T00:00:00,,,False,False,False,False,False,1,,AX,Store,
XSLFLYINGFRAME#03,D&B,XSL Flying Frame,Z577100000347,,,2026-06-25T00:00:00,,,False,False,False,False,False,1,,AX,Store,
XSLFLYINGFRAME#04,D&B,XSL Flying Frame,Z577100000349,,,2026-06-25T00:00:00,,,False,False,False,False,False,1,,AX,Store,
GSLCOMPRESSIONKIT#01,D&B,GSL Compression Kit,,,,2026-06-25T00:00:00,,,False,False,False,False,False,1,,AX,Store,
GSLCOMPRESSIONKIT#02,D&B,GSL Compression Kit,,,,2026-06-25T00:00:00,,,False,False,False,False,False,1,,AX,Store,
GSLCOMPRESSIONKIT#03,D&B,GSL Compression Kit,,,,2026-06-25T00:00:00,,,False,False,False,False,False,1,,AX,Store,
GSLCOMPRESSIONKIT#04,D&B,GSL Compression Kit,,,,2026-06-25T00:00:00,,,False,False,False,False,False,1,,AX,Store,
KSLCOMPRESSIONKIT#01,D&B,KSL Compression Kit,,,,2026-06-25T00:00:00,,,False,False,False,False,False,1,,AX,Store,
KSLCOMPRESSIONKIT#02,D&B,KSL Compression Kit,,,,2026-06-25T00:00:00,,,False,False,False,False,False,1,,AX,Store,
KSLCOMPRESSIONKIT#03,D&B,KSL Compression Kit,,,,2026-06-25T00:00:00,,,False,False,False,False,False,1,,AX,Store,
KSLCOMPRESSIONKIT#04,D&B,KSL Compression Kit,,,,2026-06-25T00:00:00,,,False,False,False,False,False,1,,AX,Store,
KSLCOMPRESSIONKIT#05,D&B,KSL Compression Kit,,,,2026-06-25T00:00:00,,,False,False,False,False,False,1,,AX,Store,
KSLCOMPRESSIONKIT#06,D&B,KSL Compression Kit,,,,2026-06-25T00:00:00,,,False,False,False,False,False,1,,AX,Store,
SLAIMINGPLATE#01,D&B,SL Aiming Plate,,,,2026-06-25T00:00:00,,,False,False,False,False,False,1,,AX,Store,
SLAIMINGPLATE#02,D&B,SL Aiming Plate,,,,2026-06-25T00:00:00,,,False,False,False,False,False,1,,AX,Store,
SLAIMINGPLATE#03,D&B,SL Aiming Plate,,,,2026-06-25T00:00:00,,,False,False,False,False,False,1,,AX,Store,
SLAIMINGPLATE#04,D&B,SL Aiming Plate,,,,2026-06-25T00:00:00,,,False,False,False,False,False,1,,AX,Store,
SLAIMINGPLATE#05,D&B,SL Aiming Plate,,,,2026-06-25T00:00:00,,,False,False,False,False,False,1,,AX,Store,
CABLEPICKCHAIN#01,D&B,Cable Pick Chain,,,,2026-06-25T00:00:00,,,False,False,False,False,False,1,,AX,Store,
CABLEPICKCHAIN#02,D&B,Cable Pick Chain,,,,2026-06-25T00:00:00,,,False,False,False,False,False,1,,AX,Store,
CABLEPICKCHAIN#03,D&B,Cable Pick Chain,,,,2026-06-25T00:00:00,,,False,False,False,False,False,1,,AX,Store,
CABLEPICKCHAIN#04,D&B,Cable Pick Chain,,,,2026-06-25T00:00:00,,,False,False,False,False,False,1,,AX,Store,
CABLEPICKCHAIN#05,D&B,Cable Pick Chain,,,,2026-06-25T00:00:00,,,False,False,False,False,False,1,,AX,Store,
CABLEPICKCHAIN#06,D&B,Cable Pick Chain,,,,2026-06-25T00:00:00,,,False,False,False,False,False,1,,AX,Store,
SAFETYCHAIN4T#01,D&B,Safety Chain 4T,,O ring with 2 hooks. For GSL/KSL,,2026-06-25T00:00:00,,,False,False,False,False,False,1,,AX,Store,
SAFETYCHAIN4T#02,D&B,Safety Chain 4T,,O ring with 2 hooks. For GSL/KSL,,2026-06-25T00:00:00,,,False,False,False,False,False,1,,AX,Store,
SAFETYCHAIN4T#03,D&B,Safety Chain 4T,,O ring with 2 hooks. For GSL/KSL,,2026-06-25T00:00:00,,,False,False,False,False,False,1,,AX,Store,
SAFETYCHAIN4T#04,D&B,Safety Chain 4T,,O ring with 2 hooks. For GSL/KSL,,2026-06-25T00:00:00,,,False,False,False,False,False,1,,AX,Store,
SAFETYCHAIN4T#05,D&B,Safety Chain 4T,,O ring with 2 hooks. For GSL/KSL,,2026-06-25T00:00:00,,,False,False,False,False,False,1,,AX,Store,
SAFETYCHAIN4T#06,D&B,Safety Chain 4T,,O ring with 2 hooks. For GSL/KSL,,2026-06-25T00:00:00,,,False,False,False,False,False,1,,AX,Store,
SAFETYCHAIN4T#07,D&B,Safety Chain 4T,,O ring with 2 hooks. For GSL/KSL,,2026-06-25T00:00:00,,,False,False,False,False,False,1,,AX,Store,
SAFETYCHAIN4T#08,D&B,Safety Chain 4T,,O ring with 2 hooks. For GSL/KSL,,2026-06-25T00:00:00,,,False,False,False,False,False,1,,AX,Store,
SAFETYCHAIN4T#09,D&B,Safety Chain 4T,,O ring with 2 hooks. For GSL/KSL,,2026-06-25T00:00:00,,,False,False,False,False,False,1,,AX,Store,
SAFETYCHAIN4T#10,D&B,Safety Chain 4T,,O ring with 2 hooks. For GSL/KSL,,2026-06-25T00:00:00,,,False,False,False,False,False,1,,AX,Store,
SAFETYCHAIN4T#11,D&B,Safety Chain 4T,,O ring with 2 hooks. For GSL/KSL,,2026-06-25T00:00:00,,,False,False,False,False,False,1,,AX,Store,
SAFETYCHAIN4T#12,D&B,Safety Chain 4T,,O ring with 2 hooks. For GSL/KSL,,2026-06-25T00:00:00,,,False,False,False,False,False,1,,AX,Store,
SAFETYCHAIN4T#13,D&B,Safety Chain 4T,,O ring with 2 hooks. For GSL/KSL,,2026-06-25T00:00:00,,,False,False,False,False,False,1,,AX,Store,
SAFETYCHAIN4T#14,D&B,Safety Chain 4T,,O ring with 2 hooks. For GSL/KSL,,2026-06-25T00:00:00,,,False,False,False,False,False,1,,AX,Store,
SAFETYCHAIN4T#15,D&B,Safety Chain 4T,,O ring with 2 hooks. For GSL/KSL,,2026-06-25T00:00:00,,,False,False,False,False,False,1,,AX,Store,
SAFETYCHAIN4T#16,D&B,Safety Chain 4T,,O ring with 2 hooks. For GSL/KSL,,2026-06-25T00:00:00,,,False,False,False,False,False,1,,AX,Store,
SAFETYCHAIN2T#01,D&B,Safety Chain 2T,,O ring with 2 hooks. For XSL,,2026-06-25T00:00:00,,,False,False,False,False,False,1,,AX,Store,
SAFETYCHAIN2T#02,D&B,Safety Chain 2T,,O ring with 2 hooks. For XSL,,2026-06-25T00:00:00,,,False,False,False,False,False,1,,AX,Store,
SAFETYCHAIN2T#03,D&B,Safety Chain 2T,,O ring with 2 hooks. For XSL,,2026-06-25T00:00:00,,,False,False,False,False,False,1,,AX,Store,
SAFETYCHAIN2T#04,D&B,Safety Chain 2T,,O ring with 2 hooks. For XSL,,2026-06-25T00:00:00,,,False,False,False,False,False,1,,AX,Store,
LKA2530M#01,D&B,LKA25 30m,,,,2026-06-25T00:00:00,,,False,False,False,False,False,1,,AX,Store,
LKA2530M#02,D&B,LKA25 30m,,,,2026-06-25T00:00:00,,,False,False,False,False,False,1,,AX,Store,
LKA2530M#03,D&B,LKA25 30m,,,,2026-06-25T00:00:00,,,False,False,False,False,False,1,,AX,Store,
LKA2530M#04,D&B,LKA25 30m,,,,2026-06-25T00:00:00,,,False,False,False,False,False,1,,AX,Store,
LKA2530M#05,D&B,LKA25 30m,,,,2026-06-25T00:00:00,,,False,False,False,False,False,1,,AX,Store,
LKA2530M#06,D&B,LKA25 30m,,,,2026-06-25T00:00:00,,,False,False,False,False,False,1,,AX,Store,
LKA2530M#07,D&B,LKA25 30m,,,,2026-06-25T00:00:00,,,False,False,False,False,False,1,,AX,Store,
LKA2530M#08,D&B,LKA25 30m,,,,2026-06-25T00:00:00,,,False,False,False,False,False,1,,AX,Store,
LKA2530M#09,D&B,LKA25 30m,,,,2026-06-25T00:00:00,,,False,False,False,False,False,1,,AX,Store,
LKA2530M#10,D&B,LKA25 30m,,,,2026-06-25T00:00:00,,,False,False,False,False,False,1,,AX,Store,
LKA2530M#11,D&B,LKA25 30m,,,,2026-06-25T00:00:00,,,False,False,False,False,False,1,,AX,Store,
LKA2530M#12,D&B,LKA25 30m,,,,2026-06-25T00:00:00,,,False,False,False,False,False,1,,AX,Store,
LKA2530M#13,D&B,LKA25 30m,,,,2026-06-25T00:00:00,,,False,False,False,False,False,1,,AX,Store,
LKA2530M#14,D&B,LKA25 30m,,,,2026-06-25T00:00:00,,,False,False,False,False,False,1,,AX,Store,
LKA2530M#15,D&B,LKA25 30m,,,,2026-06-25T00:00:00,,,False,False,False,False,False,1,,AX,Store,
LKA2530M#16,D&B,LKA25 30m,,,,2026-06-25T00:00:00,,,False,False,False,False,False,1,,AX,Store,
LKA2530M#17,D&B,LKA25 30m,,,,2026-06-25T00:00:00,,,False,False,False,False,False,1,,AX,Store,
LKA2530M#18,D&B,LKA25 30m,,,,2026-06-25T00:00:00,,,False,False,False,False,False,1,,AX,Store,
LKA2530M#19,D&B,LKA25 30m,,,,2026-06-25T00:00:00,,,False,False,False,False,False,1,,AX,Store,
LKA2530M#20,D&B,LKA25 30m,,,,2026-06-25T00:00:00,,,False,False,False,False,False,1,,AX,Store,
LKA2530M#21,D&B,LKA25 30m,,,,2026-06-25T00:00:00,,,False,False,False,False,False,1,,AX,Store,
LKA2530M#22,D&B,LKA25 30m,,,,2026-06-25T00:00:00,,,True,False,False,False,False,1,,AX,Store,
LKA2550M#01,D&B,LKA25 50m,,,,2026-06-25T00:00:00,,,False,False,False,False,False,1,,AX,Store,
LKA2550M#02,D&B,LKA25 50m,,,,2026-06-25T00:00:00,,,False,False,False,False,False,1,,AX,Store,
LKA2550M#03,D&B,LKA25 50m,,,,2026-06-25T00:00:00,,,False,False,False,False,False,1,,AX,Store,
LKA2550M#04,D&B,LKA25 50m,,,,2026-06-25T00:00:00,,,False,False,False,False,False,1,,AX,Store,
LKA2550M#05,D&B,LKA25 50m,,,,2026-06-25T00:00:00,,,False,False,False,False,False,1,,AX,Store,
LKA2550M#06,D&B,LKA25 50m,,,,2026-06-25T00:00:00,,,False,False,False,False,False,1,,AX,Store,
LKA2550M#07,D&B,LKA25 50m,,,,2026-06-25T00:00:00,,,False,False,False,False,False,1,,AX,Store,
LKA2550M#08,D&B,LKA25 50m,,,,2026-06-25T00:00:00,,,False,False,False,False,False,1,,AX,Store,
LKA2550M#09,D&B,LKA25 50m,,,,2026-06-25T00:00:00,,,False,False,False,False,False,1,,AX,Store,
LKA2540M#01,D&B,LKA25 40m,,,,2026-06-25T00:00:00,,,False,False,False,False,False,1,,AX,Store,
LKA2540M#02,D&B,LKA25 40m,,,,2026-06-25T00:00:00,,,False,False,False,False,False,1,,AX,Store,
LKA2540M#03,D&B,LKA25 40m,,,,2026-06-25T00:00:00,,,False,False,False,False,False,1,,AX,Store,
LKA2540M#04,D&B,LKA25 40m,,,,2026-06-25T00:00:00,,,False,False,False,False,False,1,,AX,Store,
LKA2540M#05,D&B,LKA25 40m,,,,2026-06-25T00:00:00,,,False,False,False,False,False,1,,AX,Store,
LKA2540M#06,D&B,LKA25 40m,,,,2026-06-25T00:00:00,,,False,False,False,False,False,1,,AX,Store,
LKA2540M#07,D&B,LKA25 40m,,,,2026-06-25T00:00:00,,,False,False,False,False,False,1,,AX,Store,
LKA2540M#08,D&B,LKA25 40m,,,,2026-06-25T00:00:00,,,False,False,False,False,False,1,,AX,Store,
LKA2540M#09,D&B,LKA25 40m,,,,2026-06-25T00:00:00,,,False,False,False,False,False,1,,AX,Store,
LKA2540M#10,D&B,LKA25 40m,,,,2026-06-25T00:00:00,,,False,False,False,False,False,1,,AX,Store,
LKA2540M#11,D&B,LKA25 40m,,,,2026-06-25T00:00:00,,,False,False,False,False,False,1,,AX,Store,
LKA2540M#12,D&B,LKA25 40m,,,,2026-06-25T00:00:00,,,False,False,False,False,False,1,,AX,Store,
LKA2540M#13,D&B,LKA25 40m,,,,2026-06-25T00:00:00,,,False,False,False,False,False,1,,AX,Store,
LKA2540M#14,D&B,LKA25 40m,,,,2026-06-25T00:00:00,,,False,False,False,False,False,1,,AX,Store,
LKA2540M#15,D&B,LKA25 40m,,,,2026-06-25T00:00:00,,,False,False,False,False,False,1,,AX,Store,
BULK-0005,D&B,LKA25 27.5m,,,,2026-06-25T00:00:00,,,False,False,False,False,True,4,,AX,Store,
BULK-0006,D&B,LKA25M - 6x NLT4F,,,,2026-06-25T00:00:00,,,False,False,False,False,True,26,,AX,Store,
BULK-0007,D&B,LKA25F - 3x NLT8M,,,,2026-06-25T00:00:00,,,False,False,False,False,True,4,,AX,Store,
BULK-0008,D&B,NLT8 20m,,,,2026-06-25T00:00:00,,,False,False,False,False,True,20,,AX,Store,
BULK-0009,D&B,NLT8 5m,,,,2026-06-25T00:00:00,,,False,False,False,False,True,2,,AX,Store,
BULK-0010,D&B,NLT8F - 2x NLT4M,,,,2026-06-25T00:00:00,,,False,False,False,False,True,10,,AX,Store,
BULK-0011,D&B,NLT4F - NLT4M Short Link,,,,2026-06-25T00:00:00,,,False,False,False,False,True,16,,AX,Store,
BULK-0012,D&B,ArraySight Cat5 30m,,,,2026-06-25T00:00:00,,,False,False,False,False,True,17,,AX,Store,
