AssetID,Brand,ModelNumber,SerialNumber,Description,DateOfPurchase,DateAdded,DateModified,ChangeHistory,Notes,IsMissing,IsOOC,IsDegraded,IsDisposed,IsBulk,Quantity,MaintenanceLogs,DepartmentCode,DefaultLocation,CurrentLocation
IPAD#01,Apple,iPad,YVTP9HPX47,(10th Generation),,,,,,False,False,False,False,False,1,,AX,Store,Store
IPAD#02,Apple,iPad,JX9KXKKPF4,(10th Generation),,,,,,False,False,False,False,False,1,"[{""date"":""2026/04/15"",""user"":""bnjm2000"",""description"":""Updated to iPadOS 26.4.1"",""type"":""Update"",""cost"":"""",""changes"":[],""source"":{}}]",AX,Store,NSBA Ground Breaking Ceremony @ Senja Close
IPAD#03,Apple,iPad,TFQYL2K0JW,(10th Generation),,,,,,False,False,False,False,False,1,"[{""date"":""2026/03/04"",""user"":""bnjm2000"",""description"":""Found without 3.5mm adapter. Replaced (110: Louis Vuitton Spring Summer Trunk Show 2026 @ Japanese Garden)"",""type"":""Fault"",""cost"":"""",""changes"":[],""source"":{}},{""date"":""2026/04/15"",""user"":""bnjm2000"",""description"":""Updated to iPadOS 26.4.1"",""type"":""Update"",""cost"":"""",""changes"":[],""source"":{}}]",AX,Store,NSBA Rooftop Opening Ceremony @ Temple
C451B#01,AKG,C451B,VI0803-107486,Cardioid condenser microphone,,,,,,False,False,False,False,False,1,,AX,Store,Store
C451B#02,AKG,C451B,VI0803-106725,Cardioid condenser microphone,,,,,,False,False,False,False,False,1,,AX,Store,Store
C451B#03,AKG,C451B,VI0803-106979,Cardioid condenser microphone,,,,,,False,False,False,False,False,1,,AX,Store,
C451B#04,AKG,C451B,VI0803-106596,Cardioid condenser microphone,,,,,,False,False,False,False,False,1,,AX,Store,Store
C451B#05,AKG,C451B,VI0803-106086,Cardioid condenser microphone,,,,,,False,False,False,False,False,1,,AX,Store,Store
C451B#06,AKG,C451B,,Cardioid condenser microphone,,,,,,False,False,False,False,False,1,,AX,Store,Store
C451B#07,AKG,C451B,,Cardioid condenser microphone,,,,,,False,False,False,False,False,1,,AX,Store,
C451B#08,AKG,C451B,,Cardioid condenser microphone,,,,,,False,False,False,False,False,1,,AX,Store,Store
C451B#09,AKG,C451B,,Cardioid condenser microphone,,,,,,False,False,False,False,False,1,,AX,Store,Store
C451B#10,AKG,C451B,,Cardioid condenser microphone,,,,,,False,False,False,False,False,1,,AX,Store,Store
B91A#01,Shure,Beta 91A,98A14333,Boundary condenser microphone,,,,,,False,False,False,False,False,1,,AX,Store,Store
B52A#01,Shure,Beta 52A,3AL13116579,Kick drum mic,,,,,,False,False,False,False,False,1,,AX,Store,Store
C411#01,AKG,C411,VI0821-375594,PP Miniature condenser vibration pickup mic,,,,,,False,False,False,False,False,1,,AX,Store,
CT3#01,DBX,CT3,11065310806,advanced cable tester,2024-06-14,,,,,False,False,False,False,False,1,,AX,Store,
4088#01,DPA,4088 (beige),,Directional Headset,,,,,,False,False,False,False,False,1,,AX,Store,
4088#02,DPA,4088 (beige),,Directional Headset,,,,,,False,False,False,False,False,1,,AX,Store,
4099#01,DPA,4099,E46719,Instrument Microphone,,,,,,False,False,False,False,False,1,"[{""date"":""2025/07/14"",""user"":""bnjm2000"",""description"":""Inventory check, cable is exposed"",""type"":""General"",""cost"":"""",""changes"":[],""source"":{}},{""id"":""6374b89c8b8e56401f44bf5c"",""date"":""2026/06/25"",""user"":""rrafie"",""description"":""Asset sighted by rrafie during Asset Check"",""type"":""Asset check"",""cost"":"""",""changes"":[],""source"":{""kind"":""asset_check_sighting"",""checkId"":""asset-check-5b853940-034c-47c1-9325-1bfa32f1e091"",""groupKey"":""AX|DPA|4099|"",""createdAt"":""2026-06-25T15:53:14""}}]",AX,Store,
4099#02,DPA,4099,E46935,Instrument Microphone,,,,,,False,True,False,False,False,1,"[{""date"":""2025/07/14"",""user"":""bnjm2000"",""description"":""Inventory check, no sponge, cable exposed"",""type"":""Fault"",""cost"":"""",""changes"":[{""kind"":""ooc"",""action"":""marked""}],""source"":{}},{""id"":""97aed339eec3ec681d6c590d"",""date"":""2026/06/25"",""user"":""rrafie"",""description"":""Asset sighted by rrafie during Asset Check"",""type"":""Asset check"",""cost"":"""",""changes"":[],""source"":{""kind"":""asset_check_sighting"",""checkId"":""asset-check-21d446a0-e16d-4375-b041-a9fd5f7ede52"",""groupKey"":""AX|DPA|4099|"",""createdAt"":""2026-06-25T15:52:30""}}]",AX,Store,
4099#03,DPA,4099,E47127,Instrument Microphone,,,,,,False,True,False,False,False,1,"[{""date"":""2025/07/14"",""user"":""bnjm2000"",""description"":""Inventory check, cable is oxidised and disintegrating"",""type"":""Fault"",""cost"":"""",""changes"":[{""kind"":""ooc"",""action"":""marked""}],""source"":{}},{""id"":""eac2892f586e08f6eb3c12c5"",""date"":""2026/06/25"",""user"":""rrafie"",""description"":""Asset sighted by rrafie during Asset Check"",""type"":""Asset check"",""cost"":"""",""changes"":[],""source"":{""kind"":""asset_check_sighting"",""checkId"":""asset-check-8ca153e0-4379-408e-8918-4f967d761471"",""groupKey"":""AX|DPA|4099|"",""createdAt"":""2026-06-25T15:52:35""}}]",AX,Store,
4099#04,DPA,4099,E48465,Instrument Microphone,,,,,,False,False,False,False,False,1,"[{""id"":""9900c682aabdc09b1ed2bedf"",""date"":""2026/06/25"",""user"":""rrafie"",""description"":""Asset sighted by rrafie during Asset Check"",""type"":""Asset check"",""cost"":"""",""changes"":[],""source"":{""kind"":""asset_check_sighting"",""checkId"":""asset-check-07558c2a-ccde-442b-a0d7-491be1eb68ce"",""groupKey"":""AX|DPA|4099|"",""createdAt"":""2026-06-25T15:45:20""}}]",AX,Store,Store
4099#05,DPA,4099,E48467,Instrument Microphone,,,,,,False,False,False,False,False,1,,AX,Store,Dry Hire: Avery Events
4099#06,DPA,4099,E51806,Instrument Microphone,,,,,,False,False,False,False,False,1,"[{""date"":""2025/07/14"",""user"":""bnjm2000"",""description"":""Inventory check, no sponge, cable ok"",""type"":""Fault"",""cost"":"""",""changes"":[{""kind"":""ooc"",""action"":""marked""}],""source"":{}},{""date"":""2025/09/10"",""user"":""bnjm2000"",""description"":""replaced sponge"",""type"":""Repair"",""cost"":"""",""changes"":[{""kind"":""ooc"",""action"":""cleared""}],""source"":{}},{""id"":""100db55830a1fa44af57568e"",""date"":""2026/06/25"",""user"":""rrafie"",""description"":""Asset sighted by rrafie during Asset Check"",""type"":""Asset check"",""cost"":"""",""changes"":[],""source"":{""kind"":""asset_check_sighting"",""checkId"":""asset-check-3c165c2a-d1cd-4591-bb3c-7ac84e9affad"",""groupKey"":""AX|DPA|4099|"",""createdAt"":""2026-06-25T15:44:14""}}]",AX,Store,Dry Hire: Avery Events
4099#07,DPA,4099,E51807,Instrument Microphone,,,,,,False,False,False,False,False,1,"[{""date"":""2025/07/14"",""user"":""bnjm2000"",""description"":""Inventory check, cable is exposed"",""type"":""General"",""cost"":"""",""changes"":[],""source"":{}},{""id"":""fe01630fbe30e0e71eee16e8"",""date"":""2026/06/25"",""user"":""rrafie"",""description"":""Asset sighted by rrafie during Asset Check"",""type"":""Asset check"",""cost"":"""",""changes"":[],""source"":{""kind"":""asset_check_sighting"",""checkId"":""asset-check-53477887-0485-4abc-beff-597cbb52eb54"",""groupKey"":""AX|DPA|4099|"",""createdAt"":""2026-06-25T15:48:59""}}]",AX,Store,
4099#08,DPA,4099,E51808,Instrument Microphone,,,,,,False,False,False,False,False,1,"[{""date"":""2025/07/14"",""user"":""bnjm2000"",""description"":""Inventory check, no sponge, cable exposed"",""type"":""Fault"",""cost"":"""",""changes"":[{""kind"":""ooc"",""action"":""marked""}],""source"":{}},{""date"":""2025/09/11"",""user"":""bnjm2000"",""description"":""Replaced sponge"",""type"":""Repair"",""cost"":"""",""changes"":[{""kind"":""ooc"",""action"":""cleared""}],""source"":{}},{""id"":""3e922d101261c153d9925c07"",""date"":""2026/06/25"",""user"":""rrafie"",""description"":""Asset sighted by rrafie during Asset Check"",""type"":""Asset check"",""cost"":"""",""changes"":[],""source"":{""kind"":""asset_check_sighting"",""checkId"":""asset-check-3e52c5eb-e0ba-46c9-a587-749c3c60f286"",""groupKey"":""AX|DPA|4099|"",""createdAt"":""2026-06-25T16:01:51""}}]",AX,Store,
4099#09,DPA,4099,E51856,Instrument Microphone,,,,,,False,False,False,False,False,1,"[{""date"":""2025/07/14"",""user"":""bnjm2000"",""description"":""Inventory check, cable exposed, no sponge"",""type"":""Fault"",""cost"":"""",""changes"":[{""kind"":""ooc"",""action"":""marked""}],""source"":{}},{""date"":""2025/09/11"",""user"":""bnjm2000"",""description"":""Replaced sponge"",""type"":""Repair"",""cost"":"""",""changes"":[{""kind"":""ooc"",""action"":""cleared""}],""source"":{}},{""id"":""1c42634873e8fa4a79f95c5f"",""date"":""2026/06/25"",""user"":""rrafie"",""description"":""Asset sighted by rrafie during Asset Check"",""type"":""Asset check"",""cost"":"""",""changes"":[],""source"":{""kind"":""asset_check_sighting"",""checkId"":""asset-check-08f1f979-f382-4295-a0ae-73d1269c1a84"",""groupKey"":""AX|DPA|4099|"",""createdAt"":""2026-06-25T15:47:00""}}]",AX,Store,
4099#10,DPA,4099,EC3606,Instrument Microphone,,,,,,False,False,False,False,False,1,"[{""date"":""2025/07/14"",""user"":""bnjm2000"",""description"":""inventory check, cable a little exposed"",""type"":""General"",""cost"":"""",""changes"":[],""source"":{}},{""id"":""c13d8126165d14e80d3c182c"",""date"":""2026/06/25"",""user"":""rrafie"",""description"":""Asset sighted by rrafie during Asset Check"",""type"":""Asset check"",""cost"":"""",""changes"":[],""source"":{""kind"":""asset_check_sighting"",""checkId"":""asset-check-02a99bad-4dde-46b1-8f6e-69376d68c2b1"",""groupKey"":""AX|DPA|4099|"",""createdAt"":""2026-06-25T15:47:39""}}]",AX,Store,Store
4099#11,DPA,4099,EC3615,Instrument Microphone,,,,,,False,False,False,False,False,1,"[{""date"":""2025/07/14"",""user"":""bnjm2000"",""description"":""inventory check, cable a little exposed"",""type"":""General"",""cost"":"""",""changes"":[],""source"":{}},{""id"":""d0b1b9d6d5b616419f04d57f"",""date"":""2026/06/25"",""user"":""rrafie"",""description"":""Asset sighted by rrafie during Asset Check"",""type"":""Asset check"",""cost"":"""",""changes"":[],""source"":{""kind"":""asset_check_sighting"",""checkId"":""asset-check-c27f42c8-1276-4f1a-897b-a8a2e4b08cd8"",""groupKey"":""AX|DPA|4099|"",""createdAt"":""2026-06-25T15:45:52""}}]",AX,Store,Store
4099#12,DPA,4099,EC5708,Instrument Microphone,,,,,,False,False,False,False,False,1,"[{""date"":""2025/07/14"",""user"":""bnjm2000"",""description"":""Inventory check, cable is exposed, sponge is going"",""type"":""General"",""cost"":"""",""changes"":[],""source"":{}},{""date"":""2025/09/10"",""user"":""bnjm2000"",""description"":""Sponge replaced"",""type"":""Repair"",""cost"":"""",""changes"":[{""kind"":""ooc"",""action"":""cleared""}],""source"":{}},{""id"":""e198c0fed778be98bec2226e"",""date"":""2026/06/25"",""user"":""rrafie"",""description"":""Asset sighted by rrafie during Asset Check"",""type"":""Asset check"",""cost"":"""",""changes"":[],""source"":{""kind"":""asset_check_sighting"",""checkId"":""asset-check-fbc41bfb-23ea-4b44-b992-215bc4bb3bfe"",""groupKey"":""AX|DPA|4099|"",""createdAt"":""2026-06-25T15:48:36""}}]",AX,Store,
4099#13,DPA,4099,EC5709,Instrument Microphone,,,,,,False,False,False,False,False,1,"[{""date"":""2025/07/14"",""user"":""bnjm2000"",""description"":""Inventory check, sponge spoilt, cable exposed"",""type"":""Fault"",""cost"":"""",""changes"":[{""kind"":""ooc"",""action"":""marked""}],""source"":{}},{""date"":""2025/09/10"",""user"":""bnjm2000"",""description"":""Sponge replaced"",""type"":""Repair"",""cost"":"""",""changes"":[{""kind"":""ooc"",""action"":""cleared""}],""source"":{}},{""id"":""00ccdde388de89e659fefe3b"",""date"":""2026/06/25"",""user"":""rrafie"",""description"":""Asset sighted by rrafie during Asset Check"",""type"":""Asset check"",""cost"":"""",""changes"":[],""source"":{""kind"":""asset_check_sighting"",""checkId"":""asset-check-866fd63e-2129-4941-b935-5f229b8806b2"",""groupKey"":""AX|DPA|4099|"",""createdAt"":""2026-06-25T15:50:15""}}]",AX,Store,Store
4099#14,DPA,4099,EC5730,Instrument Microphone,,,,,,False,False,False,False,False,1,"[{""date"":""2026/03/11"",""user"":""bnjm2000"",""description"":""Cable exposed, sponge disintegrating soon (Interwoven《绚》 @ SCCC)"",""type"":""General"",""cost"":"""",""changes"":[],""source"":{}},{""id"":""6379356f5ae5d7ca6c7a5ba3"",""date"":""2026/06/25"",""user"":""rrafie"",""description"":""Asset sighted by rrafie during Asset Check"",""type"":""Asset check"",""cost"":"""",""changes"":[],""source"":{""kind"":""asset_check_sighting"",""checkId"":""asset-check-c4811ab1-3a80-4658-a067-fff3b14b7949"",""groupKey"":""AX|DPA|4099|"",""createdAt"":""2026-06-25T16:02:10""}}]",AX,Store,Store
4099#15,DPA,4099,ED0511,Instrument Microphone,,,,,,False,False,False,False,False,1,"[{""date"":""2025/07/14"",""user"":""bnjm2000"",""description"":""Inventory check, cable a little exposed"",""type"":""General"",""cost"":"""",""changes"":[],""source"":{}},{""id"":""39c9247f9d736eb53b2777bf"",""date"":""2026/06/25"",""user"":""rrafie"",""description"":""Asset sighted by rrafie during Asset Check"",""type"":""Asset check"",""cost"":"""",""changes"":[],""source"":{""kind"":""asset_check_sighting"",""checkId"":""asset-check-50376823-974b-4513-a065-c84b0f66a421"",""groupKey"":""AX|DPA|4099|"",""createdAt"":""2026-06-25T15:53:20""}}]",AX,Store,Store
4099#16,DPA,4099,EG3923,Instrument Microphone,,,,,,False,False,False,False,False,1,"[{""id"":""2f510bf8a16c67979eedfd68"",""date"":""2026/06/25"",""user"":""rrafie"",""description"":""Asset sighted by rrafie during Asset Check"",""type"":""Asset check"",""cost"":"""",""changes"":[],""source"":{""kind"":""asset_check_sighting"",""checkId"":""asset-check-839686c5-e27c-4fec-b916-88899efee1d5"",""groupKey"":""AX|DPA|4099|"",""createdAt"":""2026-06-25T15:45:39""}}]",AX,Store,Dry Hire: Avery Events
4099#17,DPA,4099,EG3977,Instrument Microphone,,,,,,False,False,False,False,False,1,"[{""id"":""3f06a294d095d0c41f1dad1a"",""date"":""2026/06/25"",""user"":""rrafie"",""description"":""Asset sighted by rrafie during Asset Check"",""type"":""Asset check"",""cost"":"""",""changes"":[],""source"":{""kind"":""asset_check_sighting"",""checkId"":""asset-check-beb5cad2-b9b7-41fb-9bcf-180240e0df97"",""groupKey"":""AX|DPA|4099|"",""createdAt"":""2026-06-25T15:44:53""}}]",AX,Store,Store
4288#01,DPA,4288,,Directional Headset,,,,,,False,False,False,False,False,1,,AX,Store,
4288#02,DPA,4288,,Directional Headset,,,,,,False,False,False,False,False,1,,AX,Store,
4466#01,DPA,4466 (beige),C073762,Omnidirectional Headset,,,,,,False,False,False,False,False,1,"[{""date"":""2026/03/14"",""user"":""bnjm2000"",""description"":""Noted sound muffled (Interwoven《绚》@ SCCC) by Engineer Wei Zheng"",""type"":""General"",""cost"":"""",""changes"":[],""source"":{}}]",AX,Store,Store
4466#02,DPA,4466 (beige),C074934,Omnidirectional Headset,,,,,,False,False,False,False,False,1,,AX,Store,Store
4466#03,DPA,4466 (beige),C075186,Omnidirectional Headset,,,,,,False,False,False,False,False,1,,AX,Store,Store
4466#04,DPA,4466 (beige),C056033,Omnidirectional Headset,,,,,,False,False,False,False,False,1,,AX,Store,Store
4466#05,DPA,4466 (beige),C074966,Omnidirectional Headset,,,,,,False,False,False,False,False,1,,AX,Store,Store
4466#06,DPA,4466 (beige),C075149,Omnidirectional Headset,,,,,,False,False,False,False,False,1,,AX,Store,Store
4488#01,DPA,4488 (beige),M069287,Directional Headset,,,,,,False,False,False,False,False,1,,AX,Store,
4488#02,DPA,4488 (beige),M068571,Directional Headset,,,,,,False,False,False,False,False,1,,AX,Store,
4488#03,DPA,4488 (beige),M069881,Directional Headset,,,,,,False,False,False,False,False,1,,AX,Store,Store
4488#04,DPA,4488 (beige),M069448,Directional Headset,,,,,,False,False,False,False,False,1,,AX,Store,Store
4488#05,DPA,4488 (beige),M071554,Directional Headset,,,,,,False,False,False,False,False,1,,AX,Store,Store
4488#06,DPA,4488 (beige),M068245,Directional Headset,,,,,,False,False,False,False,False,1,,AX,Store,Store
4488#07,DPA,4488 (beige),M069285,Directional Headset,,,,,,False,False,False,False,False,1,,AX,Store,Store
4488#08,DPA,4488 (beige),M068376,Directional Headset,,,,,,False,False,False,False,False,1,,AX,Store,Store
4488#09,DPA,4488 (beige),M070024,Directional Headset,,,,,,False,False,False,False,False,1,,AX,Store,
4488#10,DPA,4488 (beige),M069545,Directional Headset,,,,,,False,False,False,False,False,1,,AX,Store,
4488#11,DPA,4488 (beige),M069673,Directional Headset,,,,,,False,False,False,False,False,1,,AX,Store,Store
4488#12,DPA,4488 (beige),M070071,Directional Headset,,,,,,False,False,False,False,False,1,,AX,Store,Store
6061#01,DPA,6061 (beige),R311927,Omni Submini Lavalier Microphone,,,,,,False,False,False,False,False,1,,AX,Store,
6061#02,DPA,6061 (beige),R311977,Omni Submini Lavalier Microphone,,,,,,False,False,False,False,False,1,,AX,Store,
6061#03,DPA,6061 (beige),R311988,Omni Submini Lavalier Microphone,,,,,,False,False,False,False,False,1,,AX,Store,Store
6061#04,DPA,6061 (beige),R316442,Omni Submini Lavalier Microphone,,,,,,False,False,False,False,False,1,,AX,Store,Store
6061#05,DPA,6061 (beige),R316445,Omni Submini Lavalier Microphone,,,,,,False,False,False,False,False,1,,AX,Store,
6061#06,DPA,6061 (beige),R316447,Omni Submini Lavalier Microphone,,,,,,False,False,False,False,False,1,,AX,Store,
6061#07,DPA,6061 (beige),R317526,Omni Submini Lavalier Microphone,,,,,,False,False,False,False,False,1,,AX,Store,
6061#08,DPA,6061 (beige),R317528,Omni Submini Lavalier Microphone,,,,,,False,False,False,False,False,1,,AX,Store,
6061#09,DPA,6061 (beige),R317530,Omni Submini Lavalier Microphone,,,,,,False,False,False,False,False,1,,AX,Store,
6061#10,DPA,6061 (beige),R317531,Omni Submini Lavalier Microphone,,,,,,False,False,False,False,False,1,,AX,Store,
6061#11,DPA,6061 (beige),R317534,Omni Submini Lavalier Microphone,,,,,,False,False,False,False,False,1,,AX,Store,
6061#12,DPA,6061 (beige),R317535,Omni Submini Lavalier Microphone,,,,,,False,False,False,False,False,1,,AX,Store,
6061#13,DPA,6061 (black),R283616,Omni Submini Lavalier Microphone,2025-11-17,,,,,False,False,False,False,False,1,,AX,Store,Store
6061#14,DPA,6061 (black),R283623,Omni Submini Lavalier Microphone,2025-11-17,,,,,False,False,False,False,False,1,,AX,Store,Store
6061#15,DPA,6061 (black),R283625,Omni Submini Lavalier Microphone,2025-11-17,,,,,False,False,False,False,False,1,,AX,Store,Store
6061#16,DPA,6061 (black),R283632,Omni Submini Lavalier Microphone,2025-11-17,,,,,False,False,False,False,False,1,,AX,Store,Store
4061#01,DPA,4061,R238770,Omni Submini Lavalier Microphone,,,,,,False,False,True,False,False,1,"[{""date"":""2024/11/19"",""user"":""bnjm2000"",""description"":""Sleeving disintegrated/tore after removing from instrument (SLMA @ Jia He Grand Restaurant)"",""type"":""Fault"",""cost"":"""",""changes"":[{""kind"":""degraded"",""action"":""marked""}],""source"":{}}]",AX,Store,
4061#02,DPA,4061,R238785,Omni Submini Lavalier Microphone,,,,,,False,False,True,False,False,1,"[{""date"":""2025/08/15"",""user"":""bnjm2000"",""description"":""Sleeving disintegrated/tore after removing from instrument (Tampest & Tranquility @ Blackbox)"",""type"":""Fault"",""cost"":"""",""changes"":[{""kind"":""degraded"",""action"":""marked""}],""source"":{}}]",AX,Store,
DAD6001#01,DPA,DAD 6001,,Microdot to 3-Pin XLR Adapter,,,,,,False,False,False,False,False,1,,AX,Store,Store
DAD6001#02,DPA,DAD 6001,,Microdot to 3-Pin XLR Adapter,,,,,,False,False,False,False,False,1,,AX,Store,Store
DAD6001#03,DPA,DAD 6001,,Microdot to 3-Pin XLR Adapter,,,,,,False,False,False,False,False,1,,AX,Store,Store
DAD6001#04,DPA,DAD 6001,,Microdot to 3-Pin XLR Adapter,,,,,,False,False,False,False,False,1,,AX,Store,Store
DAD6001#05,DPA,DAD 6001,,Microdot to 3-Pin XLR Adapter,,,,,,False,False,False,False,False,1,,AX,Store,Store
DAD6001#06,DPA,DAD 6001,,Microdot to 3-Pin XLR Adapter,,,,,,False,False,False,False,False,1,,AX,Store,Store
DAD6001#07,DPA,DAD 6001,,Microdot to 3-Pin XLR Adapter,,,,,,False,False,False,False,False,1,,AX,Store,Store
DAD4099#01,DPA,DAD 4099,,Microdot To XLR Adaptor With Low Cut,,,,,,False,False,False,False,False,1,,AX,Store,Dry Hire: Avery Events
DAD4099#02,DPA,DAD 4099,,Microdot To XLR Adaptor With Low Cut,,,,,,False,False,False,False,False,1,,AX,Store,Dry Hire: Avery Events
DAD4099#03,DPA,DAD 4099,,Microdot To XLR Adaptor With Low Cut,,,,,,False,False,False,False,False,1,,AX,Store,
DAD4099#04,DPA,DAD 4099,,Microdot To XLR Adaptor With Low Cut,,,,,,False,False,False,False,False,1,,AX,Store,
DAD4099#05,DPA,DAD 4099,,Microdot To XLR Adaptor With Low Cut,,,,,,False,False,False,False,False,1,,AX,Store,
DAD4099#06,DPA,DAD 4099,,Microdot To XLR Adaptor With Low Cut,,,,,,False,False,False,False,False,1,,AX,Store,
DAD6010#01,DPA,DAD 6010,,MicroDot to TA4F Adapter,,,,,,False,False,False,False,False,1,,AX,Store,
DAD6010#02,DPA,DAD 6010,,MicroDot to TA4F Adapter,,,,,,False,False,False,False,False,1,,AX,Store,Store
DAD6010#03,DPA,DAD 6010,,MicroDot to TA4F Adapter,,,,,,False,False,False,False,False,1,,AX,Store,
DAD6010#04,DPA,DAD 6010,,MicroDot to TA4F Adapter,,,,,,False,False,False,False,False,1,,AX,Store,
DAD6010#05,DPA,DAD 6010,,MicroDot to TA4F Adapter,,,,,,False,False,False,False,False,1,,AX,Store,
DAD6010#06,DPA,DAD 6010,,MicroDot to TA4F Adapter,,,,,,False,False,False,False,False,1,,AX,Store,
DAD6010#07,DPA,DAD 6010,,MicroDot to TA4F Adapter,,,,,,False,True,False,False,False,1,"[{""date"":""2024/11/14"",""user"":""bnjm2000"",""description"":""Connection loose, audio dropout (SLMA @ Jia He Grand Restaurant)"",""type"":""Fault"",""cost"":"""",""changes"":[{""kind"":""ooc"",""action"":""marked""}],""source"":{}}]",AX,Store,
DAD6010#08,DPA,DAD 6010,,MicroDot to TA4F Adapter,,,,,,False,False,False,False,False,1,,AX,Store,Store
DAD6010#09,DPA,DAD 6010,,MicroDot to TA4F Adapter,,,,,,False,False,False,False,False,1,,AX,Store,Store
DAD6010#10,DPA,DAD 6010,,MicroDot to TA4F Adapter,,,,,,False,False,False,False,False,1,,AX,Store,
DAD6010#11,DPA,DAD 6010,,MicroDot to TA4F Adapter,,,,,,False,False,False,False,False,1,,AX,Store,Store
DAD6010#12,DPA,DAD 6010,,MicroDot to TA4F Adapter,,,,,,False,False,False,False,False,1,,AX,Store,
DAD6010#13,DPA,DAD 6010,,MicroDot to TA4F Adapter,,,,,,False,False,False,False,False,1,,AX,Store,Store
DAD6010#14,DPA,DAD 6010,,MicroDot to TA4F Adapter,,,,,,False,False,False,False,False,1,,AX,Store,
DAD6010#15,DPA,DAD 6010,,MicroDot to TA4F Adapter,,,,,,False,False,False,False,False,1,,AX,Store,
DAD6010#16,DPA,DAD 6010,,MicroDot to TA4F Adapter,,,,,,False,False,False,False,False,1,,AX,Store,
DAD6010#17,DPA,DAD 6010,,MicroDot to TA4F Adapter,,,,,,False,False,False,False,False,1,,AX,Store,
DAD6010#18,DPA,DAD 6010,,MicroDot to TA4F Adapter,,,,,,False,False,False,False,False,1,,AX,Store,
DAD6010#19,DPA,DAD 6010,,MicroDot to TA4F Adapter,,,,,,False,False,False,False,False,1,,AX,Store,
DAD6010#20,DPA,DAD 6010,,MicroDot to TA4F Adapter,,,,,,False,False,False,False,False,1,,AX,Store,
DAD6010#21,DPA,DAD 6010,,MicroDot to TA4F Adapter,,,,,,False,False,False,False,False,1,,AX,Store,Store
DAD6010#22,DPA,DAD 6010,,MicroDot to TA4F Adapter,,,,,,False,False,False,False,False,1,,AX,Store,
DAD6010#23,DPA,DAD 6010,,MicroDot to TA4F Adapter,,,,,,False,False,False,False,False,1,,AX,Store,
DAD6010#24,DPA,DAD 6010,,MicroDot to TA4F Adapter,,,,,,False,False,False,False,False,1,,AX,Store,
DAD6010#25,DPA,DAD 6010,,MicroDot to TA4F Adapter,,,,,,False,False,False,False,False,1,,AX,Store,Dry Hire: Avery Events
DAD6010#26,DPA,DAD 6010,,MicroDot to TA4F Adapter,,,,,,False,False,False,False,False,1,,AX,Store,
DAD6010#27,DPA,DAD 6010,,MicroDot to TA4F Adapter,,,,,,False,False,False,False,False,1,,AX,Store,
DAD6010#28,DPA,DAD 6010,,MicroDot to TA4F Adapter,,,,,,False,False,False,False,False,1,,AX,Store,Store
DAD6010#29,DPA,DAD 6010,,MicroDot to TA4F Adapter,,,,,,False,False,False,False,False,1,,AX,Store,Store
DAD6010#30,DPA,DAD 6010,,MicroDot to TA4F Adapter,,,,,,False,False,False,False,False,1,,AX,Store,Store
DAD6010#31,DPA,DAD 6010,,MicroDot to TA4F Adapter,,,,,,False,False,False,False,False,1,,AX,Store,
DAD6010#32,DPA,DAD 6010,,MicroDot to TA4F Adapter,,,,,,False,False,False,False,False,1,,AX,Store,Dry Hire: Avery Events
DAD6010#33,DPA,DAD 6010,,MicroDot to TA4F Adapter,,,,,,False,False,False,False,False,1,,AX,Store,Store
DAD6010#34,DPA,DAD 6010,,MicroDot to TA4F Adapter,,,,,,False,False,False,False,False,1,,AX,Store,Store
DAD6010#35,DPA,DAD 6010,,MicroDot to TA4F Adapter,,,,,,False,False,False,False,False,1,,AX,Store,Dry Hire: Avery Events
DAD6010#36,DPA,DAD 6010,,MicroDot to TA4F Adapter,,,,,,False,False,False,False,False,1,,AX,Store,Store
DAD6010#37,DPA,DAD 6010,,MicroDot to TA4F Adapter,,,,,,False,False,False,False,False,1,,AX,Store,Store
DAD6010#38,DPA,DAD 6010,,MicroDot to TA4F Adapter,,,,,,False,False,False,False,False,1,,AX,Store,
DAD6010#39,DPA,DAD 6010,,MicroDot to TA4F Adapter,,,,,,False,False,False,False,False,1,,AX,Store,
DAD6010#40,DPA,DAD 6010,,MicroDot to TA4F Adapter,,,,,,False,False,False,False,False,1,,AX,Store,
DAD6010#41,DPA,DAD 6010,,MicroDot to TA4F Adapter,,,,,,False,False,False,False,False,1,,AX,Store,Store
DAD6010#42,DPA,DAD 6010,,MicroDot to TA4F Adapter,,,,,,False,False,False,False,False,1,,AX,Store,Store
DAD6010#43,DPA,DAD 6010,,MicroDot to TA4F Adapter,,,,,,False,False,False,False,False,1,,AX,Store,Store
DAD6010#44,DPA,DAD 6010,,MicroDot to TA4F Adapter,,,,,,False,False,False,False,False,1,,AX,Store,Store
DAD6010#45,DPA,DAD 6010,,MicroDot to TA4F Adapter,,,,,,False,False,False,False,False,1,,AX,Store,Store
DAD9003#01,DPA,DAD 9003,,MicroLock to 3-pin LEMO,2025-10-27,,,,,False,False,False,False,False,1,,AX,Store,Store
DAD9003#02,DPA,DAD 9003,,MicroLock to 3-pin LEMO,2025-10-27,,,,,False,False,False,False,False,1,,AX,Store,Store
DAD9003#03,DPA,DAD 9003,,MicroLock to 3-pin LEMO,2025-10-27,,,,,False,False,False,False,False,1,,AX,Store,Store
DAD9003#04,DPA,DAD 9003,,MicroLock to 3-pin LEMO,2025-10-27,,,,,False,False,False,False,False,1,,AX,Store,Store
DAD9003#05,DPA,DAD 9003,,MicroLock to 3-pin LEMO,2025-10-27,,,,,False,False,False,False,False,1,,AX,Store,Store
DAD9003#06,DPA,DAD 9003,,MicroLock to 3-pin LEMO,2025-10-27,,,,,False,False,False,False,False,1,,AX,Store,Store
DAD9003#07,DPA,DAD 9003,,MicroLock to 3-pin LEMO,2025-10-27,,,,,False,False,False,False,False,1,,AX,Store,Store
DAD9003#08,DPA,DAD 9003,,MicroLock to 3-pin LEMO,2025-10-27,,,,,False,False,False,False,False,1,,AX,Store,Store
DAD9003#09,DPA,DAD 9003,,MicroLock to 3-pin LEMO,2025-10-27,,,,,False,False,False,False,False,1,,AX,Store,Store
DAD9003#10,DPA,DAD 9003,,MicroLock to 3-pin LEMO,2025-10-27,,,,,False,False,False,False,False,1,,AX,Store,Store
EVOLVE50#01,EV,EVOLVE 50,405294795801150521,Portable column system,,,,,,False,False,False,False,False,1,,AX,Store,Store
EVOLVE50#02,EV,EVOLVE 50,405294795801160310,Portable column system,,,,,,False,False,False,False,False,1,,AX,Store,Store
EVOLVE50#03,EV,EVOLVE 50,405294795801160374,Portable column system,,,,,,False,False,False,False,False,1,,AX,Store,Store
EVOLVE50#04,EV,EVOLVE 50,405294795801160383,Portable column system,,,,,,False,False,False,False,False,1,,AX,Store,Store
EVOLVE50#05,EV,EVOLVE 50,405294795801160390,Portable column system,,,,,,False,False,False,False,False,1,,AX,Store,Store
EVOLVE50#06,EV,EVOLVE 50,405294781901280231,Portable column system,,,,,,False,False,False,False,False,1,,AX,Store,Store
HLBatt#01,Hollyland,HL-BAT700,23060502575,Solidcom C1 (Pro) Battery,,,,,,False,False,False,False,False,1,,AX,Store,NSBA Rooftop Opening Ceremony @ Temple
HLBatt#02,Hollyland,HL-BAT700,23060502934,Solidcom C1 (Pro) Battery,,,,,,False,False,False,False,False,1,,AX,Store,NSBA Rooftop Opening Ceremony @ Temple
HLBatt#03,Hollyland,HL-BAT700,23060502956,Solidcom C1 (Pro) Battery,,,,,,False,False,False,False,False,1,,AX,Store,NSBA Rooftop Opening Ceremony @ Temple
HLBatt#04,Hollyland,HL-BAT700,23060503026,Solidcom C1 (Pro) Battery,,,,,,False,False,False,False,False,1,,AX,Store,NSBA Rooftop Opening Ceremony @ Temple
HLBatt#05,Hollyland,HL-BAT700,23060503040,Solidcom C1 (Pro) Battery,,,,,,False,False,False,False,False,1,,AX,Store,NSBA Rooftop Opening Ceremony @ Temple
HLBatt#06,Hollyland,HL-BAT700,23060507138,Solidcom C1 (Pro) Battery,,,,,,False,False,False,False,False,1,,AX,Store,NSBA Rooftop Opening Ceremony @ Temple
HLBatt#07,Hollyland,HL-BAT700,23060509410,Solidcom C1 (Pro) Battery,,,,,,False,False,False,False,False,1,,AX,Store,NSBA Rooftop Opening Ceremony @ Temple
HLBatt#08,Hollyland,HL-BAT700,23060906641,Solidcom C1 (Pro) Battery,,,,,,False,False,False,False,False,1,,AX,Store,NSBA Rooftop Opening Ceremony @ Temple
HLBatt#09,Hollyland,HL-BAT700,23061200043,Solidcom C1 (Pro) Battery,,,,,,False,False,False,False,False,1,,AX,Store,NSBA Rooftop Opening Ceremony @ Temple
HLBatt#10,Hollyland,HL-BAT700,23061200118,Solidcom C1 (Pro) Battery,,,,,,False,False,False,False,False,1,,AX,Store,NSBA Rooftop Opening Ceremony @ Temple
HLBatt#11,Hollyland,HL-BAT700,23061200226,Solidcom C1 (Pro) Battery,,,,,,False,False,False,False,False,1,,AX,Store,NSBA Rooftop Opening Ceremony @ Temple
HLBatt#12,Hollyland,HL-BAT700,23061200233,Solidcom C1 (Pro) Battery,,,,,,False,False,False,False,False,1,,AX,Store,NSBA Rooftop Opening Ceremony @ Temple
HLBatt#13,Hollyland,HL-BAT700,23061206791,Solidcom C1 (Pro) Battery,,,,,,False,False,False,False,False,1,,AX,Store,NSBA Rooftop Opening Ceremony @ Temple
HLBatt#14,Hollyland,HL-BAT700,23061206889,Solidcom C1 (Pro) Battery,,,,,,False,False,False,False,False,1,,AX,Store,NSBA Rooftop Opening Ceremony @ Temple
HLBatt#15,Hollyland,HL-BAT700,23061207192,Solidcom C1 (Pro) Battery,,,,,,False,False,False,False,False,1,,AX,Store,NSBA Rooftop Opening Ceremony @ Temple
HLBatt#16,Hollyland,HL-BAT700,23061207991,Solidcom C1 (Pro) Battery,,,,,,False,False,False,False,False,1,,AX,Store,NSBA Rooftop Opening Ceremony @ Temple
C1ProCharger#01,Hollyland,Solidcom C1 Pro Charger,0223350C C001989,8-Slot Battery Charging Case,,,,,,False,False,False,False,False,1,,AX,Store,NSBA Rooftop Opening Ceremony @ Temple
C1ProHub#01,Hollyland,Solidcom C1 Pro Hub,0223350R C002984,,,,,,,False,False,False,False,False,1,,AX,Store,NSBA Rooftop Opening Ceremony @ Temple
C1ProRHS#01,Hollyland,Solidcom C1 Pro Remote Headset,222322OTXC00784E,,,,,,,False,False,False,False,False,1,"[{""date"":""2025/11/28"",""user"":""bnjm2000"",""description"":""Discovered broken while in use (Doris Han's 90th Birthday Celebration @ St Regis)"",""type"":""Fault"",""cost"":"""",""changes"":[{""kind"":""ooc"",""action"":""marked""}],""source"":{}},{""date"":""2026/03/20"",""user"":""bnjm2000"",""description"":""Handed over to Terence to pass to Matrix Resource for repair"",""type"":""General"",""cost"":"""",""changes"":[{""kind"":""location"",""value"":""Matrix Resource""}],""source"":{}},{""date"":""2026/04/21"",""user"":""bnjm2000"",""description"":""Replaced headband by Matrix Resource - $16"",""type"":""Repair"",""cost"":""16.00"",""changes"":[{""kind"":""ooc"",""action"":""cleared""}],""source"":{}}]",AX,Store,NSBA Rooftop Opening Ceremony @ Temple
C1ProRHS#02,Hollyland,Solidcom C1 Pro Remote Headset,2223220TXC008783,,,,2026-06-28T16:02:22,"[{""date"":""2026-06-28T16:01:50"",""user"":""bnjm2000"",""action"":""updated"",""changes"":[{""field"":""status"",""label"":""Asset Status"",""old"":""ooc"",""new"":""ok""}]},{""date"":""2026-06-28T16:02:22"",""user"":""bnjm2000"",""action"":""updated"",""changes"":[{""field"":""status"",""label"":""Asset Status"",""old"":""ok"",""new"":""ooc""}]}]",,False,True,False,False,False,1,"[{""date"":""2025/12/04"",""user"":""bnjm2000"",""description"":""Headset speaker foam disintegrated, replaced."",""type"":""Repair"",""cost"":"""",""changes"":[],""source"":{}},{""id"":""68c27825d38baabe77ec10b8"",""date"":""2026/06/28"",""user"":""bnjm2000"",""description"":""Headset stopped working. (135: NSBA Ground Breaking Ceremony @ Senja Close)"",""type"":""Fault"",""cost"":"""",""changes"":[{""kind"":""ooc"",""action"":""marked""}],""source"":{}}]",AX,Store,NSBA Rooftop Opening Ceremony @ Temple
C1ProRHS#03,Hollyland,Solidcom C1 Pro Remote Headset,2223220TXC007B64,,,,,,,False,False,False,False,False,1,"[{""date"":""2025/12/04"",""user"":""bnjm2000"",""description"":""Headset speaker foam disintegrated, replaced."",""type"":""Repair"",""cost"":"""",""changes"":[],""source"":{}}]",AX,Store,NSBA Rooftop Opening Ceremony @ Temple
C1ProRHS#04,Hollyland,Solidcom C1 Pro Remote Headset,2223220TXC0082CF,,,,,,,False,False,False,False,False,1,,AX,Store,NSBA Rooftop Opening Ceremony @ Temple
C1ProRHS#05,Hollyland,Solidcom C1 Pro Remote Headset,2223220TXC00800E,,,,,,,False,False,False,False,False,1,"[{""date"":""2025/12/04"",""user"":""bnjm2000"",""description"":""Headset speaker foam disintegrated, replaced."",""type"":""Repair"",""cost"":"""",""changes"":[],""source"":{}}]",AX,Store,NSBA Rooftop Opening Ceremony @ Temple
C1ProRHS#06,Hollyland,Solidcom C1 Pro Remote Headset,2223220TXC00786C,,,,,,,False,False,False,False,False,1,"[{""date"":""2025/12/04"",""user"":""bnjm2000"",""description"":""Headset speaker foam disintegrated, replaced."",""type"":""Repair"",""cost"":"""",""changes"":[],""source"":{}}]",AX,Store,NSBA Rooftop Opening Ceremony @ Temple
C1ProRHS#07,Hollyland,Solidcom C1 Pro Remote Headset,2223220TXC008667,,,,,,,False,False,False,False,False,1,"[{""date"":""2025/12/04"",""user"":""bnjm2000"",""description"":""Headset speaker foam disintegrated, replaced."",""type"":""Repair"",""cost"":"""",""changes"":[],""source"":{}},{""date"":""2025/11/28"",""user"":""bnjm2000"",""description"":""Mic foam lost (Doris Han's 90th Birthday Celebration @ St Regis)"",""type"":""General"",""cost"":"""",""changes"":[],""source"":{}},{""id"":""8bb9d6895af576505a0fb2b2"",""date"":""2026/06/22"",""user"":""bnjm2000"",""description"":""Headset foam torn, replaced"",""type"":""Repair"",""cost"":"""",""changes"":[],""source"":{}}]",AX,Store,NSBA Rooftop Opening Ceremony @ Temple
C1ProRHS#08,Hollyland,Solidcom C1 Pro Remote Headset,2223220TXC007AB4,,,,2026-06-28T16:02:16,"[{""date"":""2026-06-28T16:01:54"",""user"":""bnjm2000"",""action"":""updated"",""changes"":[{""field"":""status"",""label"":""Asset Status"",""old"":""ooc"",""new"":""ok""}]},{""date"":""2026-06-28T16:02:16"",""user"":""bnjm2000"",""action"":""updated"",""changes"":[{""field"":""current_location"",""label"":""Current Location"",""old"":""NSBA Rooftop Opening Ceremony @ Temple"",""new"":""NSBA Ground Breaking Ceremony @ Senja Close""},{""field"":""status"",""label"":""Asset Status"",""old"":""ok"",""new"":""ooc""}]}]",,False,True,False,False,False,1,"[{""date"":""2025/12/04"",""user"":""bnjm2000"",""description"":""Headset speaker foam disintegrated, replaced."",""type"":""Repair"",""cost"":"""",""changes"":[],""source"":{}},{""id"":""546d713b0258753be8ccdee2"",""date"":""2026/06/28"",""user"":""bnjm2000"",""description"":""Headset stopped working. (135: NSBA Ground Breaking Ceremony @ Senja Close)"",""type"":""Fault"",""cost"":"""",""changes"":[{""kind"":""ooc"",""action"":""marked""}],""source"":{}}]",AX,Store,NSBA Ground Breaking Ceremony @ Senja Close
C1ProWHS#01,Hollyland,Solidcom C1 Pro Wired Headset for Hub,2223170XX0D0036E,,,,,,,False,False,False,False,False,1,,AX,Store,NSBA Rooftop Opening Ceremony @ Temple
PCBB#01,Interspace Industries,PCBB3,,PC Balance Box,,,,,,False,False,False,False,False,1,,AX,Store,Store
PCBB#02,Interspace Industries,PCBB3,,PC Balance Box,,,,,,False,False,False,False,False,1,,AX,Store,Store
PCBB#03,Interspace Industries,PCBB3,,PC Balance Box,,,,,,False,False,False,False,False,1,,AX,Store,Store
PCBB#04,Interspace Industries,PCBB3,,PC Balance Box,,,,,,False,False,False,False,False,1,,AX,Store,NSBA Rooftop Opening Ceremony @ Temple
PCBB#05,Interspace Industries,PCBB3,,PC Balance Box,,,,,,False,False,False,False,False,1,,AX,Store,NSBA Ground Breaking Ceremony @ Senja Close
PCBB#06,Interspace Industries,PCBB3,,PC Balance Box,,,,,,False,False,False,False,False,1,,AX,Store,Store
PCBB#07,Interspace Industries,PCBB3,,PC Balance Box,,,,,,False,False,False,False,False,1,,AX,Store,Store
PCBB#08,Interspace Industries,PCBB3,,PC Balance Box,,,,,,False,False,False,False,False,1,,AX,Store,NSBA Ground Breaking Ceremony @ Senja Close
PCBB#09,Interspace Industries,PCBB3,,PC Balance Box,,,,,,False,False,False,False,False,1,,AX,Store,Store
PCBB#10,Interspace Industries,PCBB3,,PC Balance Box,,,,,,False,False,False,False,False,1,,AX,Store,NSBA Rooftop Opening Ceremony @ Temple
PCBB#11,Interspace Industries,PCBB3,,PC Balance Box,,,,,,False,False,False,False,False,1,,AX,Store,Store
PCBB#12,Interspace Industries,PCBB,,PC Balance Box,,,,,,False,False,False,False,False,1,,AX,Store,
PCBB#13,Interspace Industries,PCBB,,PC Balance Box,,,,,,False,False,False,False,False,1,,AX,Store,Store
PCBB#14,Interspace Industries,PCBB,,PC Balance Box,,,,,,False,False,False,False,False,1,,AX,Store,Store
LSP1#01,Dsan,LSP-1,,Laptop Sound Port (Mono),,,,,,False,False,False,False,False,1,,AX,Store,Store
LSP1#02,Dsan,LSP-1,,Laptop Sound Port (Mono),,,,,,False,False,False,False,False,1,,AX,Store,Store
LSP2#01,Dsan,LSP-2,,Laptop Sound Port (Stereo),,,,,,False,False,False,False,False,1,,AX,Store,
LSP2#02,Dsan,LSP-2,,Laptop Sound Port (Stereo),,,,,,False,False,False,False,False,1,,AX,Store,
K&M ROD #05,K&M,214/06,,Distance Rod,,,,,,False,False,False,False,False,1,,AX,Store,
K&M ROD #06,K&M,214/06,,Distance Rod,,,,,,False,False,False,False,False,1,,AX,Store,
K&M ROD #07,K&M,214/06,,Distance Rod,,,,,,False,False,False,False,False,1,,AX,Store,
5XTW#01,L-Acoustics,5XTW,260049579,"5"" passive coaxial enclosure (white)",2025-03-07,,,,,False,False,False,False,False,1,,AX,Store,Store
5XTW#02,L-Acoustics,5XTW,260049582,"5"" passive coaxial enclosure (white)",2025-03-07,,,,,False,False,False,False,False,1,"[{""date"":""2025/05/28"",""user"":""bnjm2000"",""description"":""Sent to Concept Systems as rubber gasket was coming out"",""type"":""Fault"",""cost"":"""",""changes"":[{""kind"":""location"",""value"":""Concept Systems""},{""kind"":""ooc"",""action"":""marked""}],""source"":{}},{""date"":""2025/07/09"",""user"":""bnjm2000"",""description"":""Collected back from Concept Systems, inspected ok"",""type"":""General"",""cost"":"""",""changes"":[{""kind"":""location"",""value"":""Store""},{""kind"":""ooc"",""action"":""cleared""},{""kind"":""missing"",""action"":""cleared""}],""source"":{}}]",AX,Store,Store
5XTW#03,L-Acoustics,5XTW,260049584,"5"" passive coaxial enclosure (white)",2025-03-07,,,,,False,False,False,False,False,1,"[{""date"":""2025/05/28"",""user"":""bnjm2000"",""description"":""Sent to Concept Systems as rubber gasket was coming out"",""type"":""Fault"",""cost"":"""",""changes"":[{""kind"":""location"",""value"":""Concept Systems""},{""kind"":""ooc"",""action"":""marked""}],""source"":{}},{""date"":""2025/07/09"",""user"":""bnjm2000"",""description"":""Collected back from Concept Systems, inspected ok"",""type"":""General"",""cost"":"""",""changes"":[{""kind"":""location"",""value"":""Store""},{""kind"":""ooc"",""action"":""cleared""},{""kind"":""missing"",""action"":""cleared""}],""source"":{}}]",AX,Store,Store
5XTW#04,L-Acoustics,5XTW,260049585,"5"" passive coaxial enclosure (white)",2025-03-07,,,,,False,False,False,False,False,1,,AX,Store,Store
5XTW#05,L-Acoustics,5XTW,260049587,"5"" passive coaxial enclosure (white)",2025-03-07,,,,,False,False,False,False,False,1,"[{""date"":""2025/05/28"",""user"":""bnjm2000"",""description"":""Sent to Concept Systems as rubber gasket was coming out"",""type"":""Fault"",""cost"":"""",""changes"":[{""kind"":""location"",""value"":""Concept Systems""},{""kind"":""ooc"",""action"":""marked""}],""source"":{}},{""date"":""2025/07/09"",""user"":""bnjm2000"",""description"":""Collected back from Concept Systems, inspected ok"",""type"":""General"",""cost"":"""",""changes"":[{""kind"":""location"",""value"":""Store""},{""kind"":""ooc"",""action"":""cleared""},{""kind"":""missing"",""action"":""cleared""}],""source"":{}}]",AX,Store,Store
5XTW#06,L-Acoustics,5XTW,260049588,"5"" passive coaxial enclosure (white)",2025-03-07,,,,,False,False,False,False,False,1,,AX,Store,Store
5XTW#07,L-Acoustics,5XTW,260049589,"5"" passive coaxial enclosure (white)",2025-03-07,,,,,False,False,False,False,False,1,"[{""date"":""2025/05/28"",""user"":""bnjm2000"",""description"":""Sent to Concept Systems as rubber gasket was coming out"",""type"":""Fault"",""cost"":"""",""changes"":[{""kind"":""location"",""value"":""Concept Systems""},{""kind"":""ooc"",""action"":""marked""}],""source"":{}},{""date"":""2025/07/09"",""user"":""bnjm2000"",""description"":""Collected back from Concept Systems, inspected ok"",""type"":""General"",""cost"":"""",""changes"":[{""kind"":""location"",""value"":""Store""},{""kind"":""ooc"",""action"":""cleared""},{""kind"":""missing"",""action"":""cleared""}],""source"":{}}]",AX,Store,Store
5XTW#08,L-Acoustics,5XTW,260049590,"5"" passive coaxial enclosure (white)",2025-03-07,,,,,False,False,False,False,False,1,,AX,Store,Store
5XTW#09,L-Acoustics,5XTW,260049591,"5"" passive coaxial enclosure (white)",2025-03-07,,,,,False,False,False,False,False,1,,AX,Store,Store
5XTW#10,L-Acoustics,5XTW,260049592,"5"" passive coaxial enclosure (white)",2025-03-07,,,,,False,False,False,False,False,1,,AX,Store,Store
5XTW#11,L-Acoustics,5XTW,260049593,"5"" passive coaxial enclosure (white)",2025-03-07,,,,,False,False,False,False,False,1,"[{""date"":""2025/05/28"",""user"":""bnjm2000"",""description"":""Sent to Concept Systems as rubber gasket was coming out"",""type"":""Fault"",""cost"":"""",""changes"":[{""kind"":""location"",""value"":""Concept Systems""},{""kind"":""ooc"",""action"":""marked""}],""source"":{}},{""date"":""2025/07/09"",""user"":""bnjm2000"",""description"":""Collected back from Concept Systems, inspected ok"",""type"":""General"",""cost"":"""",""changes"":[{""kind"":""location"",""value"":""Store""},{""kind"":""ooc"",""action"":""cleared""},{""kind"":""missing"",""action"":""cleared""}],""source"":{}}]",AX,Store,Store
5XTW#12,L-Acoustics,5XTW,260049594,"5"" passive coaxial enclosure (white)",2025-03-07,,,,,False,False,False,False,False,1,,AX,Store,Store
5XTW#13,L-Acoustics,5XTW,260049595,"5"" passive coaxial enclosure (white)",2025-03-07,,,,,False,False,False,False,False,1,,AX,Store,Store
5XTW#14,L-Acoustics,5XTW,260049599,"5"" passive coaxial enclosure (white)",2025-03-07,,,,,False,False,False,False,False,1,"[{""date"":""2025/05/28"",""user"":""bnjm2000"",""description"":""Sent to Concept Systems as rubber gasket was coming out"",""type"":""Fault"",""cost"":"""",""changes"":[{""kind"":""location"",""value"":""Concept Systems""},{""kind"":""ooc"",""action"":""marked""}],""source"":{}},{""date"":""2025/07/09"",""user"":""bnjm2000"",""description"":""Collected back from Concept Systems, inspected ok"",""type"":""General"",""cost"":"""",""changes"":[{""kind"":""location"",""value"":""Store""},{""kind"":""ooc"",""action"":""cleared""},{""kind"":""missing"",""action"":""cleared""}],""source"":{}}]",AX,Store,Store
5XTW#15,L-Acoustics,5XTW,260049602,"5"" passive coaxial enclosure (white)",2025-03-07,,,,,False,False,False,False,False,1,"[{""date"":""2025/05/28"",""user"":""bnjm2000"",""description"":""Sent to Concept Systems as rubber gasket was coming out"",""type"":""Fault"",""cost"":"""",""changes"":[{""kind"":""location"",""value"":""Concept Systems""},{""kind"":""ooc"",""action"":""marked""}],""source"":{}},{""date"":""2025/07/09"",""user"":""bnjm2000"",""description"":""Collected back from Concept Systems, inspected ok"",""type"":""General"",""cost"":"""",""changes"":[{""kind"":""location"",""value"":""Store""},{""kind"":""ooc"",""action"":""cleared""},{""kind"":""missing"",""action"":""cleared""}],""source"":{}}]",AX,Store,Store
5XTW#16,L-Acoustics,5XTW,260049603,"5"" passive coaxial enclosure (white)",2025-03-07,,,,,False,False,False,False,False,1,,AX,Store,Store
5XTW#17,L-Acoustics,5XTW,,"5"" passive coaxial enclosure (white)",2025-09-29,,,,,False,False,False,False,False,1,,AX,Store,Store
5XTW#18,L-Acoustics,5XTW,,"5"" passive coaxial enclosure (white)",2025-09-29,,,,,False,False,False,False,False,1,,AX,Store,Store
5XTW#19,L-Acoustics,5XTW,,"5"" passive coaxial enclosure (white)",2025-09-29,,,,,False,False,False,False,False,1,,AX,Store,Store
5XTW#20,L-Acoustics,5XTW,,"5"" passive coaxial enclosure (white)",2025-09-29,,,,,False,False,False,False,False,1,,AX,Store,Store
ETR5W#01,L-Acoustics,ETR5W,440035175,Adjustable U-bracket: 5XTW,2025-03-07,,,,,False,False,False,False,False,1,,AX,Store,Store
ETR5W#02,L-Acoustics,ETR5W,440035179,Adjustable U-bracket: 5XTW,2025-03-07,,,,,False,False,False,False,False,1,,AX,Store,Store
ETR5W#03,L-Acoustics,ETR5W,440035182,Adjustable U-bracket: 5XTW,2025-03-07,,,,,False,False,False,False,False,1,,AX,Store,Store
ETR5W#04,L-Acoustics,ETR5W,440035187,Adjustable U-bracket: 5XTW,2025-03-07,,,,,False,False,False,False,False,1,,AX,Store,Store
ETR5W#05,L-Acoustics,ETR5W,440035189,Adjustable U-bracket: 5XTW,2025-03-07,,,,,False,False,False,False,False,1,,AX,Store,Store
ETR5W#06,L-Acoustics,ETR5W,440035219,Adjustable U-bracket: 5XTW,2025-03-07,,,,,False,False,False,False,False,1,,AX,Store,Store
ETR5W#07,L-Acoustics,ETR5W,440035264,Adjustable U-bracket: 5XTW,2025-03-07,,,,,False,False,False,False,False,1,,AX,Store,Store
ETR5W#08,L-Acoustics,ETR5W,440035309,Adjustable U-bracket: 5XTW,2025-03-07,,,,,False,False,False,False,False,1,,AX,Store,Store
ETR5W#09,L-Acoustics,ETR5W,440035316,Adjustable U-bracket: 5XTW,2025-03-07,,,,,False,False,False,False,False,1,,AX,Store,Store
ETR5W#10,L-Acoustics,ETR5W,440035329,Adjustable U-bracket: 5XTW,2025-03-07,,,,,False,False,False,False,False,1,,AX,Store,Store
ETR5W#11,L-Acoustics,ETR5W,440036984,Adjustable U-bracket: 5XTW,2025-03-07,,,,,False,False,False,False,False,1,,AX,Store,Store
ETR5W#12,L-Acoustics,ETR5W,440036990,Adjustable U-bracket: 5XTW,2025-03-07,,,,,False,False,False,False,False,1,,AX,Store,Store
ETR5W#13,L-Acoustics,ETR5W,440036993,Adjustable U-bracket: 5XTW,2025-03-07,,,,,False,False,False,False,False,1,,AX,Store,Store
ETR5W#14,L-Acoustics,ETR5W,440037001,Adjustable U-bracket: 5XTW,2025-03-07,,,,,False,False,False,False,False,1,,AX,Store,Store
ETR5W#15,L-Acoustics,ETR5W,440037004,Adjustable U-bracket: 5XTW,2025-03-07,,,,,False,False,False,False,False,1,,AX,Store,Store
ETR5W#16,L-Acoustics,ETR5W,440037025,Adjustable U-bracket: 5XTW,2025-03-07,,,,,False,False,False,False,False,1,,AX,Store,Store
ETR5W#17,L-Acoustics,ETR5W,,Adjustable U-bracket: 5XTW,2025-09-29,,,,,False,False,False,False,False,1,,AX,Store,Store
ETR5W#18,L-Acoustics,ETR5W,,Adjustable U-bracket: 5XTW,2025-09-29,,,,,False,False,False,False,False,1,,AX,Store,Store
ETR5W#19,L-Acoustics,ETR5W,44005187,Adjustable U-bracket: 5XTW,2025-09-29,,,,,False,False,False,False,False,1,,AX,Store,Store
ETR5W#20,L-Acoustics,ETR5W,,Adjustable U-bracket: 5XTW,2025-09-29,,,,,False,False,False,False,False,1,,AX,Store,Store
5XT#01,L-Acoustics,5XT,260038164,"5"" passive coaxial enclosure (black)",2024-07-16,,,,,False,False,False,False,False,1,,AX,Store,Store
5XT#02,L-Acoustics,5XT,260044263,"5"" passive coaxial enclosure (black)",2024-07-16,,,,,False,False,False,False,False,1,,AX,Store,Store
5XT#03,L-Acoustics,5XT,260044264,"5"" passive coaxial enclosure (black)",2024-07-16,,,,,False,False,False,False,False,1,,AX,Store,Store
5XT#04,L-Acoustics,5XT,260044265,"5"" passive coaxial enclosure (black)",2024-07-16,,,,,False,False,False,False,False,1,,AX,Store,Store
5XT#05,L-Acoustics,5XT,260044285,"5"" passive coaxial enclosure (black)",2024-07-16,,,,,False,False,False,False,False,1,,AX,Store,Store
5XT#06,L-Acoustics,5XT,260044288,"5"" passive coaxial enclosure (black)",2024-07-16,,,,,False,False,False,False,False,1,,AX,Store,Store
5XT#07,L-Acoustics,5XT,260044300,"5"" passive coaxial enclosure (black)",2024-07-16,,,,,False,False,False,False,False,1,,AX,Store,Store
5XT#08,L-Acoustics,5XT,260044302,"5"" passive coaxial enclosure (black)",2024-07-16,,,,,False,False,False,False,False,1,,AX,Store,
5XT#09,L-Acoustics,5XT,260044304,"5"" passive coaxial enclosure (black)",2024-07-16,,,,,False,False,False,False,False,1,,AX,Store,
5XT#10,L-Acoustics,5XT,260044306,"5"" passive coaxial enclosure (black)",2024-07-16,,,,,False,False,False,False,False,1,,AX,Store,
5XT#11,L-Acoustics,5XT,260044318,"5"" passive coaxial enclosure (black)",2024-07-16,,,,,False,False,False,False,False,1,,AX,Store,
5XT#12,L-Acoustics,5XT,260044506,"5"" passive coaxial enclosure (black)",2024-07-16,,,,,False,False,False,False,False,1,,AX,Store,
5XT#13,L-Acoustics,5XT,260046645,"5"" passive coaxial enclosure (black)",2025-04-10,,,,,False,False,False,False,False,1,,AX,Store,
5XT#14,L-Acoustics,5XT,260046649,"5"" passive coaxial enclosure (black)",2025-04-10,,,,,False,False,False,False,False,1,,AX,Store,
5XT#15,L-Acoustics,5XT,260046671,"5"" passive coaxial enclosure (black)",2025-04-10,,,,,False,False,False,False,False,1,"[{""date"":""2025/05/28"",""user"":""bnjm2000"",""description"":""Sent to Concept Systems as rubber gasket was coming out"",""type"":""Fault"",""cost"":"""",""changes"":[{""kind"":""location"",""value"":""Concept Systems""},{""kind"":""ooc"",""action"":""marked""}],""source"":{}},{""date"":""2025/07/09"",""user"":""bnjm2000"",""description"":""Collected back from Concept Systems, inspected ok"",""type"":""General"",""cost"":"""",""changes"":[{""kind"":""location"",""value"":""Store""},{""kind"":""ooc"",""action"":""cleared""},{""kind"":""missing"",""action"":""cleared""}],""source"":{}}]",AX,Store,Store
5XT#16,L-Acoustics,5XT,260046697,"5"" passive coaxial enclosure (black)",2025-04-10,,,,,False,False,False,False,False,1,,AX,Store,
5XT#17,L-Acoustics,5XT,260046612,"5"" passive coaxial enclosure (black)",2025-10-13,,,,,False,False,False,False,False,1,,AX,Store,
5XT#18,L-Acoustics,5XT,260046613,"5"" passive coaxial enclosure (black)",2025-10-13,,,,,False,False,False,False,False,1,,AX,Store,
5XT#19,L-Acoustics,5XT,260046639,"5"" passive coaxial enclosure (black)",2025-10-13,,,,,False,False,False,False,False,1,,AX,Store,
5XT#20,L-Acoustics,5XT,260046644,"5"" passive coaxial enclosure (black)",2025-10-13,,,,,False,False,False,False,False,1,,AX,Store,
5XT#21,L-Acoustics,5XT,260046656,"5"" passive coaxial enclosure (black)",2025-10-13,,,,,False,False,False,False,False,1,,AX,Store,
5XT#22,L-Acoustics,5XT,260046666,"5"" passive coaxial enclosure (black)",2025-10-13,,,,,False,False,False,False,False,1,,AX,Store,
5XT#23,L-Acoustics,5XT,260046680,"5"" passive coaxial enclosure (black)",2025-10-13,,,,,False,False,False,False,False,1,,AX,Store,
5XT#24,L-Acoustics,5XT,260046681,"5"" passive coaxial enclosure (black)",2025-10-13,,,,,False,False,False,False,False,1,,AX,Store,
5XT#25,L-Acoustics,5XT,260046694,"5"" passive coaxial enclosure (black)",2025-10-13,,,,,False,False,False,False,False,1,,AX,Store,
5XT#26,L-Acoustics,5XT,260046698,"5"" passive coaxial enclosure (black)",2025-10-13,,,,,False,False,False,False,False,1,,AX,Store,
5XT#27,L-Acoustics,5XT,260046701,"5"" passive coaxial enclosure (black)",2025-10-13,,,,,False,False,False,False,False,1,,AX,Store,
5XT#28,L-Acoustics,5XT,260046704,"5"" passive coaxial enclosure (black)",2025-10-13,,,,,False,False,False,False,False,1,,AX,Store,
5XT#29,L-Acoustics,5XT,260046709,"5"" passive coaxial enclosure (black)",2025-10-13,,,,,False,False,False,False,False,1,,AX,Store,
5XT#30,L-Acoustics,5XT,260053861,"5"" passive coaxial enclosure (black)",2025-10-13,,,,,False,False,False,False,False,1,"[{""date"":""2025/10/14"",""user"":""bnjm2000"",""description"":""Discovered dented when unboxing"",""type"":""Fault"",""cost"":"""",""changes"":[{""kind"":""ooc"",""action"":""marked""}],""source"":{}},{""date"":""2025/10/16"",""user"":""bnjm2000"",""description"":""Exchanged with Concept Systems for 1-to-1 swap. OLD SN: 260046715 NEW SN: 260053861"",""type"":""Repair"",""cost"":"""",""changes"":[{""kind"":""location"",""value"":""Store""},{""kind"":""serial"",""value"":""260053861""},{""kind"":""ooc"",""action"":""cleared""},{""kind"":""missing"",""action"":""cleared""}],""source"":{}}]",AX,Store,Store
5XT#31,L-Acoustics,5XT,260046716,"5"" passive coaxial enclosure (black)",2025-10-13,,,,,False,False,False,False,False,1,,AX,Store,
5XT#32,L-Acoustics,5XT,260046719,"5"" passive coaxial enclosure (black)",2025-10-13,,,,,False,False,False,False,False,1,,AX,Store,
5XT#33,L-Acoustics,5XT,260046731,"5"" passive coaxial enclosure (black)",2025-10-13,,,,,False,False,False,False,False,1,,AX,Store,
5XT#34,L-Acoustics,5XT,260046738,"5"" passive coaxial enclosure (black)",2025-10-13,,,,,False,False,False,False,False,1,,AX,Store,
5XT#35,L-Acoustics,5XT,260047551,"5"" passive coaxial enclosure (black)",2025-10-13,,,,,False,False,False,False,False,1,,AX,Store,
5XT#36,L-Acoustics,5XT,260047561,"5"" passive coaxial enclosure (black)",2025-10-13,,,,,False,False,False,False,False,1,,AX,Store,
5XT#37,L-Acoustics,5XT,260047563,"5"" passive coaxial enclosure (black)",2025-10-13,,,,,False,False,False,False,False,1,,AX,Store,
5XT#38,L-Acoustics,5XT,260047569,"5"" passive coaxial enclosure (black)",2025-10-13,,,,,False,False,False,False,False,1,,AX,Store,
5XT#39,L-Acoustics,5XT,260047576,"5"" passive coaxial enclosure (black)",2025-10-13,,,,,False,False,False,False,False,1,,AX,Store,
5XT#40,L-Acoustics,5XT,260047591,"5"" passive coaxial enclosure (black)",2025-10-13,,,,,False,False,False,False,False,1,,AX,Store,
5XT#41,L-Acoustics,5XT,260047601,"5"" passive coaxial enclosure (black)",2025-10-13,,,,,False,False,False,False,False,1,,AX,Store,
5XT#42,L-Acoustics,5XT,260047615,"5"" passive coaxial enclosure (black)",2025-10-13,,,,,False,False,False,False,False,1,,AX,Store,
5XT#43,L-Acoustics,5XT,260047645,"5"" passive coaxial enclosure (black)",2025-10-13,,,,,False,False,False,False,False,1,,AX,Store,
5XT#44,L-Acoustics,5XT,260047699,"5"" passive coaxial enclosure (black)",2025-10-13,,,,,False,False,False,False,False,1,,AX,Store,
5XT#45,L-Acoustics,5XT,260048855,"5"" passive coaxial enclosure (black)",2025-10-13,,,,,False,False,False,False,False,1,,AX,Store,
5XT#46,L-Acoustics,5XT,260048858,"5"" passive coaxial enclosure (black)",2025-10-13,,,,,False,False,False,False,False,1,,AX,Store,
5XT#47,L-Acoustics,5XT,260048861,"5"" passive coaxial enclosure (black)",2025-10-13,,,,,False,False,False,False,False,1,,AX,Store,
5XT#48,L-Acoustics,5XT,260048885,"5"" passive coaxial enclosure (black)",2025-10-13,,,,,False,False,False,False,False,1,,AX,Store,
5XT#49,L-Acoustics,5XT,260048891,"5"" passive coaxial enclosure (black)",2025-10-13,,,,,False,False,False,False,False,1,,AX,Store,
5XT#50,L-Acoustics,5XT,260048905,"5"" passive coaxial enclosure (black)",2025-10-13,,,,,False,False,False,False,False,1,,AX,Store,
5XT#51,L-Acoustics,5XT,260049004,"5"" passive coaxial enclosure (black)",2025-10-13,,,,,False,False,False,False,False,1,,AX,Store,
5XT#52,L-Acoustics,5XT,260049008,"5"" passive coaxial enclosure (black)",2025-10-13,,,,,False,False,False,False,False,1,,AX,Store,
5XT#53,L-Acoustics,5XT,260049010,"5"" passive coaxial enclosure (black)",2025-10-13,,,,,False,False,False,False,False,1,,AX,Store,
5XT#54,L-Acoustics,5XT,260049011,"5"" passive coaxial enclosure (black)",2025-10-13,,,,,False,False,False,False,False,1,,AX,Store,
5XT#55,L-Acoustics,5XT,260049101,"5"" passive coaxial enclosure (black)",2025-10-13,,,,,False,False,False,False,False,1,,AX,Store,
5XT#56,L-Acoustics,5XT,260049117,"5"" passive coaxial enclosure (black)",2025-10-13,,,,,False,False,False,False,False,1,,AX,Store,
5XT#57,L-Acoustics,5XT,260053834,"5"" passive coaxial enclosure (black)",2025-10-13,,,,,False,False,False,False,False,1,,AX,Store,
5XT#58,L-Acoustics,5XT,260053837,"5"" passive coaxial enclosure (black)",2025-10-13,,,,,False,False,False,False,False,1,,AX,Store,
5XT#59,L-Acoustics,5XT,260053839,"5"" passive coaxial enclosure (black)",2025-10-13,,,,,False,False,False,False,False,1,,AX,Store,
5XT#60,L-Acoustics,5XT,260053840,"5"" passive coaxial enclosure (black)",2025-10-13,,,,,False,False,False,False,False,1,,AX,Store,
5XT#61,L-Acoustics,5XT,260053842,"5"" passive coaxial enclosure (black)",2025-10-13,,,,,False,False,False,False,False,1,,AX,Store,
5XT#62,L-Acoustics,5XT,260053843,"5"" passive coaxial enclosure (black)",2025-10-13,,,,,False,False,False,False,False,1,,AX,Store,
5XT#63,L-Acoustics,5XT,260053847,"5"" passive coaxial enclosure (black)",2025-10-13,,,,,False,False,False,False,False,1,,AX,Store,Store
5XT#64,L-Acoustics,5XT,260053850,"5"" passive coaxial enclosure (black)",2025-10-13,,,,,False,False,False,False,False,1,,AX,Store,
5XT#65,L-Acoustics,5XT,260053851,"5"" passive coaxial enclosure (black)",2025-10-13,,,,,False,False,False,False,False,1,,AX,Store,Store
5XT#66,L-Acoustics,5XT,260053860,"5"" passive coaxial enclosure (black)",2025-10-13,,,,,False,False,False,False,False,1,,AX,Store,Store
5XT#67,L-Acoustics,5XT,260053869,"5"" passive coaxial enclosure (black)",2025-10-13,,,,,False,False,False,False,False,1,,AX,Store,Store
5XT#68,L-Acoustics,5XT,260053893,"5"" passive coaxial enclosure (black)",2025-10-13,,,,,False,False,False,False,False,1,,AX,Store,Store
ETR5#01,L-Acoustics,ETR5,440027215,Adjustable U-bracket: 5XT,2024-07-16,,,,,False,False,False,False,False,1,,AX,Store,Store
ETR5#02,L-Acoustics,ETR5,440027236,Adjustable U-bracket: 5XT,2024-07-16,,,,,False,False,False,False,False,1,,AX,Store,Store
ETR5#03,L-Acoustics,ETR5,440031349,Adjustable U-bracket: 5XT,2024-07-16,,,,,False,False,False,False,False,1,,AX,Store,Store
ETR5#04,L-Acoustics,ETR5,440031356,Adjustable U-bracket: 5XT,2024-07-16,,,,,False,False,False,False,False,1,,AX,Store,Store
ETR5#05,L-Acoustics,ETR5,440031388,Adjustable U-bracket: 5XT,2024-07-16,,,,,False,False,False,False,False,1,,AX,Store,Store
ETR5#06,L-Acoustics,ETR5,440031793,Adjustable U-bracket: 5XT,2024-07-16,,,,,False,False,False,False,False,1,,AX,Store,Store
ETR5#07,L-Acoustics,ETR5,440031849,Adjustable U-bracket: 5XT,2024-07-16,,,,,False,False,False,False,False,1,,AX,Store,Store
ETR5#08,L-Acoustics,ETR5,440031851,Adjustable U-bracket: 5XT,2024-07-16,,,,,False,False,False,False,False,1,,AX,Store,
ETR5#09,L-Acoustics,ETR5,440032582,Adjustable U-bracket: 5XT,2024-07-16,,,,,False,False,False,False,False,1,,AX,Store,
ETR5#10,L-Acoustics,ETR5,440032585,Adjustable U-bracket: 5XT,2024-07-16,,,,,False,False,False,False,False,1,,AX,Store,
ETR5#11,L-Acoustics,ETR5,440032609,Adjustable U-bracket: 5XT,2024-07-16,,,,,False,False,False,False,False,1,,AX,Store,
ETR5#12,L-Acoustics,ETR5,440032643,Adjustable U-bracket: 5XT,2024-07-16,,,,,False,False,False,False,False,1,,AX,Store,
ETR5#13,L-Acoustics,ETR5,440033749,Adjustable U-bracket: 5XT,2025-04-10,,,,,False,False,False,False,False,1,,AX,Store,
ETR5#14,L-Acoustics,ETR5,440033753,Adjustable U-bracket: 5XT,2025-04-10,,,,,False,False,False,False,False,1,,AX,Store,
ETR5#15,L-Acoustics,ETR5,440033769,Adjustable U-bracket: 5XT,2025-04-10,,,,,False,False,False,False,False,1,,AX,Store,
ETR5#16,L-Acoustics,ETR5,440033884,Adjustable U-bracket: 5XT,2025-04-10,,,,,False,False,False,False,False,1,,AX,Store,
ETR5#17,L-Acoustics,ETR5,440033872,Adjustable U-bracket: 5XT,2025-10-13,,,,,False,False,False,False,False,1,,AX,Store,
ETR5#18,L-Acoustics,ETR5,440033895,Adjustable U-bracket: 5XT,2025-10-13,,,,,False,False,False,False,False,1,,AX,Store,
ETR5#19,L-Acoustics,ETR5,440033915,Adjustable U-bracket: 5XT,2025-10-13,,,,,False,False,False,False,False,1,,AX,Store,
ETR5#20,L-Acoustics,ETR5,440033917,Adjustable U-bracket: 5XT,2025-10-13,,,,,False,False,False,False,False,1,,AX,Store,
ETR5#21,L-Acoustics,ETR5,440033919,Adjustable U-bracket: 5XT,2025-10-13,,,,,False,False,False,False,False,1,,AX,Store,
ETR5#22,L-Acoustics,ETR5,440033926,Adjustable U-bracket: 5XT,2025-10-13,,,,,False,False,False,False,False,1,,AX,Store,
ETR5#23,L-Acoustics,ETR5,440035493,Adjustable U-bracket: 5XT,2025-10-13,,,,,False,False,False,False,False,1,,AX,Store,
ETR5#24,L-Acoustics,ETR5,440035517,Adjustable U-bracket: 5XT,2025-10-13,,,,,False,False,False,False,False,1,,AX,Store,
ETR5#25,L-Acoustics,ETR5,440035550,Adjustable U-bracket: 5XT,2025-10-13,,,,,False,False,False,False,False,1,,AX,Store,
ETR5#26,L-Acoustics,ETR5,440038968,Adjustable U-bracket: 5XT,2025-10-13,,,,,False,False,False,False,False,1,,AX,Store,
ETR5#27,L-Acoustics,ETR5,440038970,Adjustable U-bracket: 5XT,2025-10-13,,,,,False,False,False,False,False,1,,AX,Store,
ETR5#28,L-Acoustics,ETR5,440038971,Adjustable U-bracket: 5XT,2025-10-13,,,,,False,False,False,False,False,1,,AX,Store,
ETR5#29,L-Acoustics,ETR5,440038972,Adjustable U-bracket: 5XT,2025-10-13,,,,,False,False,False,False,False,1,,AX,Store,
ETR5#30,L-Acoustics,ETR5,440038978,Adjustable U-bracket: 5XT,2025-10-13,,,,,False,False,False,False,False,1,,AX,Store,
ETR5#31,L-Acoustics,ETR5,440038982,Adjustable U-bracket: 5XT,2025-10-13,,,,,False,False,False,False,False,1,,AX,Store,
ETR5#32,L-Acoustics,ETR5,440039408,Adjustable U-bracket: 5XT,2025-10-13,,,,,False,False,False,False,False,1,,AX,Store,
ETR5#33,L-Acoustics,ETR5,440039422,Adjustable U-bracket: 5XT,2025-10-13,,,,,False,False,False,False,False,1,,AX,Store,
ETR5#34,L-Acoustics,ETR5,440039427,Adjustable U-bracket: 5XT,2025-10-13,,,,,False,False,False,False,False,1,,AX,Store,
ETR5#35,L-Acoustics,ETR5,440039429,Adjustable U-bracket: 5XT,2025-10-13,,,,,False,False,False,False,False,1,,AX,Store,
ETR5#36,L-Acoustics,ETR5,440039432,Adjustable U-bracket: 5XT,2025-10-13,,,,,False,False,False,False,False,1,,AX,Store,
ETR5#37,L-Acoustics,ETR5,440039435,Adjustable U-bracket: 5XT,2025-10-13,,,,,False,False,False,False,False,1,,AX,Store,
ETR5#38,L-Acoustics,ETR5,440039436,Adjustable U-bracket: 5XT,2025-10-13,,,,,False,False,False,False,False,1,,AX,Store,
ETR5#39,L-Acoustics,ETR5,440039437,Adjustable U-bracket: 5XT,2025-10-13,,,,,False,False,False,False,False,1,,AX,Store,
ETR5#40,L-Acoustics,ETR5,440039439,Adjustable U-bracket: 5XT,2025-10-13,,,,,False,False,False,False,False,1,,AX,Store,
ETR5#41,L-Acoustics,ETR5,440039440,Adjustable U-bracket: 5XT,2025-10-13,,,,,False,False,False,False,False,1,,AX,Store,
ETR5#42,L-Acoustics,ETR5,440039441,Adjustable U-bracket: 5XT,2025-10-13,,,,,False,False,False,False,False,1,,AX,Store,
ETR5#43,L-Acoustics,ETR5,440039442,Adjustable U-bracket: 5XT,2025-10-13,,,,,False,False,False,False,False,1,,AX,Store,
ETR5#44,L-Acoustics,ETR5,440039445,Adjustable U-bracket: 5XT,2025-10-13,,,,,False,False,False,False,False,1,,AX,Store,
ETR5#45,L-Acoustics,ETR5,440039446,Adjustable U-bracket: 5XT,2025-10-13,,,,,False,False,False,False,False,1,,AX,Store,
ETR5#46,L-Acoustics,ETR5,440039448,Adjustable U-bracket: 5XT,2025-10-13,,,,,False,False,False,False,False,1,,AX,Store,
ETR5#47,L-Acoustics,ETR5,440039449,Adjustable U-bracket: 5XT,2025-10-13,,,,,False,False,False,False,False,1,,AX,Store,
ETR5#48,L-Acoustics,ETR5,440039452,Adjustable U-bracket: 5XT,2025-10-13,,,,,False,False,False,False,False,1,,AX,Store,
ETR5#49,L-Acoustics,ETR5,440039459,Adjustable U-bracket: 5XT,2025-10-13,,,,,False,False,False,False,False,1,,AX,Store,
ETR5#50,L-Acoustics,ETR5,440039496,Adjustable U-bracket: 5XT,2025-10-13,,,,,False,False,False,False,False,1,,AX,Store,
ETR5#51,L-Acoustics,ETR5,440039503,Adjustable U-bracket: 5XT,2025-10-13,,,,,False,False,False,False,False,1,,AX,Store,
ETR5#52,L-Acoustics,ETR5,440039542,Adjustable U-bracket: 5XT,2025-10-13,,,,,False,False,False,False,False,1,,AX,Store,
ETR5#53,L-Acoustics,ETR5,440039549,Adjustable U-bracket: 5XT,2025-10-13,,,,,False,False,False,False,False,1,,AX,Store,
ETR5#54,L-Acoustics,ETR5,440039581,Adjustable U-bracket: 5XT,2025-10-13,,,,,False,False,False,False,False,1,,AX,Store,
ETR5#55,L-Acoustics,ETR5,440039591,Adjustable U-bracket: 5XT,2025-10-13,,,,,False,False,False,False,False,1,,AX,Store,
ETR5#56,L-Acoustics,ETR5,440041112,Adjustable U-bracket: 5XT,2025-10-13,,,,,False,False,False,False,False,1,,AX,Store,
ETR5#57,L-Acoustics,ETR5,440041113,Adjustable U-bracket: 5XT,2025-10-13,,,,,False,False,False,False,False,1,,AX,Store,
ETR5#58,L-Acoustics,ETR5,440041116,Adjustable U-bracket: 5XT,2025-10-13,,,,,False,False,False,False,False,1,,AX,Store,
ETR5#59,L-Acoustics,ETR5,440041119,Adjustable U-bracket: 5XT,2025-10-13,,,,,False,False,False,False,False,1,,AX,Store,
ETR5#60,L-Acoustics,ETR5,440041120,Adjustable U-bracket: 5XT,2025-10-13,,,,,False,False,False,False,False,1,,AX,Store,
ETR5#61,L-Acoustics,ETR5,440041124,Adjustable U-bracket: 5XT,2025-10-13,,,,,False,False,False,False,False,1,,AX,Store,
ETR5#62,L-Acoustics,ETR5,440041126,Adjustable U-bracket: 5XT,2025-10-13,,,,,False,False,False,False,False,1,,AX,Store,
ETR5#63,L-Acoustics,ETR5,440041128,Adjustable U-bracket: 5XT,2025-10-13,,,,,False,False,False,False,False,1,,AX,Store,
ETR5#64,L-Acoustics,ETR5,440041130,Adjustable U-bracket: 5XT,2025-10-13,,,,,False,False,False,False,False,1,,AX,Store,
ETR5#65,L-Acoustics,ETR5,440041134,Adjustable U-bracket: 5XT,2025-10-13,,,,,False,False,False,False,False,1,,AX,Store,Store
ETR5#66,L-Acoustics,ETR5,440041150,Adjustable U-bracket: 5XT,2025-10-13,,,,,False,False,False,False,False,1,,AX,Store,Store
ETR5#67,L-Acoustics,ETR5,440041156,Adjustable U-bracket: 5XT,2025-10-13,,,,,False,False,False,False,False,1,,AX,Store,Store
ETR5#68,L-Acoustics,ETR5,440041158,Adjustable U-bracket: 5XT,2025-10-13,,,,,False,False,False,False,False,1,,AX,Store,Store
LA2XI#01,L-Acoustics,LA2Xi,1730003008,Amplified controller,2025-10-13,,,,,False,False,False,False,False,1,,AX,Store,Store
LA2XI#02,L-Acoustics,LA2Xi,1730003010,Amplified controller,2025-10-13,,,,,False,False,False,False,False,1,,AX,Store,Store
LA2XI#03,L-Acoustics,LA2Xi,1730003047,Amplified controller,2025-10-13,,,,,False,False,False,False,False,1,,AX,Store,Store
LA2XI#04,L-Acoustics,LA2Xi,1730005059,Amplified controller,2025-10-13,,,,,False,False,False,False,False,1,,AX,Store,Store
LA4X#01,L-Acoustics,LA4X,1180053925,Amplified controller,2024-07-16,,,,,False,False,False,False,False,1,,AX,Store,Store
LA4X#02,L-Acoustics,LA4X,1180051677,Amplified controller,2024-07-16,,,,,False,False,False,False,False,1,,AX,Store,Store
LA4X#03,L-Acoustics,LA4X,1180051678,Amplified controller,2024-07-16,,,,,False,False,False,False,False,1,,AX,Store,Store
LA4X#04,L-Acoustics,LA4X,1180053934,Amplified controller,2024-07-16,,,,,False,False,False,False,False,1,,AX,Store,Store
LA4X#05,L-Acoustics,LA4X,1180053927,Amplified controller,2024-07-16,,,,,False,False,False,False,False,1,,AX,Store,Store
LA4X#06,L-Acoustics,LA4X,1180051467,Amplified controller,2024-07-16,,,,,False,False,False,False,False,1,,AX,Store,Store
LA4X#07,L-Acoustics,LA4X,1180053692,Amplified controller,2024-07-16,,,,,False,False,False,False,False,1,,AX,Store,NSBA Ground Breaking Ceremony @ Senja Close
LA4X#08,L-Acoustics,LA4X,1180051680,Amplified controller,2024-07-16,,,,,False,False,False,False,False,1,,AX,Store,Store
LA4X#09,L-Acoustics,LA4X,1180053978,Amplified controller,2024-07-16,,,,,False,False,False,False,False,1,,AX,Store,Store
LA4X#10,L-Acoustics,LA4X,1180053926,Amplified controller,2024-07-16,,,,,False,False,False,False,False,1,,AX,Store,Store
LA12X#01,L-Acoustics,LA12X,1140035138,Amplified controller,2025-01-10,,,,,False,False,False,False,False,1,,AX,Store,Store
LA12X#02,L-Acoustics,LA12X,1140037808,Amplified controller,2025-01-10,,,,,False,False,False,False,False,1,,AX,Store,Store
LA12X#03,L-Acoustics,LA12X,1140037839,Amplified controller,2025-01-10,,,,,False,False,False,False,False,1,,AX,Store,Store
LA12X#04,L-Acoustics,LA12X,1140037868,Amplified controller,2025-01-10,,,,,False,False,False,False,False,1,,AX,Store,Store
LA12X#05,L-Acoustics,LA12X,1140037870,Amplified controller,2025-01-10,,,,,False,False,False,False,False,1,,AX,Store,Store
LA12X#06,L-Acoustics,LA12X,1140037871,Amplified controller,2025-01-10,,,,,False,False,False,False,False,1,,AX,Store,Store
LA12X#07,L-Acoustics,LA12X,1140039534,Amplified controller,2025-01-10,,,,,False,False,False,False,False,1,,AX,Store,Store
LA12X#08,L-Acoustics,LA12X,1140039542,Amplified controller,2025-01-10,,,,,False,False,False,False,False,1,,AX,Store,Store
KARAII#01,L-Acoustics,KARAII,2190019410,Long Throw Concert Sound Loudspeaker,2025-01-10,,,,,False,False,False,False,False,1,,AX,Store,Store
KARAII#02,L-Acoustics,KARAII,2190019417,Long Throw Concert Sound Loudspeaker,2025-01-10,,,,,False,False,False,False,False,1,,AX,Store,Store
KARAII#03,L-Acoustics,KARAII,2190019468,Long Throw Concert Sound Loudspeaker,2025-01-10,,,,,False,False,False,False,False,1,,AX,Store,Store
KARAII#04,L-Acoustics,KARAII,2190019475,Long Throw Concert Sound Loudspeaker,2025-01-10,,,,,False,False,False,False,False,1,,AX,Store,Store
KARAII#05,L-Acoustics,KARAII,2190019478,Long Throw Concert Sound Loudspeaker,2025-01-10,,,,,False,False,False,False,False,1,,AX,Store,Store
KARAII#06,L-Acoustics,KARAII,2190019486,Long Throw Concert Sound Loudspeaker,2025-01-10,,,,,False,False,False,False,False,1,,AX,Store,Store
KARAII#07,L-Acoustics,KARAII,2190019517,Long Throw Concert Sound Loudspeaker,2025-01-10,,,,,False,False,False,False,False,1,,AX,Store,Store
KARAII#08,L-Acoustics,KARAII,2190019528,Long Throw Concert Sound Loudspeaker,2025-01-10,,,,,False,False,False,False,False,1,,AX,Store,Store
KARAII#09,L-Acoustics,KARAII,2190019555,Long Throw Concert Sound Loudspeaker,2025-01-10,,,,,False,False,False,False,False,1,,AX,Store,Store
KARAII#10,L-Acoustics,KARAII,2190019559,Long Throw Concert Sound Loudspeaker,2025-01-10,,,,,False,False,False,False,False,1,,AX,Store,Store
KARAII#11,L-Acoustics,KARAII,2190019568,Long Throw Concert Sound Loudspeaker,2025-01-10,,,,,False,False,False,False,False,1,,AX,Store,Store
KARAII#12,L-Acoustics,KARAII,2190019607,Long Throw Concert Sound Loudspeaker,2025-01-10,,,,,False,False,False,False,False,1,,AX,Store,Store
KARAII#13,L-Acoustics,KARAII,2190019608,Long Throw Concert Sound Loudspeaker,2025-01-10,,,,,False,False,False,False,False,1,,AX,Store,Store
KARAII#14,L-Acoustics,KARAII,2190019609,Long Throw Concert Sound Loudspeaker,2025-01-10,,,,,False,False,False,False,False,1,,AX,Store,Store
KARAII#15,L-Acoustics,KARAII,2190019610,Long Throw Concert Sound Loudspeaker,2025-01-10,,,,,False,False,False,False,False,1,,AX,Store,Store
KARAII#16,L-Acoustics,KARAII,2190019620,Long Throw Concert Sound Loudspeaker,2025-01-10,,,,,False,False,False,False,False,1,,AX,Store,Store
KARAII#17,L-Acoustics,KARAII,2190021406,Long Throw Concert Sound Loudspeaker,2025-01-23,,,,,False,False,False,False,False,1,,AX,Store,Store
KARAII#18,L-Acoustics,KARAII,2190021407,Long Throw Concert Sound Loudspeaker,2025-01-23,,,,,False,False,False,False,False,1,,AX,Store,Store
KARAII#19,L-Acoustics,KARAII,2190021408,Long Throw Concert Sound Loudspeaker,2025-01-23,,,,,False,False,False,False,False,1,,AX,Store,Store
KARAII#20,L-Acoustics,KARAII,2190021409,Long Throw Concert Sound Loudspeaker,2025-01-23,,,,,False,False,False,False,False,1,,AX,Store,Store
KARAII#21,L-Acoustics,KARAII,2190021410,Long Throw Concert Sound Loudspeaker,2025-01-23,,,,,False,False,False,False,False,1,,AX,Store,Store
KARAII#22,L-Acoustics,KARAII,2190021553,Long Throw Concert Sound Loudspeaker,2025-01-23,,,,,False,False,False,False,False,1,,AX,Store,Store
KARAII#23,L-Acoustics,KARAII,2190021557,Long Throw Concert Sound Loudspeaker,2025-01-23,,,,,False,False,False,False,False,1,,AX,Store,Store
KARAII#24,L-Acoustics,KARAII,2190021558,Long Throw Concert Sound Loudspeaker,2025-01-23,,,,,False,False,False,False,False,1,,AX,Store,Store
SB18#01,L-Acoustics,SB18,780022277,"High power compact subwoofer: 1 x 18""",2024-07-16,,,,,False,False,False,False,False,1,,AX,Store,Store
SB18#02,L-Acoustics,SB18,780022279,"High power compact subwoofer: 1 x 18""",2024-07-16,,,,,False,False,False,False,False,1,,AX,Store,Store
SB18#03,L-Acoustics,SB18,780022861,"High power compact subwoofer: 1 x 18""",2024-07-16,,,,,False,False,False,False,False,1,,AX,Store,Store
SB18#04,L-Acoustics,SB18,780022862,"High power compact subwoofer: 1 x 18""",2024-07-16,,,,,False,False,False,False,False,1,,AX,Store,Store
SB18#05,L-Acoustics,SB18,780022920,"High power compact subwoofer: 1 x 18""",2024-07-16,,,,,False,False,False,False,False,1,,AX,Store,Store
SB18#06,L-Acoustics,SB18,780022923,"High power compact subwoofer: 1 x 18""",2024-07-16,,,,,False,False,False,False,False,1,,AX,Store,Store
SB18#07,L-Acoustics,SB18,780022928,"High power compact subwoofer: 1 x 18""",2024-07-16,,,,,False,False,False,False,False,1,,AX,Store,Store
SB18#08,L-Acoustics,SB18,780022929,"High power compact subwoofer: 1 x 18""",2024-07-16,,,,,False,False,False,False,False,1,,AX,Store,Store
SB18#09,L-Acoustics,SB18,780023835,"High power compact subwoofer: 1 x 18""",2025-01-10,,,,,False,False,False,False,False,1,,AX,Store,Store
SB18#10,L-Acoustics,SB18,780023853,"High power compact subwoofer: 1 x 18""",2025-01-10,,,,,False,False,False,False,False,1,,AX,Store,Store
SB18#11,L-Acoustics,SB18,780023871,"High power compact subwoofer: 1 x 18""",2025-01-10,,,,,False,False,False,False,False,1,,AX,Store,Store
SB18#12,L-Acoustics,SB18,780023872,"High power compact subwoofer: 1 x 18""",2025-01-10,,,,,False,False,False,False,False,1,,AX,Store,Store
LS10#01,L-Acoustics,LS10,1670010429,"10-port Ethernet AVB Switch, Avnu-certified",,,,,,False,False,False,False,False,1,,AX,Store,Store
LS10#02,L-Acoustics,LS10,1670010391,"10-port Ethernet AVB Switch, Avnu-certified",,,,,,False,False,False,False,False,1,,AX,Store,Store
LS10#03,L-Acoustics,LS10,1670010355,"10-port Ethernet AVB Switch, Avnu-certified",,,,,,False,False,False,False,False,1,,AX,Store,Store
LS10#04,L-Acoustics,LS10,1670010350,"10-port Ethernet AVB Switch, Avnu-certified",,,,,,False,False,False,False,False,1,,AX,Store,Store
LS10#05,L-Acoustics,LS10,1670010373,"10-port Ethernet AVB Switch, Avnu-certified",,,,,,False,False,False,False,False,1,,AX,Store,Store
LS10#06,L-Acoustics,LS10,1670010374,"10-port Ethernet AVB Switch, Avnu-certified",,,,,,False,False,False,False,False,1,,AX,Store,Store
MBUMP#01,L-Acoustics,M-BUMP,890009396,Bumper for flying or stacking KARA (II)/SB18,2025-01-10,,,,,False,False,False,False,False,1,,AX,Store,Store
MBUMP#02,L-Acoustics,M-BUMP,890009399,Bumper for flying or stacking KARA (II)/SB18,2025-01-10,,,,,False,False,False,False,False,1,,AX,Store,Store
MBUMP#03,L-Acoustics,M-BUMP,890009866,Bumper for flying or stacking KARA (II)/SB18,2025-01-23,,,,,False,False,False,False,False,1,,AX,Store,Store
MBUMP#04,L-Acoustics,M-BUMP,890010152,Bumper for flying or stacking KARA (II)/SB18,2025-01-23,,,,,False,False,False,False,False,1,,AX,Store,Store
MBUMP#05,L-Acoustics,M-BUMP,890010057,Bumper for flying or stacking KARA (II)/SB18,,,,,,False,False,False,False,False,1,,AX,Store,Store
MBAR#01,L-Acoustics,M-BAR,900009077,Extension bar for rigging frame,2025-01-10,,,,,False,False,False,False,False,1,,AX,Store,Store
MBAR#02,L-Acoustics,M-BAR,900009092,Extension bar for rigging frame,2025-01-10,,,,,False,False,False,False,False,1,,AX,Store,Store
MBAR#03,L-Acoustics,M-BAR,900009093,Extension bar for rigging frame,2025-01-10,,,,,False,False,False,False,False,1,,AX,Store,Store
MBAR#04,L-Acoustics,M-BAR,900009095,Extension bar for rigging frame,2025-01-10,,,,,False,False,False,False,False,1,,AX,Store,Store
MJACK#01,L-Acoustics,M-JACK,,,2025-01-10,,,,,False,False,False,False,False,1,,AX,Store,
MJACK#02,L-Acoustics,M-JACK,,,2025-01-10,,,,,False,False,False,False,False,1,,AX,Store,
LAP1#01,L-Acoustics,P1,1400004120,Digital audio processor and measurement platform: 20x 18 mic/line AES/EBU and AVB. CE version.,2025-01-10,,,,,False,False,False,False,False,1,,AX,Store,Store
X-UL12#01,L-Acoustics,X-UL12,1210008336,Long U-bracket for X12,2024-07-16,,,,,False,False,False,False,False,1,,AX,Store,Store
X-UL12#02,L-Acoustics,X-UL12,1210008580,Long U-bracket for X12,2024-07-16,,,,,False,False,False,False,False,1,,AX,Store,Store
X-UL12#03,L-Acoustics,X-UL12,1210008583,Long U-bracket for X12,2024-07-16,,,,,False,False,False,False,False,1,,AX,Store,Store
X-UL12#04,L-Acoustics,X-UL12,1210008586,Long U-bracket for X12,2024-07-16,,,,,False,False,False,False,False,1,,AX,Store,Store
X-UL12#05,L-Acoustics,X-UL12,1210008587,Long U-bracket for X12,2024-07-16,,,,,False,False,False,False,False,1,,AX,Store,Store
X-UL12#06,L-Acoustics,X-UL12,1210008588,Long U-bracket for X12,2024-07-16,,,,,False,False,False,False,False,1,,AX,Store,Store
X-UL12#07,L-Acoustics,X-UL12,1210008589,Long U-bracket for X12,2024-07-16,,,,,False,False,False,False,False,1,,AX,Store,Store
X-UL12#08,L-Acoustics,X-UL12,1210008591,Long U-bracket for X12,2024-07-16,,,,,False,False,False,False,False,1,,AX,Store,Store
X-UL12#09,L-Acoustics,X-UL12,1210008832,Long U-bracket for X12,2024-07-16,,,,,False,False,False,False,False,1,,AX,Store,Store
X-UL12#10,L-Acoustics,X-UL12,1210008834,Long U-bracket for X12,2024-07-16,,,,,False,False,False,False,False,1,,AX,Store,Store
X-UL12#11,L-Acoustics,X-UL12,1210008836,Long U-bracket for X12,2024-07-16,,,,,False,False,False,False,False,1,,AX,Store,
X-UL12#12,L-Acoustics,X-UL12,1210008837,Long U-bracket for X12,2024-07-16,,,,,False,False,False,False,False,1,,AX,Store,
X-UL12#13,L-Acoustics,X-UL12,1210008838,Long U-bracket for X12,2024-07-16,,,,,False,False,False,False,False,1,,AX,Store,
X-UL12#14,L-Acoustics,X-UL12,1210008839,Long U-bracket for X12,2024-07-16,,,,,False,False,False,False,False,1,,AX,Store,Store
X-UL12#15,L-Acoustics,X-UL12,1210008840,Long U-bracket for X12,2024-07-16,,,,,False,False,False,False,False,1,,AX,Store,Store
X-UL12#16,L-Acoustics,X-UL12,1210008859,Long U-bracket for X12,2024-07-16,,,,,False,False,False,False,False,1,,AX,Store,
X-US1215#01,L-Acoustics,X-US1215,1220009146,Short U-bracket for X12 and X15 HiQ,2024-07-16,,,,,False,False,False,False,False,1,,AX,Store,Store
X-US1215#02,L-Acoustics,X-US1215,1220009822,Short U-bracket for X12 and X15 HiQ,2024-07-16,,,,,False,False,False,False,False,1,,AX,Store,Store
X-US1215#03,L-Acoustics,X-US1215,1220009824,Short U-bracket for X12 and X15 HiQ,2024-07-16,,,,,False,False,False,False,False,1,,AX,Store,Store
X-US1215#04,L-Acoustics,X-US1215,1220009830,Short U-bracket for X12 and X15 HiQ,2024-07-16,,,,,False,False,False,False,False,1,,AX,Store,Store
X-US1215#05,L-Acoustics,X-US1215,1220010942,Short U-bracket for X12 and X15 HiQ,2024-07-16,,,,,False,False,False,False,False,1,,AX,Store,Store
X-US1215#06,L-Acoustics,X-US1215,1220011134,Short U-bracket for X12 and X15 HiQ,2024-07-16,,,,,False,False,False,False,False,1,,AX,Store,Store
X-US1215#07,L-Acoustics,X-US1215,1220011135,Short U-bracket for X12 and X15 HiQ,2024-07-16,,,,,False,False,False,False,False,1,,AX,Store,Store
X-US1215#08,L-Acoustics,X-US1215,1220011136,Short U-bracket for X12 and X15 HiQ,2024-07-16,,,,,False,False,False,False,False,1,,AX,Store,Store
X-US1215#09,L-Acoustics,X-US1215,1220011137,Short U-bracket for X12 and X15 HiQ,2024-07-16,,,,,False,False,False,False,False,1,,AX,Store,
X-US1215#10,L-Acoustics,X-US1215,1220011138,Short U-bracket for X12 and X15 HiQ,2024-07-16,,,,,False,False,False,False,False,1,,AX,Store,
X-US1215#11,L-Acoustics,X-US1215,1220011139,Short U-bracket for X12 and X15 HiQ,2024-07-16,,,,,False,False,False,False,False,1,,AX,Store,
X-US1215#12,L-Acoustics,X-US1215,1220011170,Short U-bracket for X12 and X15 HiQ,2024-07-16,,,,,False,False,False,False,False,1,,AX,Store,
X-US1215#13,L-Acoustics,X-US1215,1220011171,Short U-bracket for X12 and X15 HiQ,2024-07-16,,,,,False,False,False,False,False,1,,AX,Store,
X-US1215#14,L-Acoustics,X-US1215,1220011174,Short U-bracket for X12 and X15 HiQ,2024-07-16,,,,,False,False,False,False,False,1,,AX,Store,
X-US1215#15,L-Acoustics,X-US1215,1220011175,Short U-bracket for X12 and X15 HiQ,2024-07-16,,,,,False,False,False,False,False,1,,AX,Store,
X-US1215#16,L-Acoustics,X-US1215,1220011176,Short U-bracket for X12 and X15 HiQ,2024-07-16,,,,,False,False,False,False,False,1,,AX,Store,
X-UL8#01,L-Acoustics,X-UL8,1270021069,Long U-bracket for X8,2024-07-16,,,,,False,False,False,False,False,1,,AX,Store,Store
X-UL8#02,L-Acoustics,X-UL8,1270021072,Long U-bracket for X8,2024-07-16,,,,,False,False,False,False,False,1,,AX,Store,Store
X-UL8#03,L-Acoustics,X-UL8,1270021074,Long U-bracket for X8,2024-07-16,,,,,False,False,False,False,False,1,,AX,Store,Store
X-UL8#04,L-Acoustics,X-UL8,1270021088,Long U-bracket for X8,2024-07-16,,,,,False,False,False,False,False,1,,AX,Store,Store
X-UL8#05,L-Acoustics,X-UL8,1270021089,Long U-bracket for X8,2024-07-16,,,,,False,False,False,False,False,1,,AX,Store,Store
X-UL8#06,L-Acoustics,X-UL8,1270021090,Long U-bracket for X8,2024-07-16,,,,,False,False,False,False,False,1,,AX,Store,Store
X-UL8#07,L-Acoustics,X-UL8,1270021091,Long U-bracket for X8,2024-07-16,,,,,False,False,False,False,False,1,,AX,Store,Store
X-UL8#08,L-Acoustics,X-UL8,1270021092,Long U-bracket for X8,2024-07-16,,,,,False,False,False,False,False,1,,AX,Store,Store
X-UL8#09,L-Acoustics,X-UL8,1270021095,Long U-bracket for X8,2024-07-16,,,,,False,False,False,False,False,1,,AX,Store,Store
X-UL8#10,L-Acoustics,X-UL8,1270021182,Long U-bracket for X8,2024-07-16,,,,,False,False,False,False,False,1,,AX,Store,Store
X-UL8#11,L-Acoustics,X-UL8,1270021190,Long U-bracket for X8,2024-07-16,,,,,False,False,False,False,False,1,,AX,Store,Store
X-UL8#12,L-Acoustics,X-UL8,1270021191,Long U-bracket for X8,2024-07-16,,,,,False,False,False,False,False,1,,AX,Store,Store
X-US8#01,L-Acoustics,X-US8,1280004181,Short U-bracket for X8,2024-07-16,,,,,False,False,False,False,False,1,"[{""date"":""2026/03/02"",""user"":""bnjm2000"",""description"":""Discovered bracket foam is mouldy/disintegrated (Louis Vuitton Spring Summer Trunk Show @ Jurong Lake Gardens)"",""type"":""Fault"",""cost"":"""",""changes"":[{""kind"":""ooc"",""action"":""marked""}],""source"":{}},{""date"":""2026/04/02"",""user"":""bnjm2000"",""description"":""Repaired and collected back from Concept Systems"",""type"":""Repair"",""cost"":"""",""changes"":[{""kind"":""ooc"",""action"":""cleared""}],""source"":{}}]",AX,Store,Store
X-US8#02,L-Acoustics,X-US8,1280005529,Short U-bracket for X8,2024-07-16,,,,,False,False,False,False,False,1,,AX,Store,Store
X-US8#03,L-Acoustics,X-US8,1280005636,Short U-bracket for X8,2024-07-16,,,,,False,False,False,False,False,1,,AX,Store,Store
X-US8#04,L-Acoustics,X-US8,1280005721,Short U-bracket for X8,2024-07-16,,,,,False,False,False,False,False,1,,AX,Store,Store
X-US8#05,L-Acoustics,X-US8,1280006772,Short U-bracket for X8,2024-07-16,,,,,False,False,False,False,False,1,,AX,Store,Store
X-US8#06,L-Acoustics,X-US8,1280006778,Short U-bracket for X8,2024-07-16,,,,,False,False,False,False,False,1,,AX,Store,
X-US8#07,L-Acoustics,X-US8,1280006779,Short U-bracket for X8,2024-07-16,,,,,False,False,False,False,False,1,,AX,Store,
X-US8#08,L-Acoustics,X-US8,1280006794,Short U-bracket for X8,2024-07-16,,,,,False,False,False,False,False,1,,AX,Store,
X-US8#09,L-Acoustics,X-US8,1280006795,Short U-bracket for X8,2024-07-16,,,,,False,False,False,False,False,1,,AX,Store,
X-US8#10,L-Acoustics,X-US8,1280006796,Short U-bracket for X8,2024-07-16,,,,,False,False,False,False,False,1,,AX,Store,
X-US8#11,L-Acoustics,X-US8,1280006797,Short U-bracket for X8,2024-07-16,,,,,False,False,False,False,False,1,,AX,Store,
X-US8#12,L-Acoustics,X-US8,1280006799,Short U-bracket for X8,2024-07-16,,,,,False,False,False,False,False,1,,AX,Store,
X12#01,L-Acoustics,X12,1190036006,"12"" passive coaxial enclosure",2024-07-16,,,,,False,False,False,False,False,1,,AX,Store,Store
X12#02,L-Acoustics,X12,1190036007,"12"" passive coaxial enclosure",2024-07-16,,,,,False,False,False,False,False,1,,AX,Store,Store
X12#03,L-Acoustics,X12,1190036008,"12"" passive coaxial enclosure",2024-07-16,,,,,False,False,False,False,False,1,,AX,Store,Store
X12#04,L-Acoustics,X12,1190036010,"12"" passive coaxial enclosure",2024-07-16,,,,,False,False,False,False,False,1,,AX,Store,Store
X12#05,L-Acoustics,X12,1190036011,"12"" passive coaxial enclosure",2024-07-16,,,,,False,False,False,False,False,1,,AX,Store,Store
X12#06,L-Acoustics,X12,1190036012,"12"" passive coaxial enclosure",2024-07-16,,,,,False,False,False,False,False,1,,AX,Store,Store
X12#07,L-Acoustics,X12,1190036013,"12"" passive coaxial enclosure",2024-07-16,,,,,False,False,False,False,False,1,,AX,Store,Store
X12#08,L-Acoustics,X12,1190036014,"12"" passive coaxial enclosure",2024-07-16,,,,,False,False,False,False,False,1,,AX,Store,Store
X12#09,L-Acoustics,X12,1190036015,"12"" passive coaxial enclosure",2024-07-16,,,,,False,False,False,False,False,1,,AX,Store,Store
X12#10,L-Acoustics,X12,1190036022,"12"" passive coaxial enclosure",2024-07-16,,,,,False,False,False,False,False,1,,AX,Store,Store
X12#11,L-Acoustics,X12,1190036023,"12"" passive coaxial enclosure",2024-07-16,,,,,False,False,False,False,False,1,,AX,Store,Store
X12#12,L-Acoustics,X12,1190036038,"12"" passive coaxial enclosure",2024-07-16,,,,,False,False,False,False,False,1,,AX,Store,Store
X12#13,L-Acoustics,X12,1190036040,"12"" passive coaxial enclosure",2024-07-16,,,,,False,False,False,False,False,1,,AX,Store,Store
X12#14,L-Acoustics,X12,1190036041,"12"" passive coaxial enclosure",2024-07-16,,,,,False,False,False,False,False,1,,AX,Store,Store
X12#15,L-Acoustics,X12,1190036043,"12"" passive coaxial enclosure",2024-07-16,,,,,False,False,False,False,False,1,,AX,Store,Store
X12#16,L-Acoustics,X12,1190036044,"12"" passive coaxial enclosure",2024-07-16,,,,,False,False,False,False,False,1,,AX,Store,Store
X8#01,L-Acoustics,X8,1260036022,"8"" passive coaxial enclosure",2024-07-16,,,,,False,False,False,False,False,1,,AX,Store,Store
X8#02,L-Acoustics,X8,1260039906,"8"" passive coaxial enclosure",2024-07-16,,,,,False,False,False,False,False,1,,AX,Store,Store
X8#03,L-Acoustics,X8,1260040512,"8"" passive coaxial enclosure",2024-07-16,,,,,False,False,False,False,False,1,,AX,Store,Store
X8#04,L-Acoustics,X8,1260040515,"8"" passive coaxial enclosure",2024-07-16,,,,,False,False,False,False,False,1,,AX,Store,Store
X8#05,L-Acoustics,X8,1260040518,"8"" passive coaxial enclosure",2024-07-16,,,,,False,False,False,False,False,1,,AX,Store,NSBA Ground Breaking Ceremony @ Senja Close
X8#06,L-Acoustics,X8,1260040522,"8"" passive coaxial enclosure",2024-07-16,,,,,False,False,False,False,False,1,,AX,Store,NSBA Ground Breaking Ceremony @ Senja Close
X8#07,L-Acoustics,X8,1260040523,"8"" passive coaxial enclosure",2024-07-16,,,,,False,False,False,False,False,1,,AX,Store,NSBA Ground Breaking Ceremony @ Senja Close
X8#08,L-Acoustics,X8,1260040525,"8"" passive coaxial enclosure",2024-07-16,,,,,False,False,False,False,False,1,,AX,Store,NSBA Ground Breaking Ceremony @ Senja Close
X8#09,L-Acoustics,X8,1260040530,"8"" passive coaxial enclosure",2024-07-16,,,,,False,False,False,False,False,1,,AX,Store,Store
X8#10,L-Acoustics,X8,1260040532,"8"" passive coaxial enclosure",2024-07-16,,,,,False,False,False,False,False,1,,AX,Store,Store
X8#11,L-Acoustics,X8,1260040538,"8"" passive coaxial enclosure",2024-07-16,,,,,False,False,False,False,False,1,,AX,Store,Store
X8#12,L-Acoustics,X8,1260040685,"8"" passive coaxial enclosure",2024-07-16,,,,,False,False,False,False,False,1,,AX,Store,Store
X8#13,L-Acoustics,X8,1260040534,"8"" passive coaxial enclosure",2024-07-16,,,,,False,False,False,False,False,1,,AX,Store,Store
X8#14,L-Acoustics,X8,1260040626,"8"" passive coaxial enclosure",2024-07-16,,,,,False,False,False,False,False,1,,AX,Store,Store
X8#15,L-Acoustics,X8,1260040643,"8"" passive coaxial enclosure",2024-07-16,,,,,False,False,False,False,False,1,,AX,Store,Store
X8#16,L-Acoustics,X8,1260040692,"8"" passive coaxial enclosure",2024-07-16,,,,,False,False,False,False,False,1,,AX,Store,Store
SYVA#01,L-Acoustics,Syva,1350010796,"5"" Colinear source",2025-08-12,,,,,False,False,False,False,False,1,,AX,Store,Store
SYVA#02,L-Acoustics,Syva,1350010797,"5"" Colinear source",2025-08-12,,,,,False,False,False,False,False,1,,AX,Store,Store
SYVA#03,L-Acoustics,Syva,1350010798,"5"" Colinear source",2025-08-12,,,,,False,False,False,False,False,1,,AX,Store,Store
SYVA#04,L-Acoustics,Syva,1350010807,"5"" Colinear source",2025-08-12,,,,,False,False,False,False,False,1,,AX,Store,Store
SYVA#05,L-Acoustics,Syva,1350011541,"5"" Colinear source",2025-08-12,,,,,False,False,False,False,False,1,,AX,Store,Store
SYVA#06,L-Acoustics,Syva,1350011571,"5"" Colinear source",2025-08-12,,,,,False,False,False,False,False,1,,AX,Store,Store
SYVALOW#01,L-Acoustics,Syva Low,1360009075,"Bass reflex dual 12""",2025-08-12,,,,,False,False,False,False,False,1,,AX,Store,Store
SYVALOW#02,L-Acoustics,Syva Low,1360009080,"Bass reflex dual 12""",2025-08-12,,,,,False,False,False,False,False,1,,AX,Store,Store
SYVALOW#03,L-Acoustics,Syva Low,1360009097,"Bass reflex dual 12""",2025-08-12,,,,,False,False,False,False,False,1,,AX,Store,Store
SYVALOW#04,L-Acoustics,Syva Low,1360009115,"Bass reflex dual 12""",2025-08-12,,,,,False,False,False,False,False,1,,AX,Store,Store
SYVALOW#05,L-Acoustics,Syva Low,1360010149,"Bass reflex dual 12""",2025-08-12,,,,,False,False,False,False,False,1,,AX,Store,Store
SYVALOW#06,L-Acoustics,Syva Low,1360010151,"Bass reflex dual 12""",2025-08-12,,,,,False,False,False,False,False,1,,AX,Store,Store
SYVALOW#07,L-Acoustics,Syva Low,1360011722,"Bass reflex dual 12""",2025-10-13,,,,,False,False,False,False,False,1,,AX,Store,Store
SYVALOW#08,L-Acoustics,Syva Low,1360011727,"Bass reflex dual 12""",2025-10-13,,,,,False,False,False,False,False,1,,AX,Store,Store
LPClaw#01,Latin Percussion,LP592A,,The Claw,,,,,,False,False,False,False,False,1,,AX,Store,
LPClaw#02,Latin Percussion,LP592A,,The Claw,,,,,,False,False,False,False,False,1,,AX,Store,
LPClaw#03,Latin Percussion,LP592A,,The Claw,,,,,,False,False,False,False,False,1,,AX,Store,
LPClaw#04,Latin Percussion,LP592A,,The Claw,,,,,,False,False,False,False,False,1,,AX,Store,
MR-90A#01,MiPro,MR-90,878292429A,Interlink receiver,2024-06-07,,,,,False,False,False,False,False,1,"[{""date"":""2024/11/26"",""user"":""bnjm2000"",""description"":""2024/11/20 - Send to MiPro for testing"",""type"":""General"",""cost"":"""",""changes"":[],""source"":{}},{""date"":""2024/11/26"",""user"":""bnjm2000"",""description"":""2024/11/26 - Collected back from MiPro after testing"",""type"":""General"",""cost"":"""",""changes"":[],""source"":{}}]",AX,Store,NSBA Rooftop Opening Ceremony @ Temple
MR-90A#02,MiPro,MR-90,878292430A,Interlink receiver,2024-06-07,,,,,False,False,False,False,False,1,"[{""date"":""2024/11/26"",""user"":""bnjm2000"",""description"":""2024/11/20 - Send to MiPro for testing"",""type"":""General"",""cost"":"""",""changes"":[],""source"":{}},{""date"":""2024/11/26"",""user"":""bnjm2000"",""description"":""2024/11/26 - Collected back from MiPro after testing"",""type"":""General"",""cost"":"""",""changes"":[],""source"":{}}]",AX,Store,NSBA Rooftop Opening Ceremony @ Temple
MR-90A#03,MiPro,MR-90,878292432A,Interlink receiver,2024-10-24,,,,,False,False,False,False,False,1,"[{""date"":""2024/11/01"",""user"":""bnjm2000"",""description"":""discovered no output (Dior @ ION Orchard (demo))"",""type"":""Fault"",""cost"":"""",""changes"":[{""kind"":""ooc"",""action"":""marked""}],""source"":{}},{""date"":""2024/11/11"",""user"":""bnjm2000"",""description"":""Handed over to MiPro for repair"",""type"":""General"",""cost"":"""",""changes"":[],""source"":{}},{""date"":""2024/11/12"",""user"":""bnjm2000"",""description"":""repaired by MiPro"",""type"":""Repair"",""cost"":"""",""changes"":[{""kind"":""ooc"",""action"":""cleared""}],""source"":{}},{""date"":""2024/11/13"",""user"":""bnjm2000"",""description"":""Collected back from MiPro"",""type"":""General"",""cost"":"""",""changes"":[],""source"":{}},{""date"":""2024/11/20"",""user"":""bnjm2000"",""description"":""Send to MiPro for testing"",""type"":""General"",""cost"":"""",""changes"":[],""source"":{}},{""date"":""2024/11/21"",""user"":""bnjm2000"",""description"":""Issue with RF B, sent to Taiwan for repair"",""type"":""Fault"",""cost"":"""",""changes"":[{""kind"":""location"",""value"":""MiPro Taiwan""},{""kind"":""ooc"",""action"":""marked""}],""source"":{}},{""date"":""2025/06/26"",""user"":""bnjm2000"",""description"":""Collected back from MiPro"",""type"":""General"",""cost"":"""",""changes"":[{""kind"":""location"",""value"":""Store""},{""kind"":""ooc"",""action"":""cleared""}],""source"":{}}]",AX,Store,NSBA Rooftop Opening Ceremony @ Temple
MR-90A#04,MiPro,MR-90,878292434A,Interlink receiver,2024-10-24,,,,,False,False,False,False,False,1,"[{""date"":""2024/11/05"",""user"":""bnjm2000"",""description"":""2024/11/05 - Low RF, AF cutting in and out (Dior @ ION Orchard)"",""type"":""Fault"",""cost"":"""",""changes"":[{""kind"":""ooc"",""action"":""marked""}],""source"":{}},{""date"":""2024/11/11"",""user"":""bnjm2000"",""description"":""2024/11/11 - Handed over to MiPro for repair"",""type"":""General"",""cost"":"""",""changes"":[{""kind"":""location"",""value"":""MiPro Singapore""}],""source"":{}},{""date"":""2024/11/12"",""user"":""bnjm2000"",""description"":""2024/11/12 - repaired by MiPro"",""type"":""Repair"",""cost"":"""",""changes"":[{""kind"":""ooc"",""action"":""cleared""}],""source"":{}},{""date"":""2024/11/13"",""user"":""bnjm2000"",""description"":""2024/11/13 - Collected back from MiPro"",""type"":""General"",""cost"":"""",""changes"":[{""kind"":""location"",""value"":""Store""}],""source"":{}},{""date"":""2024/11/20"",""user"":""bnjm2000"",""description"":""2024/11/20 - Send to MiPro for testing"",""type"":""General"",""cost"":"""",""changes"":[],""source"":{}},{""date"":""2024/11/26"",""user"":""bnjm2000"",""description"":""2024/11/26 - Collected back from MiPro after testing"",""type"":""General"",""cost"":"""",""changes"":[],""source"":{}},{""date"":""2026/01/24"",""user"":""bnjm2000"",""description"":""Receiver observed in use with some buzzing (Wedding of Jewel & Maanas @ Fiasco)"",""type"":""Fault"",""cost"":"""",""changes"":[],""source"":{}},{""date"":""2026/04/03"",""user"":""bnjm2000"",""description"":""Receiver observed in use with some buzzing (LV @ Japanese Garden)"",""type"":""Fault"",""cost"":"""",""changes"":[{""kind"":""ooc"",""action"":""marked""}],""source"":{}},{""date"":""2026/04/14"",""user"":""bnjm2000"",""description"":""Sent to MiPro for servicing"",""type"":""General"",""cost"":"""",""changes"":[{""kind"":""location"",""value"":""MiPro Singapore""}],""source"":{}},{""date"":""2026/04/17"",""user"":""bnjm2000"",""description"":""Collected back from MiPro, repaired\nXLR connector loosed, soldered back - $40"",""type"":""Repair"",""cost"":""40.00"",""changes"":[{""kind"":""location"",""value"":""MiPro Singapore""},{""kind"":""ooc"",""action"":""cleared""}],""source"":{}}]",AX,Store,NSBA Rooftop Opening Ceremony @ Temple
MR-90A#05,MiPro,MR-90,878292431A,Interlink receiver,2024-10-24,,,,,False,False,False,False,False,1,"[{""date"":""2024/10/29"",""user"":""bnjm2000"",""description"":""discovered no output (Hermes @ Takashimaya)"",""type"":""Fault"",""cost"":"""",""changes"":[{""kind"":""ooc"",""action"":""marked""}],""source"":{}},{""date"":""2024/11/11"",""user"":""bnjm2000"",""description"":""2024/11/11 - Handed over to MiPro for repair"",""type"":""General"",""cost"":"""",""changes"":[],""source"":{}},{""date"":""2024/11/13"",""user"":""bnjm2000"",""description"":""2024/11/13 - Collected back from MiPro"",""type"":""General"",""cost"":"""",""changes"":[{""kind"":""ooc"",""action"":""cleared""}],""source"":{}},{""date"":""2024/11/26"",""user"":""bnjm2000"",""description"":""2024/11/20 - Send to MiPro for testing"",""type"":""General"",""cost"":"""",""changes"":[],""source"":{}},{""date"":""2024/11/26"",""user"":""bnjm2000"",""description"":""2024/11/26 - Tested in MiPro office with RF Dropout, remain with MiPro for further testing/repair"",""type"":""Fault"",""cost"":"""",""changes"":[{""kind"":""ooc"",""action"":""marked""}],""source"":{}},{""date"":""2025/05/21"",""user"":""bnjm2000"",""description"":""Send in to Mipro, no RF receiving"",""type"":""General"",""cost"":"""",""changes"":[],""source"":{}},{""date"":""2025/05/22"",""user"":""bnjm2000"",""description"":""Technician tested working, went to MiPro office to check before collecting. Audio came through but unit kept skipping channels. MiPro did a 1-to-1 swap. New SN: 878292431A Old SN:878292435A"",""type"":""Repair"",""cost"":"""",""changes"":[{""kind"":""location"",""value"":""MiPro Singapore""},{""kind"":""serial"",""value"":""878292431A""},{""kind"":""ooc"",""action"":""cleared""}],""source"":{}}]",AX,Store,Store
MR-90A#06,MiPro,MR-90,878292436A,Interlink receiver,2024-10-24,,,,,False,False,False,False,False,1,"[{""date"":""2024/11/26"",""user"":""bnjm2000"",""description"":""2024/11/20 - Send to MiPro for testing"",""type"":""General"",""cost"":"""",""changes"":[],""source"":{}},{""date"":""2024/11/26"",""user"":""bnjm2000"",""description"":""2024/11/26 - Collected back from MiPro after testing"",""type"":""General"",""cost"":"""",""changes"":[],""source"":{}},{""date"":""2026/04/14"",""user"":""bnjm2000"",""description"":""Sent to MiPro for servicing"",""type"":""General"",""cost"":"""",""changes"":[{""kind"":""location"",""value"":""MiPro Singapore""}],""source"":{}},{""date"":""2025/11/05"",""user"":""bnjm2000"",""description"":""Discovered to be buzzing (Franck Muller x Cortina High Jewellery Dinner @ Claudine Restaurant)"",""type"":""Fault"",""cost"":"""",""changes"":[{""kind"":""ooc"",""action"":""marked""}],""source"":{}},{""date"":""2026/04/17"",""user"":""bnjm2000"",""description"":""Collected back from MiPro, repaired\nXLR connector loosed, soldered back - $40"",""type"":""Repair"",""cost"":""40.00"",""changes"":[{""kind"":""location"",""value"":""MiPro Singapore""},{""kind"":""ooc"",""action"":""cleared""}],""source"":{}}]",AX,Store,Store
MT-90A#01,MiPro,MT-90A,858290901A,Interlink Transmitter,2024-06-07,,,,,False,False,False,False,False,1,"[{""date"":""2024/11/20"",""user"":""bnjm2000"",""description"":""2024/11/20 - Send to MiPro for testing"",""type"":""General"",""cost"":"""",""changes"":[],""source"":{}},{""date"":""2024/11/26"",""user"":""bnjm2000"",""description"":""2024/11/26 - Collected back from MiPro after testing"",""type"":""General"",""cost"":"""",""changes"":[],""source"":{}}]",AX,Store,NSBA Rooftop Opening Ceremony @ Temple
MT-90A#02,MiPro,MT-90A,858290902A,Interlink Transmitter,2024-06-07,,,,,False,False,False,False,False,1,"[{""date"":""2024/11/20"",""user"":""bnjm2000"",""description"":""2024/11/20 - Send to MiPro for testing"",""type"":""General"",""cost"":"""",""changes"":[],""source"":{}},{""date"":""2024/11/26"",""user"":""bnjm2000"",""description"":""2024/11/26 - Collected back from MiPro after testing"",""type"":""General"",""cost"":"""",""changes"":[],""source"":{}}]",AX,Store,
MT-90A#03,MiPro,MT-90A,858290899A,Interlink Transmitter,2024-10-24,,,,,False,False,False,False,False,1,"[{""date"":""2024/11/20"",""user"":""bnjm2000"",""description"":""2024/11/20 - Send to MiPro for testing"",""type"":""General"",""cost"":"""",""changes"":[],""source"":{}},{""date"":""2024/11/26"",""user"":""bnjm2000"",""description"":""changed transmitter to same type (Old S/N: 809264158A)"",""type"":""Repair"",""cost"":"""",""changes"":[{""kind"":""serial"",""value"":""858290899A""}],""source"":{}},{""date"":""2024/11/26"",""user"":""bnjm2000"",""description"":""2024/11/26 - Collected back from MiPro after testing"",""type"":""General"",""cost"":"""",""changes"":[],""source"":{}}]",AX,Store,Store
MT-90A#04,MiPro,MT-90A,858290898A,Interlink Transmitter,2024-10-24,,,,,False,False,False,False,False,1,"[{""date"":""2024/11/20"",""user"":""bnjm2000"",""description"":""2024/11/20 - Send to MiPro for testing"",""type"":""General"",""cost"":"""",""changes"":[{""kind"":""location"",""value"":""MiPro Singapore""}],""source"":{}},{""date"":""2024/11/26"",""user"":""bnjm2000"",""description"":""2024/11/26 - Collected back from MiPro after testing"",""type"":""General"",""cost"":"""",""changes"":[{""kind"":""location"",""value"":""Store""}],""source"":{}},{""date"":""2024/10/15"",""user"":""bnjm2000"",""description"":""Device keeps restarting, suspect PSU faulty (Wedding of Kenneth and Wong Mei Yin)"",""type"":""Fault"",""cost"":"""",""changes"":[{""kind"":""ooc"",""action"":""marked""}],""source"":{}},{""date"":""2024/10/24"",""user"":""bnjm2000"",""description"":""Handed over to MiPro for PSU testing"",""type"":""General"",""cost"":"""",""changes"":[{""kind"":""location"",""value"":""MiPro Singapore""}],""source"":{}},{""date"":""2024/11/13"",""user"":""bnjm2000"",""description"":""Collected back from MiPro, PSU replaced"",""type"":""Repair"",""cost"":""0.00"",""changes"":[{""kind"":""location"",""value"":""MiPro Singapore""},{""kind"":""ooc"",""action"":""cleared""}],""source"":{}}]",AX,Store,Store
GSM4212P#01,Netgear,GSM4212P,6VB52B51A0392,Managed Switch,,,,,,False,False,False,False,False,1,,AX,Store,Store
GSM4212P#02,Netgear,GSM4212P,6VB52B5AA039B,Managed Switch,,,,,,False,False,False,False,False,1,,AX,Store,Store
GSM4212P#03,Netgear,GSM4212P,6VB52B5CA03B9,Managed Switch,,,,,,False,False,False,False,False,1,,AX,Store,Store
GSM4212P#04,Netgear,GSM4212P,6VB52B52A0393,Managed Switch,,,,,,False,False,False,False,False,1,,AX,Store,Store
KM184#01,Neumann,KM184,199064,small-diaphragm cardioid condenser microphone,,,,,,False,False,False,False,False,1,,AX,Store,
KM184#02,Neumann,KM184,199065,small-diaphragm cardioid condenser microphone,,,,,,False,False,False,False,False,1,,AX,Store,
KM184#03,Neumann,KM184,217557,small-diaphragm cardioid condenser microphone,,,,,,False,False,False,False,False,1,,AX,Store,
KM184#04,Neumann,KM184,217558,small-diaphragm cardioid condenser microphone,,,,,,False,False,False,False,False,1,,AX,Store,
M390#01,Earthworks,M30,1432P,measurement microphone,,,,,,False,False,False,False,False,1,,AX,Store,
CDJ1000MK2#01,Pioneer,CDJ1000MKII,,Professional DJ multi player (Black),,,,,,False,False,False,False,False,1,,AX,Store,
CDJ1000MK2#02,Pioneer,CDJ1000MKII,,Professional DJ multi player (Black),,,,,,False,False,False,False,False,1,,AX,Store,
CDJ2000NXS#01,Pioneer,CDJ2000NXS,,Professional DJ multi player (Black),,,,,,False,False,False,False,False,1,,AX,Store,Store
CDJ2000NXS#02,Pioneer,CDJ2000NXS,,Professional DJ multi player (Black),,,,,,False,False,False,False,False,1,,AX,Store,Store
CDJ2000NXS2#01,Pioneer,CDJ2000NXS2,,Professional DJ multi player (black),,,,,,False,False,False,False,False,1,"[{""date"":""2025/10/15"",""user"":""bnjm2000"",""description"":""Screen flickered and stopped working (GRAFF @ Ion Art Gallery)"",""type"":""Fault"",""cost"":"""",""changes"":[{""kind"":""ooc"",""action"":""marked""}],""source"":{}},{""date"":""2025/10/16"",""user"":""bnjm2000"",""description"":""Equipment sent for repair"",""type"":""General"",""cost"":"""",""changes"":[{""kind"":""location"",""value"":""Avery Events""}],""source"":{}},{""date"":""2025/12/10"",""user"":""bnjm2000"",""description"":""Equipment returned repaired - screen changed. ($320)"",""type"":""Repair"",""cost"":""320.00"",""changes"":[{""kind"":""location"",""value"":""Store""},{""kind"":""ooc"",""action"":""cleared""}],""source"":{}}]",AX,Store,Store
CDJ2000NXS2#02,Pioneer,CDJ2000NXS2,,Professional DJ multi player (black),,,,,,False,False,False,False,False,1,,AX,Store,Store
CDJ3000#01,Pioneer,CDJ3000,CDMP038151EH,Professional DJ multi player (Black),,,,,,False,False,False,False,False,1,"[{""date"":""2024/09/22"",""user"":""bnjm2000"",""description"":""Buttons and jog wheel melted under sun (F1 @ ShowCo)"",""type"":""Fault"",""cost"":"""",""changes"":[{""kind"":""ooc"",""action"":""marked""}],""source"":{}},{""date"":""2024/10/03"",""user"":""bnjm2000"",""description"":""Received spare from ShowCo while repairs underway (S/N: BHMP026156EH)"",""type"":""General"",""cost"":"""",""changes"":[{""kind"":""ooc"",""action"":""cleared""}],""source"":{}},{""date"":""2025/03/15"",""user"":""bnjm2000"",""description"":""Collected back, tested working. (Wedding of Barbara and Ker Wei)"",""type"":""General"",""cost"":"""",""changes"":[],""source"":{}}]",AX,Store,Store
CDJ3000#02,Pioneer,CDJ3000,CDMP038159EH,Professional DJ multi player (Black),,,,,,False,False,False,False,False,1,"[{""date"":""2024/09/22"",""user"":""bnjm2000"",""description"":""22/09/2024 - Buttons and jog wheel melted under sun (F1 @ ShowCo)"",""type"":""Fault"",""cost"":"""",""changes"":[{""kind"":""ooc"",""action"":""marked""}],""source"":{}},{""date"":""2024/10/03"",""user"":""bnjm2000"",""description"":""03/10/2024 - Received spare from ShowCo while repairs underway (S/N: BHMP026170EH)"",""type"":""General"",""cost"":"""",""changes"":[{""kind"":""ooc"",""action"":""cleared""}],""source"":{}},{""date"":""2025/03/15"",""user"":""bnjm2000"",""description"":""Collected back, tested working. (Wedding of Barbara and Ker Wei)"",""type"":""General"",""cost"":"""",""changes"":[],""source"":{}}]",AX,Store,Store
DJM900NXS#01,Pioneer,DJM-900NXS,,DJ Mixer,,,,,,False,False,False,False,False,1,,AX,Store,
DJM900NXS2#01,Pioneer,DJM-900NXS2,,4-channel pro-DJ mixer,,,,,,False,False,False,False,False,1,,AX,Store,Store
DJMA9#01,Pioneer,DJM-A9,,4-channel pro-DJ mixer,,,,,,False,False,False,False,False,1,,AX,Store,Store
COMBINE4#01,RF Venue,Combine4,J6803014t2d4-124,active transmitter combiner,2025-04-11,,,,,False,False,False,False,False,1,,AX,Store,Store
E904#01,Sennheiser,E904,1471264124,Dynamic cardioid instrument microphone,,,,,,False,False,False,False,False,1,,AX,Store,Dry Hire: Avery Events
E904#02,Sennheiser,E904,,Dynamic cardioid instrument microphone,,,,,,False,False,False,False,False,1,,AX,Store,Dry Hire: Avery Events
E904#03,Sennheiser,E904,,Dynamic cardioid instrument microphone,,,,,,False,False,False,False,False,1,,AX,Store,Store
E904#04,Sennheiser,E904,,Dynamic cardioid instrument microphone,,,,,,False,False,False,False,False,1,,AX,Store,Store
E904#05,Sennheiser,E904,,Dynamic cardioid instrument microphone,,,,,,False,False,False,False,False,1,,AX,Store,Dry Hire: Avery Events
E906#01,Sennheiser,E906,,"super-cardioid, dynamic instrument microphone",,,,,,False,False,False,False,False,1,,AX,Store,Store
E906#02,Sennheiser,E906,,"super-cardioid, dynamic instrument microphone",,,,,,False,False,False,False,False,1,,AX,Store,Store
ME36#01,Sennheiser,ME36,,Gooseneck mic,,,,,,False,False,False,False,False,1,,AX,Store,NSBA Ground Breaking Ceremony @ Senja Close
ME36#02,Sennheiser,ME36,,Gooseneck mic,,,,,,False,False,False,False,False,1,,AX,Store,NSBA Ground Breaking Ceremony @ Senja Close
MKE2#01,Sennheiser,MKE2 (black),86827,Lavalier microphone,,,,,,False,False,False,False,False,1,,AX,Store,Store
MKE2#02,Sennheiser,MKE2 (black),86825,Lavalier microphone,,,,,,False,False,False,False,False,1,,AX,Store,Store
MKE2#03,Sennheiser,MKE2 (beige),,Lavalier microphone,,,,,,False,False,False,False,False,1,,AX,Store,
MKE2#04,Sennheiser,MKE2 (beige),,Lavalier microphone,,,,,,False,False,False,False,False,1,,AX,Store,
MKE2#05,Sennheiser,MKE2 (beige),,Lavalier microphone,,,,,,False,False,False,False,False,1,,AX,Store,
MKE2#06,Sennheiser,MKE2 (beige),,Lavalier microphone,,,,,,False,False,False,False,False,1,,AX,Store,
AD1#01,Shure,AD1,2BI13281704,Beltpack [G56],2023-09-20,,,,,False,False,False,False,False,1,,AX,Store,Store
AD1#02,Shure,AD1,2CA26063354,Beltpack [G56],2023-09-20,,,,,False,False,False,False,False,1,,AX,Store,Store
AD1#03,Shure,AD1,2CA26063431,Beltpack [G56],2023-09-20,,,,,False,False,False,False,False,1,,AX,Store,Store
AD1#04,Shure,AD1,2CA26063455,Beltpack [G56],2023-09-20,,,,,False,False,False,False,False,1,,AX,Store,Store
AD1#05,Shure,AD1,2CS26063556,Beltpack [G56],2023-09-20,,,,,False,False,False,False,False,1,,AX,Store,Store
AD1#06,Shure,AD1,2SI13339508,Beltpack [G56],2023-09-20,,,,,False,False,False,False,False,1,,AX,Store,Store
AD1#07,Shure,AD1,2SI13340955,Beltpack [G56],2023-09-20,,,,,False,False,False,False,False,1,,AX,Store,Store
AD1#08,Shure,AD1,2SI13340979,Beltpack [G56],2023-09-20,,,,,False,False,False,False,False,1,,AX,Store,Store
AD1#09,Shure,AD1,2SI13341033,Beltpack [G56],2023-09-20,,,,,False,False,False,False,False,1,,AX,Store,Store
AD1#10,Shure,AD1,2SI13341095,Beltpack [G56],2023-09-20,,,,,False,False,False,False,False,1,,AX,Store,Store
AD1#11,Shure,AD1,2SI13341122,Beltpack [G56],2023-09-20,,,,,False,False,False,False,False,1,,AX,Store,Store
AD1#12,Shure,AD1,2SI13341463,Beltpack [G56],2023-09-20,,,,,False,False,False,False,False,1,,AX,Store,Store
AD1#13,Shure,AD1,2SI13341552,Beltpack [G56],2023-09-20,,,,,False,False,False,False,False,1,,AX,Store,Store
AD1#14,Shure,AD1,2SI25669222,Beltpack [G56],2023-09-20,,,,,False,False,False,False,False,1,,AX,Store,Store
AD1#15,Shure,AD1,2SI25669246,Beltpack [G56],2023-09-20,,,,,False,False,False,False,False,1,,AX,Store,Store
AD1#16,Shure,AD1,2SI25669599,Beltpack [G56],2023-09-20,,,,,False,False,False,False,False,1,,AX,Store,Store
AD2#01,Shure,AD2,2SC0752114,Handheld Microphone [G56],2023-09-20,,,,,False,False,False,False,False,1,,AX,Store,Store
AD2#02,Shure,AD2,2SD04117237,Handheld Microphone [G56],2023-09-20,,,,,False,False,False,False,False,1,"[{""date"":""2025/07/10"",""user"":""bnjm2000"",""description"":""Replaced display bezel $25 Service charge $60"",""type"":""Repair"",""cost"":""85.00"",""changes"":[{""kind"":""location"",""value"":""E&E""},{""kind"":""ooc"",""action"":""cleared""}],""source"":{}},{""date"":""2025/07/10"",""user"":""bnjm2000"",""description"":""Collected from E&E"",""type"":""General"",""cost"":"""",""changes"":[{""kind"":""location"",""value"":""Store""}],""source"":{}}]",AX,Store,Store
AD2#03,Shure,AD2,2CC22174166,Handheld Microphone [G56],2023-09-20,,,,,False,False,False,False,False,1,,AX,Store,Store
AD2#04,Shure,AD2,2CC22174279,Handheld Microphone [G56],2023-09-20,,,,,False,False,False,False,False,1,,AX,Store,Store
AD2#05,Shure,AD2,2SD04117263,Handheld Microphone [G56],2023-09-20,,,,,False,False,False,False,False,1,,AX,Store,Store
AD2#06,Shure,AD2,2SD04117249,Handheld Microphone [G56],2023-09-20,,,,,False,False,False,False,False,1,"[{""date"":""2025/11/29"",""user"":""bnjm2000"",""description"":""Mic clip discovered to be broken"",""type"":""Fault"",""cost"":"""",""changes"":[],""source"":{}}]",AX,Store,Store
AD2#07,Shure,AD2,2SD04117504,Handheld Microphone [G56],2023-09-20,,,,,False,False,False,False,False,1,"[{""date"":""2025/06/24"",""user"":""bnjm2000"",""description"":""Replaced display bezel $25 \nService charge $60"",""type"":""Repair"",""cost"":""85.00"",""changes"":[{""kind"":""location"",""value"":""E&E""},{""kind"":""ooc"",""action"":""marked""}],""source"":{}},{""date"":""2025/07/10"",""user"":""bnjm2000"",""description"":""Collected from E&E"",""type"":""General"",""cost"":"""",""changes"":[{""kind"":""location"",""value"":""Store""},{""kind"":""ooc"",""action"":""cleared""},{""kind"":""missing"",""action"":""cleared""}],""source"":{}},{""date"":""2025/11/29"",""user"":""bnjm2000"",""description"":""Handheld died while in use. Cannot power on with rechargeable battery, shows empty bar when using brand new AA batteries (WSAudiology Town Hall @ 18 Tai Seng Street)"",""type"":""Fault"",""cost"":"""",""changes"":[{""kind"":""ooc"",""action"":""marked""}],""source"":{}},{""date"":""2026/01/08"",""user"":""bnjm2000"",""description"":""Sent to E&E for servicing"",""type"":""General"",""cost"":"""",""changes"":[{""kind"":""location"",""value"":""E&E""}],""source"":{}},{""date"":""2026/01/12"",""user"":""bnjm2000"",""description"":""SR22010:\nReplaced PCB-L3 BASIC HH AUDIO, AD2  (190A25389) - $72\n65D25724A BEZEL, DISPLAY, G56, AD2 - $20\nService charge - $60"",""type"":""Repair"",""cost"":""152.00"",""changes"":[{""kind"":""location"",""value"":""E&E""},{""kind"":""ooc"",""action"":""cleared""}],""source"":{}},{""date"":""2026/01/22"",""user"":""bnjm2000"",""description"":""Collected back from E&E. Tested working."",""type"":""General"",""cost"":"""",""changes"":[{""kind"":""location"",""value"":""Store""}],""source"":{}}]",AX,Store,Store
AD2#08,Shure,AD2,2CC22174281,Handheld Microphone [G56],2023-09-20,,,,,False,False,False,False,False,1,,AX,Store,Store
AD2#09,Shure,AD2,2CC22174116,Handheld Microphone [G56],2023-09-20,,,,,False,False,False,False,False,1,,AX,Store,Store
AD2#10,Shure,AD2,2CC22174130,Handheld Microphone [G56],2023-09-20,,,,,False,False,False,False,False,1,,AX,Store,Store
AD2#11,Shure,AD2,2SD04117302,Handheld Microphone [G56],2023-09-20,,,,,False,False,False,False,False,1,"[{""date"":""2025/07/10"",""user"":""bnjm2000"",""description"":""Replaced grill as it was rusty"",""type"":""Preventative maintenance"",""cost"":"""",""changes"":[],""source"":{}}]",AX,Store,
AD2#12,Shure,AD2,2SC0752118,Handheld Microphone [G56],2023-09-20,,,,,False,False,False,False,False,1,,AX,Store,Store
AD2#13,Shure,AD2,2CC22174217,Handheld Microphone [G56],2023-09-20,,,,,False,False,False,False,False,1,"[{""date"":""2025/07/10"",""user"":""bnjm2000"",""description"":""Replaced grill as it was rusty"",""type"":""Preventative maintenance"",""cost"":"""",""changes"":[],""source"":{}}]",AX,Store,NSBA Ground Breaking Ceremony @ Senja Close
AD2#14,Shure,AD2,2CC22173949,Handheld Microphone [G56],2023-09-20,,,,,False,False,False,False,False,1,,AX,Store,Store
AD2#15,Shure,AD2,2CC22174180,Handheld Microphone [G56],2023-09-20,,,,,False,False,False,False,False,1,,AX,Store,Store
AD2#16,Shure,AD2,2SC0752116,Handheld Microphone [G56],2023-09-20,,,,,False,False,False,False,False,1,,AX,Store,Store
AD3#01,Shure,AD3,3CE17731585,Plug-on Transmitter,,,,,,False,False,False,False,False,1,,AX,Store,Store
AD3#02,Shure,AD3,3CB24309820,Plug-on Transmitter,,,,,,False,False,False,False,False,1,,AX,Store,Store
AD3#03,Shure,AD3,3B21414454,Plug-on Transmitter,,,,,,False,False,False,False,False,1,,AX,Store,NSBA Ground Breaking Ceremony @ Senja Close
AD3#04,Shure,AD3,3TH09460854,Plug-on Transmitter,,,,,,False,False,False,False,False,1,,AX,Store,Store
AD4D#01,Shure,AD4D,,Two-Channel Digital Wireless Receiver,,,,,,False,False,False,False,False,1,,AX,Store,NSBA Ground Breaking Ceremony @ Senja Close
AD4Q#01,Shure,AD4Q,,Four-Channel Digital Wireless Receiver,,,,,,False,False,False,False,False,1,,AX,Store,Store
AD4Q#02,Shure,AD4Q,,Four-Channel Digital Wireless Receiver,,,,,,False,False,False,False,False,1,,AX,Store,Store
AD4Q#03,Shure,AD4Q,2CA25976600,Four-Channel Digital Wireless Receiver,2023-09-20,,,,,False,False,False,False,False,1,"[{""date"":""2025/11/20"",""user"":""bnjm2000"",""description"":""Sent to E&E for repairs"",""type"":""General"",""cost"":"""",""changes"":[{""kind"":""location"",""value"":""E&E""}],""source"":{}},{""date"":""2025/11/16"",""user"":""bnjm2000"",""description"":""Discovered \""B\"" antenna not working, even when connected directly to antenna (Wedding of Andrew Chua & Nicolette Ong @ TRCM)"",""type"":""Fault"",""cost"":"""",""changes"":[{""kind"":""ooc"",""action"":""marked""}],""source"":{}},{""date"":""2025/12/31"",""user"":""bnjm2000"",""description"":""SR21913:\nReplaced 188A24072  AMPLIFIER,DRIVER,HI GAIN,0.25W,SOT-89 IC - $30\nService charge - $120"",""type"":""Repair"",""cost"":""150.00"",""changes"":[{""kind"":""location"",""value"":""E&E""},{""kind"":""ooc"",""action"":""cleared""}],""source"":{}},{""date"":""2026/01/27"",""user"":""bnjm2000"",""description"":""Collected back from E&E, tested working."",""type"":""General"",""cost"":"""",""changes"":[{""kind"":""location"",""value"":""Store""}],""source"":{}}]",AX,Store,Store
AD4Q#04,Shure,AD4Q,,Four-Channel Digital Wireless Receiver,2023-09-20,,,,,False,False,False,False,False,1,,AX,Store,Store
P9R#01,Shure,P9R,,Bodypack Receiver [P7],,,,,,False,False,False,False,False,1,,AX,Store,
P9R#02,Shure,P9R,,Bodypack Receiver [P7],,,,,,False,False,False,False,False,1,,AX,Store,
P9R#03,Shure,P9R,,Bodypack Receiver [P7],,,,,,False,False,False,False,False,1,,AX,Store,Store
P9RA#01,Shure,P9RA,,Bodypack Receiver [P7],,,,,,False,False,False,False,False,1,,AX,Store,Store
P9RA#02,Shure,P9RA,,Bodypack Receiver [P7],,,,,,False,False,False,False,False,1,,AX,Store,Store
P9RA#03,Shure,P9RA,,Bodypack Receiver [P7],,,,,,False,False,False,False,False,1,,AX,Store,Store
P9RA#04,Shure,P9RA,,Bodypack Receiver [P7],,,,,,False,False,False,False,False,1,"[{""date"":""2025/07/29"",""user"":""bnjm2000"",""description"":""Beltpack will turn off when battery compartment closed"",""type"":""General"",""cost"":"""",""changes"":[],""source"":{}}]",AX,Store,Store
P9T#01,Shure,P9T,,Wireless Transmitter,,,,,,False,False,False,False,False,1,,AX,Store,Store
P9T#02,Shure,P9T,,Wireless Transmitter,,,,,,False,False,False,False,False,1,,AX,Store,Store
P9T#03,Shure,P9T,,Wireless Transmitter,,,,,,False,False,False,False,False,1,,AX,Store,Store
P9T#04,Shure,P9T,,Wireless Transmitter,,,,,,False,False,False,False,False,1,,AX,Store,Store
P9T#05,Shure,P9T,3KD1452613-02,Wireless Transmitter,,,,,,False,False,False,False,False,1,,AX,Store,Store
P1#01,Behringher,P1,S1403222AZM,Wired IEM beltpack,,,,,,False,False,True,False,False,1,"[{""date"":""2026/03/12"",""user"":""bnjm2000"",""description"":""Discovered not working with 9V battery (Interwoven《绚》@ SCCC)"",""type"":""Fault"",""cost"":"""",""changes"":[{""kind"":""degraded"",""action"":""marked""}],""source"":{}}]",AX,Store,Store
P1#02,Behringher,P1,S1403409AZM,Wired IEM beltpack,,,,,,False,False,False,False,False,1,,AX,Store,Store
P1#03,Behringher,P1,S1403575AZM,Wired IEM beltpack,,,,,,False,False,False,False,False,1,,AX,Store,Store
P1#04,Behringher,P1,S1403579AZM,Wired IEM beltpack,,,,,,False,False,False,False,False,1,,AX,Store,
P1#05,Behringher,P1,S1403649AZM,Wired IEM beltpack,,,,,,False,False,False,False,False,1,,AX,Store,Store
P1#06,Behringher,P1,S1506343AZM,Wired IEM beltpack,,,,,,False,False,False,False,False,1,,AX,Store,Store
P1#07,Behringher,P1,S1506350AZM,Wired IEM beltpack,,,,,,False,False,False,False,False,1,,AX,Store,Store
PA421A#01,Shure,PA421A,1112383 4407,4-Port Antenna Combiner,,,,,,False,False,False,False,False,1,,AX,Store,
PA805SWB#01,Shure,PA805SWB,,Passive Directional Antenna,,,,,,False,False,False,False,False,1,,AX,Store,Store
HA8091#01,Shure,HA-8091,,Passive Domed Helical Antenna,,,,,,False,False,False,False,False,1,,AX,Store,Store
SE215#01,Shure,SE215,3CA17269504,"sound-isolating earphones, black",,,,,,False,False,False,False,False,1,,AX,Store,Store
SE215#02,Shure,SE215,3CA17269112,"sound-isolating earphones, black",,,,,,False,False,False,False,False,1,,AX,Store,Store
SE215#03,Shure,SE215,3CA17269299,"sound-isolating earphones, black",,,,,,False,False,False,False,False,1,,AX,Store,Store
SE215#04,Shure,SE215,3CA17269073,"sound-isolating earphones, black",,,,,,False,False,False,False,False,1,,AX,Store,
SE215#05,Shure,SE215,3CA17269275,"sound-isolating earphones, black",,,,,,False,False,False,False,False,1,,AX,Store,
SE215#06,Shure,SE215,3CA17269542,"sound-isolating earphones, black",,,,,,False,False,False,False,False,1,,AX,Store,
SE215#07,Shure,SE215,3CE30957457,"sound-isolating earphones, black",,,,,,False,False,False,False,False,1,,AX,Store,
SE215#08,Shure,SE215,3CE30957445,"sound-isolating earphones, black",,,,,,False,False,False,False,False,1,,AX,Store,
SM57#01,Shure,SM57,3BE28632739,cardioid dynamic instrument mic,,,,,,False,False,False,False,False,1,,AX,Store,Store
SM57#02,Shure,SM57,3AI23201231,cardioid dynamic instrument mic,,,,,,False,False,False,False,False,1,,AX,Store,Store
SM57#03,Shure,SM57,3AI23201320,cardioid dynamic instrument mic,,,,,,False,False,False,False,False,1,,AX,Store,Store
SM57#04,Shure,SM57,3AK29224642,cardioid dynamic instrument mic,,,,,,False,False,False,False,False,1,,AX,Store,Store
SM57#05,Shure,SM57,,cardioid dynamic instrument mic,,,,,,False,False,False,False,False,1,,AX,Store,Store
SM57#06,Shure,SM57,,cardioid dynamic instrument mic,,,,,,False,False,False,False,False,1,,AX,Store,Store
SM57#07,Shure,SM57,,cardioid dynamic instrument mic,,,,,,False,False,False,False,False,1,,AX,Store,Store
SM57#08,Shure,SM57,,cardioid dynamic instrument mic,,,,,,False,False,False,False,False,1,,AX,Store,Store
SM57#09,Shure,SM57,,cardioid dynamic instrument mic,,,,,,False,False,False,False,False,1,,AX,Store,Store
SM57#10,Shure,SM57,,cardioid dynamic instrument mic,,,,,,False,False,False,False,False,1,,AX,Store,Store
SM58#01,Shure,SM58,3BD07905808,dynamic vocal microphone,,,,,,False,False,False,False,False,1,,AX,Store,Store
SM58#02,Shure,SM58,3BD07905896,dynamic vocal microphone,,,,,,False,False,False,False,False,1,,AX,Store,Store
SM58#03,Shure,SM58,3BD07905959,dynamic vocal microphone,,,,,,False,False,False,False,False,1,,AX,Store,Store
SM58#04,Shure,SM58,3AI23201255,dynamic vocal microphone,,,,,,False,False,False,False,False,1,,AX,Store,Store
SM58#05,Shure,SM58,3BD07905973,dynamic vocal microphone,,,,,,False,False,False,False,False,1,,AX,Store,Store
SM58#06,Shure,SM58,3BD07905985,dynamic vocal microphone,,,,,,False,False,False,False,False,1,,AX,Store,Store
SM58#07,Shure,SM58,,dynamic vocal microphone,,,,,,False,False,False,False,False,1,,AX,Store,Store
SM58#08,Shure,SM58,,dynamic vocal microphone,,,,,,False,False,False,False,False,1,,AX,Store,Store
SM58#09,Shure,SM58,,dynamic vocal microphone,,,,,,False,False,False,False,False,1,,AX,Store,Store
SM58#10,Shure,SM58,,dynamic vocal microphone,,,,,,False,False,False,False,False,1,,AX,Store,Store
SM58S#01,Shure,SM58S,,cardioid dynamic w/ switch,,,,,,False,False,False,False,False,1,,AX,Store,Dry Hire: Avery Events
SM58S#02,Shure,SM58S,,cardioid dynamic w/ switch,,,,,,False,False,False,False,False,1,,AX,Store,Dry Hire: Avery Events
SM58S#03,Shure,SM58S,,cardioid dynamic w/ switch,,,,,,False,False,False,False,False,1,,AX,Store,Dry Hire: Avery Events
SM58S#04,Shure,SM58S,,cardioid dynamic w/ switch,,,,,,False,False,False,False,False,1,,AX,Store,Dry Hire: Avery Events
B58A#01,Shure,Beta 58A,,supercardioid dynamic vocal microphone,,,,,,False,False,False,False,False,1,,AX,Store,Store
B58A#02,Shure,Beta 58A,,supercardioid dynamic vocal microphone,,,,,,False,False,False,False,False,1,,AX,Store,Store
B58A#03,Shure,Beta 58A,,supercardioid dynamic vocal microphone,,,,,,False,False,False,False,False,1,,AX,Store,Store
B58A#04,Shure,Beta 58A,,supercardioid dynamic vocal microphone,,,,,,False,False,False,False,False,1,,AX,Store,Store
ULXD1#01,Shure,ULXD1 [L50],1ND2342330-01,Beltpack,,,,,,False,False,False,False,False,1,,AX,Store,Store
ULXD1#02,Shure,ULXD1 [L50],1ML0246448,Beltpack,,,,,,False,False,False,False,False,1,,AX,Store,Store
ULXD1#03,Shure,ULXD1 [L50],1NB0326366-01,Beltpack,,,,,,False,False,False,False,False,1,,AX,Store,Store
ULXD1#04,Shure,ULXD1 [L50],1ND2342613-01,Beltpack,,,,,,False,False,False,False,False,1,,AX,Store,Store
ULXD1#05,Shure,ULXD1 [L50],1ND23423459-01,Beltpack,,,,,,False,False,False,False,False,1,,AX,Store,Store
ULXD1#06,Shure,ULXD1 [L50],1ND2342323-01,Beltpack,,,,,,False,False,False,False,False,1,,AX,Store,Store
ULXD1#07,Shure,ULXD1 [L50],1ND2342445-01,Beltpack,,,,,,False,False,False,False,False,1,,AX,Store,Store
ULXD1#08,Shure,ULXD1 [L50],1ND2342622-01,Beltpack,,,,,,False,False,False,False,False,1,,AX,Store,Store
ULXD1#09,Shure,ULXD1 [L50],1ML0246482-01,Beltpack,,,,,,False,False,False,False,False,1,,AX,Store,Store
ULXD1#10,Shure,ULXD1 [L50],1ND2342618-01,Beltpack,,,,,,False,False,False,False,False,1,,AX,Store,Store
ULXD1#11,Shure,ULXD1 [L50],2QJ0777983,Beltpack,,,,,,False,False,False,False,False,1,,AX,Store,Store
ULXD1#12,Shure,ULXD1 [L50],,Beltpack,,,,,,True,False,False,False,False,1,,AX,Store,
ULXD1#13,Shure,ULXD1 [G52],3BI28076309,Beltpack,2023-08-14,,,,,False,False,False,False,False,1,,AX,Store,Store
ULXD1#14,Shure,ULXD1 [G52],3BI28074129,Beltpack,2023-08-14,,,,,False,False,False,False,False,1,,AX,Store,Store
ULXD1#15,Shure,ULXD1 [G52],3BI28076513,Beltpack,2023-08-14,,,,,False,False,False,False,False,1,,AX,Store,Store
ULXD1#16,Shure,ULXD1 [G52],3BI28076373,Beltpack,2023-08-14,,,,,False,False,False,False,False,1,,AX,Store,Store
ULXD1#17,Shure,ULXD1 [G52],3BI28076436,Beltpack,2023-08-14,,,,,False,False,False,False,False,1,,AX,Store,Store
ULXD1#18,Shure,ULXD1 [G52],3BI28078539,Beltpack,2023-08-14,,,,,False,False,False,False,False,1,,AX,Store,
ULXD1#19,Shure,ULXD1 [L50],3EC18480865,Beltpack,,,,,,False,False,False,False,False,1,,AX,Store,Store
ULXD2#01,Shure,ULXD2 [L50],2NK0071080-01,Handheld Microphone,,,,,,False,False,False,False,False,1,,AX,Store,NSBA Ground Breaking Ceremony @ Senja Close
ULXD2#02,Shure,ULXD2 [L50],2PH3049605,Handheld Microphone,,,,,,False,False,False,False,False,1,,AX,Store,
ULXD2#03,Shure,ULXD2 [L50],2OB0659314-01,Handheld Microphone,,,,,,False,False,False,False,False,1,"[{""date"":""2026/03/22"",""user"":""bnjm2000"",""description"":""Handheld dropped by emcee, capsule broke off (Wedding of Russell & Cassandra @ Shangri-La Island Ballroom)"",""type"":""Fault"",""cost"":"""",""changes"":[{""kind"":""ooc"",""action"":""marked""}],""source"":{}},{""date"":""2026/04/17"",""user"":""bnjm2000"",""description"":""Bought new capsule from E&E, replaced whole capsule - $214"",""type"":""Repair"",""cost"":""214.00"",""changes"":[{""kind"":""location"",""value"":""E&E""},{""kind"":""ooc"",""action"":""cleared""}],""source"":{}}]",AX,Store,NSBA Ground Breaking Ceremony @ Senja Close
ULXD2#04,Shure,ULXD2 [L50],2PK2362933,Handheld Microphone,,,,,,False,False,False,False,False,1,,AX,Store,NSBA Ground Breaking Ceremony @ Senja Close
ULXD2#05,Shure,ULXD2 [L50],20A1395239-01,Handheld Microphone,,,,,,False,False,False,False,False,1,"[{""date"":""2025/11/27"",""user"":""bnjm2000"",""description"":""Discovered capsule broken and sponge disintegrated (Loro Piana @ Jiak Kim House)"",""type"":""Fault"",""cost"":"""",""changes"":[{""kind"":""ooc"",""action"":""marked""}],""source"":{}},{""date"":""2026/01/08"",""user"":""bnjm2000"",""description"":""Sent to E&E for servicing"",""type"":""General"",""cost"":"""",""changes"":[{""kind"":""location"",""value"":""E&E""}],""source"":{}},{""date"":""2026/01/12"",""user"":""bnjm2000"",""description"":""SR22011:\nE&E quoted to replace capsule ($267), with service fee ($120).\nDecided to cancel repair and buy the capsule from Sales."",""type"":""General"",""cost"":"""",""changes"":[{""kind"":""location"",""value"":""Store""}],""source"":{}},{""date"":""2026/01/27"",""user"":""bnjm2000"",""description"":""Purchased new B58A Capsule to replace. ($214)\nCapsule SN: 3EH15266104"",""type"":""Repair"",""cost"":""214.00"",""changes"":[{""kind"":""location"",""value"":""E&E""},{""kind"":""ooc"",""action"":""cleared""}],""source"":{}}]",AX,Store,NSBA Ground Breaking Ceremony @ Senja Close
ULXD2#06,Shure,ULXD2 [L50],2PK2362926,Handheld Microphone,,,,,,False,False,False,False,False,1,,AX,Store,NSBA Rooftop Opening Ceremony @ Temple
ULXD2#07,Shure,ULXD2 [L50],2QK2204370,Handheld Microphone,,,,,,False,False,False,False,False,1,,AX,Store,
ULXD2#08,Shure,ULXD2 [L50],2OB0659317-01,Handheld Microphone,,,,,,False,False,False,False,False,1,,AX,Store,NSBA Ground Breaking Ceremony @ Senja Close
ULXD2#09,Shure,ULXD2 [L50],2NK0771081-01,Handheld Microphone,,,,,,False,False,False,False,False,1,,AX,Store,NSBA Rooftop Opening Ceremony @ Temple
ULXD2#10,Shure,ULXD2 [L50],2PK2362922,Handheld Microphone,,,,,,False,False,False,False,False,1,,AX,Store,NSBA Ground Breaking Ceremony @ Senja Close
ULXD2#11,Shure,ULXD2 [L50],2RC0141727,Handheld Microphone,,,,,,False,False,False,False,False,1,"[{""date"":""2025/06/21"",""user"":""bnjm2000"",""description"":""Battery prong dropped out, unable to turn on (Wedding of Jeremy and Julia @ The Pyramid Club)"",""type"":""Fault"",""cost"":"""",""changes"":[{""kind"":""location"",""value"":""Store""},{""kind"":""ooc"",""action"":""marked""}],""source"":{}},{""date"":""2025/07/10"",""user"":""bnjm2000"",""description"":""Sent to E&E for service."",""type"":""General"",""cost"":"""",""changes"":[{""kind"":""location"",""value"":""E&E""}],""source"":{}},{""date"":""2025/09/11"",""user"":""bnjm2000"",""description"":""Replace battery pin $5\nReplace rubber slot $5\nService charge $60"",""type"":""Repair"",""cost"":""70.00"",""changes"":[{""kind"":""location"",""value"":""E&E""},{""kind"":""ooc"",""action"":""cleared""}],""source"":{}},{""date"":""2025/11/12"",""user"":""bnjm2000"",""description"":""Collected back from E&E."",""type"":""General"",""cost"":"""",""changes"":[{""kind"":""location"",""value"":""Store""}],""source"":{}}]",AX,Store,Store
ULXD2#12,Shure,ULXD2 [L50],2NK0771082-01,Handheld Microphone,,,,,,False,False,False,False,False,1,,AX,Store,Store
ULXD2#13,Shure,ULXD2 [G52],3CC16144846,Handheld Microphone,2023-08-14,,,,,False,False,False,False,False,1,,AX,Store,Store
ULXD2#14,Shure,ULXD2 [G52],3CC16144872,Handheld Microphone,2023-08-14,,,,,False,False,False,False,False,1,,AX,Store,Store
ULXD2#15,Shure,ULXD2 [G52],3CC16145063,Handheld Microphone,2023-08-14,,,,,False,False,False,False,False,1,,AX,Store,Store
ULXD2#16,Shure,ULXD2 [G52],3CC16145013,Handheld Microphone,2023-08-14,,,,,False,False,False,False,False,1,,AX,Store,Store
ULXD2#17,Shure,ULXD2 [G52],3CC16145099,Handheld Microphone,2023-08-14,,,,,False,False,False,False,False,1,,AX,Store,Store
ULXD2#18,Shure,ULXD2 [G52],3CC16145049,Handheld Microphone,2023-08-14,,,,,False,False,False,False,False,1,,AX,Store,Store
ULXD4D#01,Shure,ULXD4D [L50],,Dual Channel Receiver,,,,,,False,False,False,False,False,1,,AX,Store,NSBA Ground Breaking Ceremony @ Senja Close
ULXD4D#02,Shure,ULXD4D [L50],,Dual Channel Receiver,,,,,,False,False,False,False,False,1,,AX,Store,
ULXD4D#03,Shure,ULXD4D [L50],,Dual Channel Receiver,,,,,,False,False,False,False,False,1,,AX,Store,Store
ULXD4D#04,Shure,ULXD4D [L50],,Dual Channel Receiver,,,,,,False,False,False,False,False,1,,AX,Store,NSBA Rooftop Opening Ceremony @ Temple
ULXD4D#05,Shure,ULXD4D [G52],3BH26487024,Dual Channel Receiver,2023-08-14,,,,,False,False,False,False,False,1,,AX,Store,Store
ULXD4D#06,Shure,ULXD4D [G52],3BH26487098,Dual Channel Receiver,2023-08-14,,,,,False,False,False,False,False,1,,AX,Store,Store
ULXD4Q#01,Shure,ULXD4Q [L50],,Quad Channel Receiver,,,,,,False,False,False,False,False,1,,AX,Store,NSBA Ground Breaking Ceremony @ Senja Close
ULXD4Q#02,Shure,ULXD4Q [G52],3BF11462545,Quad Channel Receiver,2023-08-14,,,,,False,False,False,False,False,1,,AX,Store,Store
ULXD4Q#03,Shure,ULXD4Q [G52],3BF11462711,Quad Channel Receiver,2023-08-14,,,,,False,False,False,False,False,1,,AX,Store,Store
WL184#01,Shure,WL184,,supercardioid condenser lavalier microphone,,,,,,False,False,False,False,False,1,,AX,Store,
WL184#02,Shure,WL184,,supercardioid condenser lavalier microphone,,,,,,False,False,False,False,False,1,,AX,Store,
WL184#03,Shure,WL184,,supercardioid condenser lavalier microphone,,,,,,False,False,False,False,False,1,,AX,Store,
WL184#04,Shure,WL184,,supercardioid condenser lavalier microphone,,,,,,False,False,False,False,False,1,,AX,Store,
WL184#05,Shure,WL184,,supercardioid condenser lavalier microphone,,,,,,False,False,False,False,False,1,,AX,Store,
WL184#06,Shure,WL184,,supercardioid condenser lavalier microphone,,,,,,False,False,False,False,False,1,,AX,Store,
TALENTCELL#01,TalentCell,YB1208300-USB,20240527001,Lithuim ion battery pack,,,,,,False,False,False,False,False,1,,AX,Store,
TALENTCELL#02,TalentCell,YB1208300-USB,20240527002,Lithuim ion battery pack,,,,,,False,False,False,False,False,1,,AX,Store,
TALENTCELL#03,TalentCell,YB1208300-USB,20240527003,Lithuim ion battery pack,,,,,,False,False,False,False,False,1,,AX,Store,
TALENTCELL#04,TalentCell,YB1208300-USB,20240527004,Lithuim ion battery pack,,,,,,False,False,False,False,False,1,,AX,Store,
TALENTCELL#06,TalentCell,YB1208300-USB,20240527006,Lithuim ion battery pack,,,,,,False,False,False,False,False,1,,AX,Store,
TALENTCELL#07,TalentCell,YB1208300-USB,20240527007,Lithuim ion battery pack,,,,,,False,False,False,False,False,1,,AX,Store,
TALENTCELL#08,TalentCell,YB1208300-USB,20240527008,Lithuim ion battery pack,,,,,,False,False,False,False,False,1,,AX,Store,
IP1000#01,Turbosound,IP1000,S231100118DCW,Powered Column Loudspeaker,,,,,,False,False,False,False,False,1,,AX,Store,Store
IP1000#02,Turbosound,IP1000,S231100129DCW,Powered Column Loudspeaker,,,,,,False,False,False,False,False,1,,AX,Store,Store
IP1000#03,Turbosound,IP1000,S211200024DCW,Powered Column Loudspeaker,,,,,,False,False,False,False,False,1,,AX,Store,Store
IP1000#04,Turbosound,IP1000,S231100119DCW,Powered Column Loudspeaker,,,,,,False,False,False,False,False,1,,AX,Store,Store
IP1000#05,Turbosound,IP1000,S211200022DCW,Powered Column Loudspeaker,,,,,,False,False,False,False,False,1,,AX,Store,NSBA Rooftop Opening Ceremony @ Temple
IP1000#06,Turbosound,IP1000,S231100120DCW,Powered Column Loudspeaker,,,,,,False,False,False,False,False,1,,AX,Store,NSBA Rooftop Opening Ceremony @ Temple
IP1000#07,Turbosound,IP1000,S231100118DCW,Powered Column Loudspeaker,,,,,,False,False,False,False,False,1,,AX,Store,NSBA Rooftop Opening Ceremony @ Temple
IP1000#08,Turbosound,IP1000,S231100125DCW,Powered Column Loudspeaker,,,,,,False,False,False,False,False,1,,AX,Store,NSBA Rooftop Opening Ceremony @ Temple
K&M STAND #01,K&M,214/6,,Aluminium Speaker Stand,,,,,,False,False,False,False,False,1,,AX,Store,
VERSA STAND #01,Versa,,,Light duty Speaker stand,,,,,,False,False,False,False,False,1,,AX,Store,
VERSA STAND #02,Versa,,,Light duty Speaker stand,,,,,,False,False,False,False,False,1,,AX,Store,
VERSA STAND #03,Versa,,,Light duty Speaker stand,,,,,,False,False,False,False,False,1,,AX,Store,
VERSA STAND #04,Versa,,,Light duty Speaker stand,,,,,,False,False,False,False,False,1,,AX,Store,
VERSA STAND #05,Versa,,,Light duty Speaker stand,,,,,,False,False,False,False,False,1,,AX,Store,
VERSA STAND #06,Versa,,,Light duty Speaker stand,,,,,,False,False,False,False,False,1,,AX,Store,
WARWICK STAND #01,Warwick,RS28400B,,Hand Crank Speaker Stand,,,,,,False,False,False,False,False,1,,AX,Store,
WARWICK STAND #02,Warwick,RS28400B,,Hand Crank Speaker Stand,,,,,,False,False,False,False,False,1,,AX,Store,
CL5#01,Yamaha,CL5,WTASK01015,Digital Mixer,,,,,,False,False,False,False,False,1,"[{""date"":""2024/09/12"",""user"":""bnjm2000"",""description"":""Sent into Yamaha for fader servicing, sometimes get stuck"",""type"":""Fault"",""cost"":"""",""changes"":[{""kind"":""location"",""value"":""Yamaha Service Center""},{""kind"":""degraded"",""action"":""marked""}],""source"":{}},{""date"":""2024/10/22"",""user"":""bnjm2000"",""description"":""Replaced faulty faders: CH 1-8, 9-16, Centralogic CH 7,8 ($684) Service fee ($369.73)"",""type"":""Repair"",""cost"":""1053.73"",""changes"":[{""kind"":""location"",""value"":""Yamaha Service Center""},{""kind"":""degraded"",""action"":""cleared""}],""source"":{}},{""date"":""2025/01/16"",""user"":""bnjm2000"",""description"":""Unable to connect to dante network (Dante Module Error) (Wedding of Benjamin and Rachel @ Ritz Garden Pavilion)"",""type"":""Fault"",""cost"":"""",""changes"":[{""kind"":""ooc"",""action"":""marked""}],""source"":{}},{""date"":""2025/01/17"",""user"":""bnjm2000"",""description"":""Sent in to Yamaha for repairs"",""type"":""General"",""cost"":"""",""changes"":[{""kind"":""location"",""value"":""Yamaha Service Center""}],""source"":{}},{""date"":""2025/02/06"",""user"":""bnjm2000"",""description"":""Replaced Dante Module ($631)\nReplaced DNTU PCB ($672)\nReplaced FFC Cable ($10)\nService fee ($FOC)"",""type"":""Repair"",""cost"":""1313.00"",""changes"":[{""kind"":""location"",""value"":""Yamaha Service Center""},{""kind"":""ooc"",""action"":""cleared""}],""source"":{}},{""date"":""2025/02/13"",""user"":""bnjm2000"",""description"":""Dante clock suddenly unlocked and could not lock back, phantom noise on both inputs and outputs\n(Wedding of Aim and Singhis @ TCP)"",""type"":""Fault"",""cost"":"""",""changes"":[{""kind"":""location"",""value"":""Yamaha Service Center""},{""kind"":""ooc"",""action"":""marked""}],""source"":{}},{""date"":""2025/02/27"",""user"":""bnjm2000"",""description"":""Replaced DSP PCB ($1011)\nService Fee ($FOC)"",""type"":""Repair"",""cost"":""1011.00"",""changes"":[{""kind"":""location"",""value"":""Yamaha Service Center""},{""kind"":""ooc"",""action"":""cleared""}],""source"":{}}]",AX,Store,Store
DM3#01,Yamaha,DM3,BGDK01029,Digital Mixer,,,,,,False,False,False,False,False,1,"[{""date"":""2024/09/04"",""user"":""bnjm2000"",""description"":""Reported cannot power on from Niche AV"",""type"":""Fault"",""cost"":"""",""changes"":[{""kind"":""ooc"",""action"":""marked""}],""source"":{}},{""date"":""2024/09/12"",""user"":""bnjm2000"",""description"":""sent to Yamaha for servicing"",""type"":""General"",""cost"":"""",""changes"":[{""kind"":""location"",""value"":""Yamaha Service Center""}],""source"":{}},{""id"":""aa949314733851ebecb268de"",""date"":""2024/10/24"",""user"":""bnjm2000"",""description"":""Replaced PCB (report no. PA842034) $586.84 (FOC, under warranty)"",""type"":""Repair"",""cost"":""0.00"",""changes"":[{""kind"":""location"",""value"":""Yamaha Service Center""},{""kind"":""ooc"",""action"":""cleared""}],""source"":{}},{""date"":""2024/11/07"",""user"":""bnjm2000"",""description"":""Collected from Yamaha"",""type"":""General"",""cost"":"""",""changes"":[{""kind"":""location"",""value"":""Store""}],""source"":{}}]",AX,Store,Store
DM3#02,Yamaha,DM3,BGDI01076,Digital Mixer,,,,,,False,False,False,False,False,1,,AX,Store,NSBA Rooftop Opening Ceremony @ Temple
DM7#01,Yamaha,DM7,21EGEI01036,Digital Mixer,2024-03-11,,,,,False,False,False,False,False,1,,AX,Store,Store
DXR8#01,Yamaha,DXR8,EESM01180,"Active 8"" Speaker",,,,,,False,False,False,False,False,1,,AX,Store,Store
DXR10#01,Yamaha,DXR10,EESX01317,"Active 10"" Speaker",,,,,,False,False,False,False,False,1,,AX,Store,Store
DXR10#02,Yamaha,DXR10,EEZP01075,"Active 10"" Speaker",,,,,,False,False,False,False,False,1,,AX,Store,Store
DXR10#03,Yamaha,DXR10,EERY01349,"Active 10"" Speaker",,,,,,False,False,False,False,False,1,,AX,Store,Store
DXR10#04,Yamaha,DXR10,EEZP02127,"Active 10"" Speaker",,,,,,False,False,False,False,False,1,,AX,Store,Store
DXR12#01,Yamaha,DXR12,EETK01327,"Active 12"" Speaker",,,,,,False,False,False,False,False,1,"[{""date"":""2023/07/26"",""user"":""bnjm2000"",""description"":""repaired"",""type"":""Repair"",""cost"":"""",""changes"":[],""source"":{}},{""date"":""2023/08/05"",""user"":""bnjm2000"",""description"":""dropped from ledge, distorting (Siong Leng Musical Association @ Thian Hock Keng Temple)"",""type"":""Fault"",""cost"":"""",""changes"":[{""kind"":""ooc"",""action"":""marked""}],""source"":{}},{""date"":""2024/09/12"",""user"":""bnjm2000"",""description"":""sent to Yamaha for servicing"",""type"":""General"",""cost"":"""",""changes"":[{""kind"":""location"",""value"":""Yamaha Service Center""}],""source"":{}},{""date"":""2024/10/22"",""user"":""bnjm2000"",""description"":""Replace fan - $18\nTechnical charges - $122.94"",""type"":""Repair"",""cost"":""140.94"",""changes"":[{""kind"":""location"",""value"":""Yamaha Service Center""},{""kind"":""ooc"",""action"":""cleared""}],""source"":{}},{""date"":""2024/12/31"",""user"":""bnjm2000"",""description"":""Sent back to Yamaha for servicing as woofer was still distorting."",""type"":""Fault"",""cost"":"""",""changes"":[{""kind"":""location"",""value"":""Yamaha Service Center""},{""kind"":""ooc"",""action"":""marked""}],""source"":{}},{""date"":""2025/01/10"",""user"":""bnjm2000"",""description"":""Collected from Yamaha, replaced woofer - $185"",""type"":""Repair"",""cost"":""185.00"",""changes"":[{""kind"":""location"",""value"":""Yamaha Service Center""},{""kind"":""ooc"",""action"":""cleared""}],""source"":{}}]",AX,Store,Yamaha Service Center
DXR12#02,Yamaha,DXR12,EETK01364,"Active 12"" Speaker",,,,,,False,False,False,False,False,1,,AX,Store,Dry Hire: Avery Events
DXR12#03,Yamaha,DXR12,EEUN01647,"Active 12"" Speaker",,,,,,False,False,False,False,False,1,,AX,Store,Dry Hire: Avery Events
DXR12#04,Yamaha,DXR12,EEUN01668,"Active 12"" Speaker",,,,,,False,False,True,False,False,1,"[{""date"":""2026/05/12"",""user"":""bnjm2000"",""description"":""Fan not working, will overheat and go into Protect Mode (130: Dry Hire: Avery Events)"",""type"":""Fault"",""cost"":"""",""changes"":[{""kind"":""degraded"",""action"":""marked""}],""source"":{}}]",AX,Store,Dry Hire: Avery Events
DXR12#05,Yamaha,DXR12,EEUN01679,"Active 12"" Speaker",,,,,,False,False,False,False,False,1,,AX,Store,Dry Hire: Avery Events
DXR12#06,Yamaha,DXR12,EEUY01020,"Active 12"" Speaker",,,,,,False,False,False,False,False,1,,AX,Store,Dry Hire: Avery Events
MG06#01,Yamaha,MG06,,6-Channel Analog Mixing Console with FX,,,,,,False,False,False,False,False,1,,AX,Store,Store
MG12XU#01,Yamaha,MG12XU,,12-Channel Analog Mixing Console with FX,,,,,,False,False,False,False,False,1,,AX,Store,Store
MG12XU#02,Yamaha,MG12XU,,12-Channel Analog Mixing Console with FX,,,,,,False,False,False,False,False,1,,AX,Store,
MG10#01,Yamaha,MG10,ECWH01433,10-Channel Analogue Mixer,,,,,,False,False,False,False,False,1,,AX,Store,Store
MG124CX#01,Yamaha,MG124CX,,12-Input Stereo Mixer with Compression and Effects,,,,,,False,False,False,False,False,1,,AX,Store,
MG124CX#02,Yamaha,MG124CX,,12-Input Stereo Mixer with Compression and Effects,,,,,,False,False,False,False,False,1,,AX,Store,
QL1#01,Yamaha,QL1,WTAUM01016,Digital Mixer,,,,,,False,False,False,False,False,1,,AX,Store,Store
QL1#02,Yamaha,QL1,EAXP01044,Digital Mixer,,,,,,False,False,False,False,False,1,,AX,Store,NSBA Ground Breaking Ceremony @ Senja Close
QL5#01,Yamaha,QL5,,Digital Mixer,,,,,,False,False,False,False,False,1,,AX,Store,Store
RO8-D #01,Yamaha,Ro8-d,,8-channel Remote Output Rack,,,,,,False,False,False,False,False,1,,AX,Store,Store
RIO1608-D #01,Yamaha,Rio1608-d,,High Performance I/O Rack,,,,,,False,False,False,False,False,1,"[{""date"":""2024/11/13"",""user"":""bnjm2000"",""description"":""2024/11/13 - Updated firmware version to v5.80"",""type"":""Update"",""cost"":"""",""changes"":[],""source"":{}}]",AX,Store,Store
RIO1608-D2 #01,Yamaha,Rio1608-d2,EEYP01258,High Performance I/O Rack,,,,,,False,False,False,False,False,1,"[{""date"":""2024/11/13"",""user"":""bnjm2000"",""description"":""2024/11/13 - Updated firmware version to v1.85"",""type"":""Update"",""cost"":"""",""changes"":[],""source"":{}}]",AX,Store,Store
RIO3224-D #01,Yamaha,Rio3224-d,,High Performance I/O Rack,,,,,,False,False,False,False,False,1,"[{""date"":""2024/11/13"",""user"":""bnjm2000"",""description"":""2024/11/13 - Updated firmware to v5.80"",""type"":""Update"",""cost"":"""",""changes"":[],""source"":{}},{""date"":""2026/03/27"",""user"":""bnjm2000"",""description"":""Channel 14 reported softer than the rest by T2, Dol operator. (Dry Rental: SCM)"",""type"":""Fault"",""cost"":"""",""changes"":[],""source"":{}}]",AX,Store,Dry Hire: Avery Events
RIO3224-D #02,Yamaha,Rio3224-d,,High Performance I/O Rack,,,,,,False,False,False,False,False,1,"[{""date"":""2024/11/13"",""user"":""bnjm2000"",""description"":""2024/11/13 - Updated firmware to v5.80"",""type"":""Update"",""cost"":"""",""changes"":[],""source"":{}}]",AX,Store,Store
RIO3224-D2 #01,Yamaha,Rio3224-d2,EEDX01062,High Performance I/O Rack,2024-03-11,,,,,False,False,False,False,False,1,"[{""date"":""2024/11/13"",""user"":""bnjm2000"",""description"":""2024/11/13 - Updated firmware to v1.85"",""type"":""Update"",""cost"":"""",""changes"":[],""source"":{}}]",AX,Store,Store
SBC800#01,Shure,SBC800,,8-bay battery charger,2024-12-05,,,,,False,False,False,False,False,1,,AX,Store,
SB900#01,Shure,SB900,,Rechargeable Battery,,,,,,False,False,False,False,False,1,,AX,Store,
SB900#02,Shure,SB900,,Rechargeable Battery,,,,,,False,False,False,False,False,1,,AX,Store,
SB900#03,Shure,SB900,,Rechargeable Battery,,,,,,False,False,False,False,False,1,,AX,Store,
SB900#04,Shure,SB900,,Rechargeable Battery,,,,,,False,False,False,False,False,1,,AX,Store,
SB900#05,Shure,SB900,,Rechargeable Battery,,,,,,False,False,False,False,False,1,,AX,Store,
SB900#06,Shure,SB900,,Rechargeable Battery,,,,,,False,False,False,False,False,1,,AX,Store,
SB900#07,Shure,SB900,,Rechargeable Battery,,,,,,False,False,False,False,False,1,,AX,Store,
SB900#08,Shure,SB900,,Rechargeable Battery,,,,,,False,False,False,False,False,1,,AX,Store,
SB900#09,Shure,SB900,,Rechargeable Battery,,,,,,False,False,False,False,False,1,,AX,Store,
SB900#10,Shure,SB900,,Rechargeable Battery,,,,,,False,False,False,False,False,1,,AX,Store,
FURMAN#01,FURMAN,M-10LX E,,Power Conditioner and distributor,,,,,,False,False,False,False,False,1,,AX,Store,Store
FURMAN#02,FURMAN,M-10LX E,,Power Conditioner and distributor,,,,,,False,False,False,False,False,1,,AX,Store,
FURMAN#03,FURMAN,M-10LX E,,Power Conditioner and distributor,,,,,,False,False,False,False,False,1,,AX,Store,
FURMAN#04,FURMAN,M-10LX E,,Power Conditioner and distributor,,,,,,False,False,False,False,False,1,,AX,Store,
UA845UWB#01,Shure,UA845UWB,,Antenna and power distributor,,,,,,False,False,False,False,False,1,,AX,Store,Store
UA845#01,Shure,UA845,2AL11380223,UHF Antenna Distribution System,,,,,,False,False,False,False,False,1,,AX,Store,
UA874WB#01,Shure,UA874WB,,Directional Antenna,,,,,,False,False,False,False,False,1,,AX,Store,Store
UA874WB#02,Shure,UA874WB,,Directional Antenna,,,,,,False,False,False,False,False,1,,AX,Store,Store
COMPACTXT#01,GrandMA3,Compact XT,1542000000-101464,Console,,,,,,False,False,False,False,False,1,,LX,Store,Store
PEARL2010#01,Avolites,Pearl 2010,,Console,,,,,,False,False,False,False,False,1,,LX,Store,
TIGERTOUCH2#01,Avolites,Tiger Touch 2,,Console,,,,,,False,False,False,False,False,1,,LX,Store,Store
QUARTZ#01,Avolites,Quartz,QTZHS23122602C,Console,,,,,,False,False,False,False,False,1,,LX,Store,Store
QUARTZ#02,Avolites,Quartz,QTZHS23122701C,Console,,,,,,False,False,False,False,False,1,,LX,Store,Store
ESPRITE#01,Robe,ESPRITE,S2200820358,Profile LED,,,,,,False,False,False,False,False,1,"[{""id"":""79cef6e37ab754d92eaac0a2"",""date"":""2026/03/27"",""user"":""bnjm2000"",""description"":""Operator Ah Heng reported gobo rotate will stutter"",""type"":""Fault"",""cost"":"""",""changes"":[{""kind"":""degraded"",""action"":""marked""}],""source"":{}},{""date"":""2026/04/01"",""user"":""bnjm2000"",""description"":""Dean checked and discovered gobo holder feels sandy. Robe failed to repair - ordered new part."",""type"":""Fault"",""cost"":"""",""changes"":[],""source"":{}},{""id"":""7448317eb6d3394a3e0601d1"",""date"":""2026/05/19"",""user"":""cjamie"",""description"":""Gobo holder replaced"",""type"":""Repair"",""cost"":"""",""changes"":[{""kind"":""degraded"",""action"":""cleared""}],""source"":{}}]",LX,Store,
ESPRITE#02,Robe,ESPRITE,S2200820724,Profile LED,,,,,,False,False,False,False,False,1,,LX,Store,Store
ESPRITE#03,Robe,ESPRITE,S2200821218,Profile LED,,,,,,False,False,False,False,False,1,"[{""date"":""2026/01/23"",""user"":""bnjm2000"",""description"":""Jacky reported rust on motor, cleaned off."",""type"":""Fault"",""cost"":"""",""changes"":[],""source"":{}}]",LX,Store,Store
ESPRITE#04,Robe,ESPRITE,S2200821219,Profile LED,,,,,,False,False,False,False,False,1,,LX,Store,Store
ESPRITE#05,Robe,ESPRITE,S2300894821,Profile LED,,,,,,False,False,False,False,False,1,,LX,Store,Store
ESPRITE#06,Robe,ESPRITE,S2300894837,Profile LED,,,,,,False,False,False,False,False,1,,LX,Store,Store
ESPRITE#07,Robe,ESPRITE,S2300894861,Profile LED,,,,,,False,False,False,False,False,1,,LX,Store,
ESPRITE#08,Robe,ESPRITE,S2300894865,Profile LED,,,,,,False,False,False,False,False,1,,LX,Store,
ESPRITE#09,Robe,ESPRITE,S2300894866,Profile LED,,,,,,False,False,False,False,False,1,,LX,Store,Store
ESPRITE#10,Robe,ESPRITE,S2300894867,Profile LED,,,,,,False,False,False,False,False,1,,LX,Store,Store
ESPRITE#11,Robe,ESPRITE,S2300894868,Profile LED,,,,,,False,False,False,False,False,1,,LX,Store,Store
ESPRITE#12,Robe,ESPRITE,S2300894869,Profile LED,,,,,,False,False,False,False,False,1,,LX,Store,Store
ESPRITE#13,Robe,ESPRITE,S2400923592,Profile LED,,,,,,False,False,False,False,False,1,,LX,Store,Store
ESPRITE#14,Robe,ESPRITE,S2400923593,Profile LED,,,,,,False,False,False,False,False,1,,LX,Store,Store
ESPRITE#15,Robe,ESPRITE,S2400923594,Profile LED,,,,,,False,False,False,False,False,1,,LX,Store,
ESPRITE#16,Robe,ESPRITE,S2400923595,Profile LED,,,,,,False,False,False,False,False,1,,LX,Store,
ESPRITE#17,Robe,ESPRITE,S2400924705,Profile LED,,,,,,False,False,False,False,False,1,,LX,Store,Store
ESPRITE#18,Robe,ESPRITE,S2400924706,Profile LED,,,,,,False,False,False,False,False,1,,LX,Store,Store
ESPRITE#19,Robe,ESPRITE,S2400924709,Profile LED,,,,,,False,False,False,False,False,1,,LX,Store,Store
ESPRITE#20,Robe,ESPRITE,S2400924710,Profile LED,,,,,,False,False,False,False,False,1,,LX,Store,Store
ESPRITE#21,Robe,ESPRITE,S2400924711,Profile LED,,,,,,False,False,False,False,False,1,,LX,Store,Store
ESPRITE#22,Robe,ESPRITE,S2400924712,Profile LED,,,,,,False,False,False,False,False,1,,LX,Store,Store
ESPRITE#23,Robe,ESPRITE,S2400924713,Profile LED,,,,,,False,False,False,False,False,1,,LX,Store,Store
ESPRITE#24,Robe,ESPRITE,S2400924714,Profile LED,,,,,,False,False,False,False,False,1,,LX,Store,Store
LEDBEAM#01,Robe,Robin LEDBeam 350 Wash,2300840058,Wash LED,,,,,,False,False,False,False,False,1,,LX,Store,Store
LEDBEAM#02,Robe,Robin LEDBeam 350 Wash,2300840052,Wash LED,,,,,,False,False,False,False,False,1,,LX,Store,Store
LEDBEAM#03,Robe,Robin LEDBeam 350 Wash,2300840055,Wash LED,,,,,,False,False,False,False,False,1,,LX,Store,Store
LEDBEAM#04,Robe,Robin LEDBeam 350 Wash,2300877279,Wash LED,,,,,,False,False,False,False,False,1,"[{""date"":""2026/01/24"",""user"":""bnjm2000"",""description"":""Unit became unresponsive mid-show (STPI Symposium @ 72-13)"",""type"":""Fault"",""cost"":"""",""changes"":[{""kind"":""ooc"",""action"":""marked""}],""source"":{}},{""date"":""2026/01/28"",""user"":""bnjm2000"",""description"":""Sent in to Robe Service Centre for servicing"",""type"":""General"",""cost"":"""",""changes"":[{""kind"":""location"",""value"":""Robe Service Centre""}],""source"":{}},{""date"":""2026/02/23"",""user"":""bnjm2000"",""description"":""Ticket Number: TT629:\n\n13020118-01 Power Supply Delta PJL-48V400WBAAR parallel/LLC ($217.69)\n17030874 Air filter 80x52mm ($0.34)\nS-INHADHOC Service Inhouse (Adhoc) ($150)\nTotal SGD 401.15 (incl GST)"",""type"":""Repair"",""cost"":""401.15"",""changes"":[],""source"":{}},{""date"":""2026/04/01"",""user"":""bnjm2000"",""description"":""Collected back from Robe"",""type"":""General"",""cost"":"""",""changes"":[{""kind"":""location"",""value"":""Store""},{""kind"":""ooc"",""action"":""cleared""},{""kind"":""missing"",""action"":""cleared""}],""source"":{}}]",LX,Store,Store
LEDBEAM#05,Robe,Robin LEDBeam 350 Wash,2300877292,Wash LED,,,,,,False,False,False,False,False,1,,LX,Store,Store
LEDBEAM#06,Robe,Robin LEDBeam 350 Wash,2300840057,Wash LED,,,,,,False,False,False,False,False,1,,LX,Store,Store
LEDBEAM#07,Robe,Robin LEDBeam 350 Wash,2300840405,Wash LED,,,,,,False,False,False,False,False,1,,LX,Store,Store
LEDBEAM#08,Robe,Robin LEDBeam 350 Wash,2300840053,Wash LED,,,,,,False,False,False,False,False,1,,LX,Store,Store
LEDBEAM#09,Robe,Robin LEDBeam 350 Wash,2300840065,Wash LED,,,,,,False,False,False,False,False,1,,LX,Store,Store
LEDBEAM#10,Robe,Robin LEDBeam 350 Wash,2300840399,Wash LED,,,,,,False,False,False,False,False,1,,LX,Store,Store
LEDBEAM#11,Robe,Robin LEDBeam 350 Wash,2300840404,Wash LED,,,,,,False,False,False,False,False,1,,LX,Store,Store
LEDBEAM#12,Robe,Robin LEDBeam 350 Wash,2300840401,Wash LED,,,,,,False,False,False,False,False,1,,LX,Store,Store
LEDBEAM#13,Robe,Robin LEDBeam 350 Wash,2300840396,Wash LED,,,,,,False,False,False,False,False,1,,LX,Store,Store
LEDBEAM#14,Robe,Robin LEDBeam 350 Wash,2300840051,Wash LED,,,,,,False,False,False,False,False,1,,LX,Store,Store
LEDBEAM#15,Robe,Robin LEDBeam 350 Wash,2300877277,Wash LED,,,,,,False,False,False,False,False,1,"[{""date"":""2025/04/04"",""user"":""bnjm2000"",""description"":""Intermittent can't power up\nReplaced power supply - $217.69 (but FOC)"",""type"":""Repair"",""cost"":""0.00"",""changes"":[],""source"":{}}]",LX,Store,Store
LEDBEAM#16,Robe,Robin LEDBeam 350 Wash,2300877284,Wash LED,,,,,,False,False,False,False,False,1,,LX,Store,Store
LEDBEAM#17,Robe,Robin LEDBeam 350 Wash,2300877283,Wash LED,,,,,,False,False,False,False,False,1,"[{""date"":""2025/04/04"",""user"":""bnjm2000"",""description"":""Intermittent can't power up\nReplaced power supply - $217.69 (but FOC)"",""type"":""Repair"",""cost"":""0.00"",""changes"":[],""source"":{}}]",LX,Store,Store
LEDBEAM#18,Robe,Robin LEDBeam 350 Wash,2300877278,Wash LED,,,,,,False,False,False,False,False,1,,LX,Store,Store
LEDBEAM#19,Robe,Robin LEDBeam 350 Wash,2300840054,Wash LED,,,,,,False,False,False,False,False,1,,LX,Store,Store
LEDBEAM#20,Robe,Robin LEDBeam 350 Wash,2300877265,Wash LED,,,,,,False,False,False,False,False,1,,LX,Store,Store
LEDBEAM#21,Robe,Robin LEDBeam 350 Wash,2300840400,Wash LED,,,,,,False,False,False,False,False,1,"[{""date"":""2025/04/04"",""user"":""bnjm2000"",""description"":""Intermittent can't power up\nReplaced power supply - $217.69 (but FOC)"",""type"":""Repair"",""cost"":""0.00"",""changes"":[],""source"":{}}]",LX,Store,Store
LEDBEAM#22,Robe,Robin LEDBeam 350 Wash,2300840398,Wash LED,,,,,,False,False,False,False,False,1,"[{""date"":""2025/04/04"",""user"":""bnjm2000"",""description"":""Intermittent can't power up\nReplaced power supply - $217.69 (but FOC)"",""type"":""Repair"",""cost"":""0.00"",""changes"":[],""source"":{}}]",LX,Store,Store
LEDBEAM#23,Robe,Robin LEDBeam 350 Wash,2300077264,Wash LED,,,,,,False,False,False,False,False,1,"[{""date"":""2025/04/04"",""user"":""bnjm2000"",""description"":""Intermittent can't power up\nReplaced power supply - $217.69 (but FOC)"",""type"":""Repair"",""cost"":""0.00"",""changes"":[],""source"":{}}]",LX,Store,Store
LEDBEAM#24,Robe,Robin LEDBeam 350 Wash,2300840397,Wash LED,,,,,,False,False,False,False,False,1,"[{""date"":""2025/04/04"",""user"":""bnjm2000"",""description"":""Intermittent can't power up\nReplaced power supply - $217.69 (but FOC)"",""type"":""Repair"",""cost"":""0.00"",""changes"":[],""source"":{}}]",LX,Store,Store
DIABLO#01,Ayrton,Diablo (W.DMX),DB2935040,Profile LED,,,,,,False,False,False,False,False,1,,LX,Store,Store
DIABLO#02,Ayrton,Diablo (W.DMX),DB2935047,Profile LED,,,,,,False,False,False,False,False,1,"[{""date"":""2025/05/25"",""user"":""bnjm2000"",""description"":""Discovered fan error (Wedding of Micheal and Cindy)"",""type"":""Fault"",""cost"":"""",""changes"":[{""kind"":""location"",""value"":""Total Solutions""},{""kind"":""ooc"",""action"":""marked""}],""source"":{}},{""date"":""2025/06/05"",""user"":""bnjm2000"",""description"":""Sent to TSM, reset connector tested okay - $80"",""type"":""Repair"",""cost"":""80.00"",""changes"":[{""kind"":""location"",""value"":""Store""},{""kind"":""ooc"",""action"":""cleared""}],""source"":{}}]",LX,Store,Store
DIABLO#03,Ayrton,Diablo (W.DMX),DB2935098,Profile LED,,,,,,False,False,False,False,False,1,,LX,Store,Store
DIABLO#04,Ayrton,Diablo (W.DMX),DB2935016,Profile LED,,,,,,False,False,False,False,False,1,,LX,Store,Store
DIABLO#05,Ayrton,Diablo (W.DMX),DB2953048,Profile LED,,,,,,False,False,False,False,False,1,,LX,Store,Store
DIABLO#06,Ayrton,Diablo (W.DMX),DB2935001,Profile LED,,,,,,False,False,False,False,False,1,,LX,Store,Store
DIABLO#07,Ayrton,Diablo (W.DMX),DB2935033,Profile LED,,,,,,False,False,False,False,False,1,,LX,Store,Store
DIABLO#08,Ayrton,Diablo (W.DMX),DB2935002,Profile LED,,,,,,False,False,False,False,False,1,,LX,Store,Store
DIABLO#09,Ayrton,Diablo (W.DMX),DB2935036,Profile LED,,,,,,False,False,False,False,False,1,,LX,Store,Store
DIABLO#10,Ayrton,Diablo (W.DMX),DB2935057,Profile LED,,,,,,False,False,False,False,False,1,"[{""date"":""2025/06/05"",""user"":""bnjm2000"",""description"":""Replaced Pan/Tilt Board - $222.87"",""type"":""Repair"",""cost"":""222.87"",""changes"":[],""source"":{}}]",LX,Store,Store
DIABLO#11,Ayrton,Diablo (W.DMX),DB2935034,Profile LED,,,,,,False,False,False,False,False,1,"[{""date"":""2025/06/05"",""user"":""bnjm2000"",""description"":""Replaced Pan/Tilt board - $222.87\nCMY Driver Board - $195.84"",""type"":""Repair"",""cost"":""418.71"",""changes"":[],""source"":{}}]",LX,Store,Store
DIABLO#12,Ayrton,Diablo (W.DMX),DB2935019,Profile LED,,,,,,False,False,False,False,False,1,"[{""date"":""2025/06/05"",""user"":""bnjm2000"",""description"":""Replaced Pan/Tilt Board - $222.87"",""type"":""Repair"",""cost"":""222.87"",""changes"":[],""source"":{}}]",LX,Store,Store
DIABLO#13,Ayrton,Diablo Profile,DB5309007,Profile LED,,,,,,False,False,False,False,False,1,"[{""date"":""2025/06/30"",""user"":""Deano"",""description"":""Gobo error"",""type"":""Fault"",""cost"":"""",""changes"":[{""kind"":""ooc"",""action"":""marked""}],""source"":{}},{""date"":""2025/07/08"",""user"":""Deano"",""description"":""Repaired by Technician Dean"",""type"":""Repair"",""cost"":"""",""changes"":[{""kind"":""location"",""value"":""Store""},{""kind"":""ooc"",""action"":""cleared""}],""source"":{}}]",LX,Store,Store
DIABLO#14,Ayrton,Diablo Profile,DB5309023,Profile LED,,,,,,False,False,False,False,False,1,,LX,Store,Store
DIABLO#15,Ayrton,Diablo Profile,DB5309005,Profile LED,,,,,,False,False,False,False,False,1,"[{""date"":""2025/06/26"",""user"":""bnjm2000"",""description"":""Many error (Wedding of Micheal and Cindy)"",""type"":""Fault"",""cost"":"""",""changes"":[{""kind"":""ooc"",""action"":""marked""}],""source"":{}},{""date"":""2025/06/05"",""user"":""bnjm2000"",""description"":""Replaced Zoom/Focus Driver Board - $FOC"",""type"":""Repair"",""cost"":""0.00"",""changes"":[{""kind"":""ooc"",""action"":""cleared""}],""source"":{}}]",LX,Store,Store
DIABLO#16,Ayrton,Diablo Profile,DB5309027,Profile LED,,,,,,False,False,False,False,False,1,,LX,Store,Store
DIABLO#17,Ayrton,Diablo Profile,DB5309010,Profile LED,,,,,,False,False,False,False,False,1,,LX,Store,Store
DIABLO#18,Ayrton,Diablo Profile,DB5309016,Profile LED,,,,,,False,False,False,False,False,1,,LX,Store,Store
DIABLO#19,Ayrton,Diablo Profile,DB5309034,Profile LED,,,,,,False,False,False,False,False,1,,LX,Store,Store
DIABLO#20,Ayrton,Diablo Profile,DB5309017,Profile LED,,,,,,False,False,False,False,False,1,,LX,Store,Store
DIABLO#21,Ayrton,Diablo Profile,DB5309028,Profile LED,,,,,,False,False,False,False,False,1,,LX,Store,Store
DIABLO#22,Ayrton,Diablo Profile,DB5309015,Profile LED,,,,,,False,False,False,False,False,1,,LX,Store,Store
DIABLO#23,Ayrton,Diablo Profile,DB5309008,Profile LED,,,,,,False,False,False,False,False,1,"[{""id"":""3224828b0ab6e4470b512b11"",""date"":""2025/09/02"",""user"":""tjacky"",""description"":""Discovered screw thread rounded when doing cleaning"",""type"":""Fault"",""cost"":"""",""changes"":[],""source"":{}}]",LX,Store,
DIABLO#24,Ayrton,Diablo Profile,DB5309042,Profile LED,,,,,,False,False,False,False,False,1,,LX,Store,Store
PB#01,Astera,Pixel Brick,047-0312660,Batt LED Uplighters,2023-03-01,,,,,False,False,False,False,False,1,"[{""date"":""2024/12/05"",""user"":""feezahmnsr"",""description"":""2024/12/04 - Full Maintenance By TSM"",""type"":""General"",""cost"":"""",""changes"":[],""source"":{}},{""date"":""2026/04/13"",""user"":""bnjm2000"",""description"":""Updated to version V5.16.26"",""type"":""Update"",""cost"":"""",""changes"":[],""source"":{}}]",LX,Store,Store
PB#02,Astera,Pixel Brick,047-0312797,Batt LED Uplighters,2023-03-01,,,,,False,False,False,False,False,1,"[{""date"":""2024/12/05"",""user"":""feezahmnsr"",""description"":""2024/12/04 - Full Maintenance By TSM"",""type"":""General"",""cost"":"""",""changes"":[],""source"":{}},{""date"":""2025/08/12"",""user"":""bnjm2000"",""description"":""Screen messed up after charging"",""type"":""Fault"",""cost"":"""",""changes"":[{""kind"":""ooc"",""action"":""marked""}],""source"":{}},{""date"":""2025/08/14"",""user"":""bnjm2000"",""description"":""Sent in to Total Solutions"",""type"":""General"",""cost"":"""",""changes"":[{""kind"":""location"",""value"":""Total Solutions""}],""source"":{}},{""date"":""2025/08/27"",""user"":""bnjm2000"",""description"":""Replaced PB15 rear housing assembly, sent back to us by TSM"",""type"":""Repair"",""cost"":"""",""changes"":[{""kind"":""location"",""value"":""Store""},{""kind"":""ooc"",""action"":""cleared""},{""kind"":""missing"",""action"":""cleared""}],""source"":{}},{""date"":""2026/04/13"",""user"":""bnjm2000"",""description"":""Updated to version V5.16.26"",""type"":""Update"",""cost"":"""",""changes"":[],""source"":{}}]",LX,Store,Store
PB#03,Astera,Pixel Brick,047-0312711,Batt LED Uplighters,2023-03-01,,,,,False,False,False,False,False,1,"[{""date"":""2024/12/05"",""user"":""feezahmnsr"",""description"":""2024/12/04 - Full Maintenance By TSM"",""type"":""General"",""cost"":"""",""changes"":[],""source"":{}},{""date"":""2026/04/13"",""user"":""bnjm2000"",""description"":""Updated to version V5.16.26"",""type"":""Update"",""cost"":"""",""changes"":[],""source"":{}}]",LX,Store,Store
PB#04,Astera,Pixel Brick,047-0312670,Batt LED Uplighters,2023-03-01,,,,,False,False,False,False,False,1,"[{""date"":""2024/12/05"",""user"":""feezahmnsr"",""description"":""2024/12/04 - Full Maintenance By TSM"",""type"":""General"",""cost"":"""",""changes"":[],""source"":{}},{""date"":""2026/04/13"",""user"":""bnjm2000"",""description"":""Updated to version V5.16.26"",""type"":""Update"",""cost"":"""",""changes"":[],""source"":{}}]",LX,Store,Store
PB#05,Astera,Pixel Brick,047-0312685,Batt LED Uplighters,2023-03-01,,,,,False,False,False,False,False,1,"[{""date"":""2024/12/05"",""user"":""feezahmnsr"",""description"":""2024/12/04 - Full Maintenance By TSM"",""type"":""General"",""cost"":"""",""changes"":[],""source"":{}},{""date"":""2024/11/15"",""user"":""bnjm2000"",""description"":""Screen dim"",""type"":""Fault"",""cost"":"""",""changes"":[{""kind"":""ooc"",""action"":""marked""}],""source"":{}},{""date"":""2026/04/13"",""user"":""bnjm2000"",""description"":""Updated to version V5.16.26"",""type"":""Update"",""cost"":"""",""changes"":[],""source"":{}},{""date"":""2024/11/25"",""user"":""bnjm2000"",""description"":""Replaced PB15-HOU-BC - $0"",""type"":""Repair"",""cost"":""0.00"",""changes"":[{""kind"":""ooc"",""action"":""cleared""}],""source"":{}}]",LX,Store,Store
PB#06,Astera,Pixel Brick,047-0312648,Batt LED Uplighters,2023-03-01,,,,,False,False,False,False,False,1,"[{""date"":""2024/12/05"",""user"":""feezahmnsr"",""description"":""2024/12/04 - Full Maintenance By TSM"",""type"":""General"",""cost"":"""",""changes"":[],""source"":{}},{""date"":""2026/04/13"",""user"":""bnjm2000"",""description"":""Updated to version V5.16.26"",""type"":""Update"",""cost"":"""",""changes"":[],""source"":{}}]",LX,Store,Store
PB#07,Astera,Pixel Brick,047-0312686,Batt LED Uplighters,2023-03-01,,,,,False,False,False,False,False,1,"[{""date"":""2024/12/05"",""user"":""feezahmnsr"",""description"":""2024/12/04 - Full Maintenance By TSM"",""type"":""General"",""cost"":"""",""changes"":[],""source"":{}},{""date"":""2026/04/13"",""user"":""bnjm2000"",""description"":""Updated to version V5.16.26"",""type"":""Update"",""cost"":"""",""changes"":[],""source"":{}}]",LX,Store,Store
PB#08,Astera,Pixel Brick,047-0313538,Batt LED Uplighters,2023-03-01,,,,,False,False,False,False,False,1,"[{""date"":""2024/12/05"",""user"":""feezahmnsr"",""description"":""2024/12/04 - Full Maintenance By TSM"",""type"":""General"",""cost"":"""",""changes"":[],""source"":{}},{""date"":""2025/12/04"",""user"":""bnjm2000"",""description"":""Display discovered not working (ESMO @ Capitol Kapinski)"",""type"":""Fault"",""cost"":"""",""changes"":[{""kind"":""ooc"",""action"":""marked""}],""source"":{}},{""date"":""2026/01/08"",""user"":""bnjm2000"",""description"":""Sent in to TSM for servicing"",""type"":""General"",""cost"":"""",""changes"":[{""kind"":""location"",""value"":""Total Solutions""}],""source"":{}},{""date"":""2026/02/12"",""user"":""bnjm2000"",""description"":""Collected back from TSM."",""type"":""General"",""cost"":"""",""changes"":[{""kind"":""location"",""value"":""Store""},{""kind"":""ooc"",""action"":""cleared""},{""kind"":""missing"",""action"":""cleared""}],""source"":{}},{""date"":""2026/04/13"",""user"":""bnjm2000"",""description"":""Updated to version V5.16.26"",""type"":""Update"",""cost"":"""",""changes"":[],""source"":{}}]",LX,Store,Store
PB#09,Astera,Pixel Brick,047-0311934,Batt LED Uplighters,2023-03-01,,,,,False,False,False,False,False,1,"[{""date"":""2024/12/05"",""user"":""feezahmnsr"",""description"":""2024/12/04 - Full Maintenance By TSM"",""type"":""General"",""cost"":"""",""changes"":[],""source"":{}},{""date"":""2025/08/12"",""user"":""bnjm2000"",""description"":""Screen messed up after charging"",""type"":""Fault"",""cost"":"""",""changes"":[{""kind"":""ooc"",""action"":""marked""}],""source"":{}},{""date"":""2025/08/18"",""user"":""bnjm2000"",""description"":""Screen worked again when sending into Total Solutions"",""type"":""General"",""cost"":"""",""changes"":[{""kind"":""ooc"",""action"":""cleared""}],""source"":{}},{""date"":""2025/11/02"",""user"":""bnjm2000"",""description"":""Screen discovered not working when charging"",""type"":""Fault"",""cost"":"""",""changes"":[{""kind"":""ooc"",""action"":""marked""}],""source"":{}},{""date"":""2025/11/20"",""user"":""bnjm2000"",""description"":""Sent to Total Solutions"",""type"":""General"",""cost"":"""",""changes"":[{""kind"":""location"",""value"":""Total Solutions""}],""source"":{}},{""date"":""2026/01/08"",""user"":""bnjm2000"",""description"":""Replaced PB15-HOU-BC ($39.52)"",""type"":""Repair"",""cost"":""39.52"",""changes"":[{""kind"":""location"",""value"":""Store""},{""kind"":""ooc"",""action"":""cleared""},{""kind"":""missing"",""action"":""cleared""}],""source"":{}},{""date"":""2026/04/13"",""user"":""bnjm2000"",""description"":""Updated to version V5.16.26"",""type"":""Update"",""cost"":"""",""changes"":[],""source"":{}}]",LX,Store,Store
PB#10,Astera,Pixel Brick,047-0312696,Batt LED Uplighters,2023-03-01,,,,,False,False,False,False,False,1,"[{""date"":""2024/12/05"",""user"":""feezahmnsr"",""description"":""2024/12/04 - Full Maintenance By TSM"",""type"":""General"",""cost"":"""",""changes"":[],""source"":{}},{""date"":""2026/04/13"",""user"":""bnjm2000"",""description"":""Updated to version V5.16.26"",""type"":""Update"",""cost"":"""",""changes"":[],""source"":{}}]",LX,Store,Store
PB#11,Astera,Pixel Brick,047-0313634,Batt LED Uplighters,2023-03-01,,,,,False,False,False,False,False,1,"[{""date"":""2024/12/05"",""user"":""feezahmnsr"",""description"":""2024/12/04 - Full Maintenance By TSM"",""type"":""General"",""cost"":"""",""changes"":[],""source"":{}},{""date"":""2024/11/08"",""user"":""bnjm2000"",""description"":""LED screen cannot on"",""type"":""Fault"",""cost"":"""",""changes"":[{""kind"":""ooc"",""action"":""marked""}],""source"":{}},{""date"":""2025/11/01"",""user"":""bnjm2000"",""description"":""Screen discovered messed up when charging"",""type"":""Fault"",""cost"":"""",""changes"":[{""kind"":""ooc"",""action"":""marked""}],""source"":{}},{""date"":""2025/11/20"",""user"":""bnjm2000"",""description"":""Sent to Total Solutions"",""type"":""General"",""cost"":"""",""changes"":[{""kind"":""location"",""value"":""Total Solutions""}],""source"":{}},{""date"":""2026/01/08"",""user"":""bnjm2000"",""description"":""Replaced PB15-HOU-BC ($39.52)"",""type"":""Repair"",""cost"":""39.52"",""changes"":[{""kind"":""location"",""value"":""Store""},{""kind"":""ooc"",""action"":""cleared""},{""kind"":""missing"",""action"":""cleared""}],""source"":{}},{""date"":""2026/04/13"",""user"":""bnjm2000"",""description"":""Updated to version V5.16.26"",""type"":""Update"",""cost"":"""",""changes"":[],""source"":{}},{""date"":""2024/11/25"",""user"":""bnjm2000"",""description"":""Replaced PB15-HOU-BC - $0"",""type"":""Repair"",""cost"":""0.00"",""changes"":[{""kind"":""ooc"",""action"":""cleared""}],""source"":{}}]",LX,Store,Store
PB#12,Astera,Pixel Brick,047-0312725,Batt LED Uplighters,2023-03-01,,,,,False,False,False,False,False,1,"[{""date"":""2024/12/05"",""user"":""feezahmnsr"",""description"":""2024/12/04 - Full Maintenance By TSM"",""type"":""General"",""cost"":"""",""changes"":[],""source"":{}},{""date"":""2026/04/13"",""user"":""bnjm2000"",""description"":""Updated to version V5.16.26"",""type"":""Update"",""cost"":"""",""changes"":[],""source"":{}}]",LX,Store,Store
PB#13,Astera,Pixel Brick,047-0312683,Batt LED Uplighters,2023-03-01,,,,,False,False,False,False,False,1,"[{""date"":""2024/12/05"",""user"":""feezahmnsr"",""description"":""2024/12/04 - Full Maintenance By TSM"",""type"":""General"",""cost"":"""",""changes"":[],""source"":{}},{""date"":""2024/11/15"",""user"":""bnjm2000"",""description"":""Screen dim, sent to fix"",""type"":""Fault"",""cost"":"""",""changes"":[{""kind"":""ooc"",""action"":""marked""}],""source"":{}},{""date"":""2026/04/13"",""user"":""bnjm2000"",""description"":""Updated to version V5.16.26"",""type"":""Update"",""cost"":"""",""changes"":[],""source"":{}},{""date"":""2024/11/25"",""user"":""bnjm2000"",""description"":""Replaced PB15-HOU-BC - $0"",""type"":""Repair"",""cost"":""0.00"",""changes"":[{""kind"":""ooc"",""action"":""cleared""}],""source"":{}}]",LX,Store,Store
PB#14,Astera,Pixel Brick,047-0312682,Batt LED Uplighters,2023-03-01,,,,,False,False,False,False,False,1,"[{""date"":""2024/12/05"",""user"":""feezahmnsr"",""description"":""2024/12/04 - Full Maintenance By TSM"",""type"":""General"",""cost"":"""",""changes"":[],""source"":{}},{""date"":""2025/11/05"",""user"":""bnjm2000"",""description"":""Discovered screen faulty (Franck Muller @ Claudine Restaurant)"",""type"":""Fault"",""cost"":"""",""changes"":[{""kind"":""ooc"",""action"":""marked""}],""source"":{}},{""date"":""2025/11/20"",""user"":""bnjm2000"",""description"":""Sent to Total Solutions"",""type"":""General"",""cost"":"""",""changes"":[{""kind"":""location"",""value"":""Total Solutions""}],""source"":{}},{""date"":""2026/01/08"",""user"":""bnjm2000"",""description"":""Replaced PB15-HOU-BC ($39.52)"",""type"":""Repair"",""cost"":""39.52"",""changes"":[{""kind"":""location"",""value"":""Store""},{""kind"":""ooc"",""action"":""cleared""}],""source"":{}},{""date"":""2026/04/13"",""user"":""bnjm2000"",""description"":""Updated to version V5.16.26"",""type"":""Update"",""cost"":"""",""changes"":[],""source"":{}}]",LX,Store,Store
PB#15,Astera,Pixel Brick,047-0312734,Batt LED Uplighters,2023-03-01,,,,,False,False,False,False,False,1,"[{""date"":""2024/12/05"",""user"":""feezahmnsr"",""description"":""2024/12/04 - Full Maintenance By TSM"",""type"":""General"",""cost"":"""",""changes"":[],""source"":{}},{""date"":""2025/05/28"",""user"":""bnjm2000"",""description"":""Collected back from TSM, fixed screen"",""type"":""Repair"",""cost"":"""",""changes"":[],""source"":{}},{""date"":""2026/04/13"",""user"":""bnjm2000"",""description"":""Updated to version V5.16.26"",""type"":""Update"",""cost"":"""",""changes"":[],""source"":{}}]",LX,Store,Store
PB#16,Astera,Pixel Brick,047-0313677,Batt LED Uplighters,2023-03-01,,,,,False,False,False,False,False,1,"[{""date"":""2024/12/05"",""user"":""feezahmnsr"",""description"":""2024/12/04 - Full Maintenance By TSM"",""type"":""General"",""cost"":"""",""changes"":[],""source"":{}},{""date"":""2026/04/13"",""user"":""bnjm2000"",""description"":""Updated to version V5.16.26"",""type"":""Update"",""cost"":"""",""changes"":[],""source"":{}}]",LX,Store,Store
PB#17,Astera,Pixel Brick,047-0312751,Batt LED Uplighters,2023-03-01,,,,,False,False,False,False,False,1,"[{""date"":""2024/12/05"",""user"":""feezahmnsr"",""description"":""2024/12/04 - Full Maintenance By TSM"",""type"":""General"",""cost"":"""",""changes"":[],""source"":{}},{""date"":""2026/04/13"",""user"":""bnjm2000"",""description"":""Updated to version V5.16.26"",""type"":""Update"",""cost"":"""",""changes"":[],""source"":{}}]",LX,Store,Store
PB#18,Astera,Pixel Brick,047-0308769,Batt LED Uplighters,2023-03-01,,,,,False,False,False,False,False,1,"[{""date"":""2024/12/05"",""user"":""feezahmnsr"",""description"":""2024/12/04 - Full Maintenance By TSM"",""type"":""General"",""cost"":"""",""changes"":[],""source"":{}},{""date"":""2026/04/13"",""user"":""bnjm2000"",""description"":""Updated to version V5.16.26"",""type"":""Update"",""cost"":"""",""changes"":[],""source"":{}}]",LX,Store,Store
PB#19,Astera,Pixel Brick,047-0312729,Batt LED Uplighters,2023-03-01,,,,,False,False,False,False,False,1,"[{""date"":""2024/12/05"",""user"":""feezahmnsr"",""description"":""2024/12/04 - Full Maintenance By TSM"",""type"":""General"",""cost"":"""",""changes"":[],""source"":{}},{""date"":""2026/03/25"",""user"":""bnjm2000"",""description"":""Display dim"",""type"":""Fault"",""cost"":"""",""changes"":[],""source"":{}},{""date"":""2026/04/13"",""user"":""bnjm2000"",""description"":""Updated to version V5.16.26"",""type"":""Update"",""cost"":"""",""changes"":[],""source"":{}}]",LX,Store,Store
PB#20,Astera,Pixel Brick,047-0313505,Batt LED Uplighters,2023-03-01,,,,,False,False,False,False,False,1,"[{""date"":""2024/12/05"",""user"":""feezahmnsr"",""description"":""2024/12/04 - Full Maintenance By TSM"",""type"":""General"",""cost"":"""",""changes"":[],""source"":{}},{""date"":""2026/04/13"",""user"":""bnjm2000"",""description"":""Updated to version V5.16.26"",""type"":""Update"",""cost"":"""",""changes"":[],""source"":{}}]",LX,Store,Store
PB#21,Astera,Pixel Brick,047-0313675,Batt LED Uplighters,2023-03-01,,,,,False,False,False,False,False,1,"[{""date"":""2024/12/05"",""user"":""feezahmnsr"",""description"":""2024/12/04 - Full Maintenance By TSM"",""type"":""General"",""cost"":"""",""changes"":[],""source"":{}},{""date"":""2026/04/13"",""user"":""bnjm2000"",""description"":""Updated to version V5.16.26"",""type"":""Update"",""cost"":"""",""changes"":[],""source"":{}}]",LX,Store,Store
PB#22,Astera,Pixel Brick,047-0312619,Batt LED Uplighters,2023-03-01,,,,,False,False,False,False,False,1,"[{""date"":""2024/12/05"",""user"":""feezahmnsr"",""description"":""2024/12/04 - Full Maintenance By TSM"",""type"":""General"",""cost"":"""",""changes"":[],""source"":{}},{""date"":""2026/04/13"",""user"":""bnjm2000"",""description"":""Updated to version V5.16.26"",""type"":""Update"",""cost"":"""",""changes"":[],""source"":{}}]",LX,Store,Store
PB#23,Astera,Pixel Brick,047-0315708,Batt LED Uplighters,2023-03-01,,,,,False,False,False,False,False,1,"[{""date"":""2024/12/05"",""user"":""feezahmnsr"",""description"":""2024/12/04 - Full Maintenance By TSM"",""type"":""General"",""cost"":"""",""changes"":[],""source"":{}},{""date"":""2026/04/13"",""user"":""bnjm2000"",""description"":""Updated to version V5.16.26"",""type"":""Update"",""cost"":"""",""changes"":[],""source"":{}}]",LX,Store,Store
PB#24,Astera,Pixel Brick,047-0312564,Batt LED Uplighters,2023-03-01,,,,,False,False,False,False,False,1,"[{""date"":""2024/12/05"",""user"":""feezahmnsr"",""description"":""2024/12/04 - Full Maintenance By TSM"",""type"":""General"",""cost"":"""",""changes"":[],""source"":{}},{""date"":""2026/04/13"",""user"":""bnjm2000"",""description"":""Updated to version V5.16.26"",""type"":""Update"",""cost"":"""",""changes"":[],""source"":{}}]",LX,Store,Store
PB#25,Astera,Pixel Brick,047-0313626,Batt LED Uplighters,2023-03-01,,,,,False,False,False,False,False,1,"[{""date"":""2024/12/05"",""user"":""feezahmnsr"",""description"":""2024/12/04 - Full Maintenance By TSM"",""type"":""General"",""cost"":"""",""changes"":[],""source"":{}},{""date"":""2025/09/08"",""user"":""bnjm2000"",""description"":""Screen spoilt, device still works"",""type"":""Fault"",""cost"":"""",""changes"":[{""kind"":""ooc"",""action"":""marked""}],""source"":{}},{""date"":""2025/09/16"",""user"":""bnjm2000"",""description"":""Sent to TSM for repair"",""type"":""General"",""cost"":"""",""changes"":[{""kind"":""location"",""value"":""Total Solutions""}],""source"":{}},{""date"":""2025/11/20"",""user"":""bnjm2000"",""description"":""Replaced housing assembly ($FOC). Collected back."",""type"":""Repair"",""cost"":""0.00"",""changes"":[{""kind"":""location"",""value"":""Store""},{""kind"":""ooc"",""action"":""cleared""},{""kind"":""missing"",""action"":""cleared""}],""source"":{}},{""date"":""2026/04/13"",""user"":""bnjm2000"",""description"":""Updated to version V5.16.26"",""type"":""Update"",""cost"":"""",""changes"":[],""source"":{}}]",LX,Store,Store
PB#26,Astera,Pixel Brick,047-0310053,Batt LED Uplighters,2023-03-01,,,,,False,False,False,False,False,1,"[{""date"":""2024/12/05"",""user"":""feezahmnsr"",""description"":""2024/12/04 - Full Maintenance By TSM"",""type"":""General"",""cost"":"""",""changes"":[],""source"":{}},{""date"":""2024/11/08"",""user"":""bnjm2000"",""description"":""Screen died, sent to replace"",""type"":""Fault"",""cost"":"""",""changes"":[{""kind"":""ooc"",""action"":""marked""}],""source"":{}},{""date"":""2026/03/25"",""user"":""bnjm2000"",""description"":""Display will turn off after a while"",""type"":""Fault"",""cost"":"""",""changes"":[],""source"":{}},{""date"":""2026/04/13"",""user"":""bnjm2000"",""description"":""Updated to version V5.16.26"",""type"":""Update"",""cost"":"""",""changes"":[],""source"":{}},{""date"":""2026/04/16"",""user"":""bnjm2000"",""description"":""Display died while charging."",""type"":""Fault"",""cost"":"""",""changes"":[{""kind"":""ooc"",""action"":""marked""}],""source"":{}},{""date"":""2026/04/17"",""user"":""bnjm2000"",""description"":""Sent to TSM, replaced display on the spot - $FOC"",""type"":""Repair"",""cost"":""0.00"",""changes"":[{""kind"":""ooc"",""action"":""cleared""}],""source"":{}},{""date"":""2024/11/25"",""user"":""bnjm2000"",""description"":""Replaced PB15-HOU-BC - $0"",""type"":""Repair"",""cost"":""0.00"",""changes"":[{""kind"":""ooc"",""action"":""cleared""}],""source"":{}}]",LX,Store,Store
PB#27,Astera,Pixel Brick,047-0312635,Batt LED Uplighters,2023-03-01,,,,,False,False,False,False,False,1,"[{""date"":""2024/12/05"",""user"":""feezahmnsr"",""description"":""2024/12/04 - Full Maintenance By TSM"",""type"":""General"",""cost"":"""",""changes"":[],""source"":{}},{""date"":""2025/11/15"",""user"":""bnjm2000"",""description"":""LED Screen cannot on"",""type"":""Fault"",""cost"":"""",""changes"":[],""source"":{}},{""date"":""2026/04/13"",""user"":""bnjm2000"",""description"":""Updated to version V5.16.26"",""type"":""Update"",""cost"":"""",""changes"":[],""source"":{}}]",LX,Store,Store
PB#28,Astera,Pixel Brick,047-0313638,Batt LED Uplighters,2023-03-01,,,,,False,False,False,False,False,1,"[{""date"":""2024/12/05"",""user"":""feezahmnsr"",""description"":""2024/12/04 - Full Maintenance By TSM"",""type"":""General"",""cost"":"""",""changes"":[],""source"":{}},{""date"":""2026/04/13"",""user"":""bnjm2000"",""description"":""Updated to version V5.16.26"",""type"":""Update"",""cost"":"""",""changes"":[],""source"":{}}]",LX,Store,Store
PB#29,Astera,Pixel Brick,047-0313596,Batt LED Uplighters,2023-03-01,,,,,False,False,False,False,False,1,"[{""date"":""2024/12/05"",""user"":""feezahmnsr"",""description"":""2024/12/04 - Full Maintenance By TSM"",""type"":""General"",""cost"":"""",""changes"":[],""source"":{}},{""date"":""2025/11/13"",""user"":""bnjm2000"",""description"":""Display discovered faulty when charging"",""type"":""Fault"",""cost"":"""",""changes"":[{""kind"":""ooc"",""action"":""marked""}],""source"":{}},{""date"":""2025/11/20"",""user"":""bnjm2000"",""description"":""Sent to Total Solutions"",""type"":""General"",""cost"":"""",""changes"":[{""kind"":""location"",""value"":""Total Solutions""}],""source"":{}},{""date"":""2026/01/08"",""user"":""bnjm2000"",""description"":""Replaced PB15-HOU-BC ($39.52)"",""type"":""Repair"",""cost"":""39.52"",""changes"":[{""kind"":""location"",""value"":""Store""},{""kind"":""ooc"",""action"":""cleared""},{""kind"":""missing"",""action"":""cleared""}],""source"":{}},{""date"":""2026/04/13"",""user"":""bnjm2000"",""description"":""Updated to version V5.16.26"",""type"":""Update"",""cost"":"""",""changes"":[],""source"":{}}]",LX,Store,Store
PB#30,Astera,Pixel Brick,047-0313383,Batt LED Uplighters,2023-03-01,,,,,False,False,False,False,False,1,"[{""date"":""2024/12/05"",""user"":""feezahmnsr"",""description"":""2024/12/04 - Full Maintenance By TSM"",""type"":""General"",""cost"":"""",""changes"":[],""source"":{}},{""date"":""2026/04/13"",""user"":""bnjm2000"",""description"":""Updated to version V5.16.26"",""type"":""Update"",""cost"":"""",""changes"":[],""source"":{}}]",LX,Store,Store
PB#31,Astera,Pixel Brick,047-0315560,Batt LED Uplighters,2023-03-01,,,,,False,False,False,False,False,1,"[{""date"":""2024/12/05"",""user"":""feezahmnsr"",""description"":""2024/12/04 - Full Maintenance By TSM"",""type"":""General"",""cost"":"""",""changes"":[],""source"":{}},{""date"":""2024/11/01"",""user"":""bnjm2000"",""description"":""Cell 4 overvolt"",""type"":""Fault"",""cost"":"""",""changes"":[],""source"":{}},{""date"":""2025/11/13"",""user"":""bnjm2000"",""description"":""Display discovered faulty when charging"",""type"":""Fault"",""cost"":"""",""changes"":[{""kind"":""ooc"",""action"":""marked""}],""source"":{}},{""date"":""2025/11/20"",""user"":""bnjm2000"",""description"":""Sent to Total Solutions"",""type"":""General"",""cost"":"""",""changes"":[{""kind"":""location"",""value"":""Total Solutions""}],""source"":{}},{""date"":""2026/01/08"",""user"":""bnjm2000"",""description"":""Replaced PB15-HOU-BC ($39.52)"",""type"":""Repair"",""cost"":""39.52"",""changes"":[{""kind"":""location"",""value"":""Store""},{""kind"":""ooc"",""action"":""cleared""},{""kind"":""missing"",""action"":""cleared""}],""source"":{}},{""date"":""2026/04/13"",""user"":""bnjm2000"",""description"":""Updated to version V5.16.26"",""type"":""Update"",""cost"":"""",""changes"":[],""source"":{}},{""date"":""2024/11/25"",""user"":""bnjm2000"",""description"":""Replaced PB15 Battery Pack PB15-Bat\n$52.00 but free (goodwill this time)"",""type"":""Repair"",""cost"":""0.00"",""changes"":[],""source"":{}}]",LX,Store,Store
PB#32,Astera,Pixel Brick,047-0313519,Batt LED Uplighters,2023-03-01,,,,,False,False,False,False,False,1,"[{""date"":""2024/12/05"",""user"":""feezahmnsr"",""description"":""2024/12/04 - Full Maintenance By TSM"",""type"":""General"",""cost"":"""",""changes"":[],""source"":{}},{""date"":""2026/04/13"",""user"":""bnjm2000"",""description"":""Updated to version V5.16.26"",""type"":""Update"",""cost"":"""",""changes"":[],""source"":{}}]",LX,Store,Store
PB#33,Astera,Pixel Brick,047-0312748,Batt LED Uplighters,2023-03-01,,,,,False,False,False,False,False,1,"[{""date"":""2024/12/05"",""user"":""feezahmnsr"",""description"":""2024/12/04 - Full Maintenance By TSM"",""type"":""General"",""cost"":"""",""changes"":[],""source"":{}},{""date"":""2026/04/13"",""user"":""bnjm2000"",""description"":""Updated to version V5.16.26"",""type"":""Update"",""cost"":"""",""changes"":[],""source"":{}}]",LX,Store,Store
PB#34,Astera,Pixel Brick,047-0308768,Batt LED Uplighters,2023-03-01,,,,,False,False,False,False,False,1,"[{""date"":""2024/12/05"",""user"":""feezahmnsr"",""description"":""2024/12/04 - Full Maintenance By TSM"",""type"":""General"",""cost"":"""",""changes"":[],""source"":{}},{""date"":""2026/03/25"",""user"":""bnjm2000"",""description"":""Display turns off after a while, dim"",""type"":""Fault"",""cost"":"""",""changes"":[],""source"":{}},{""date"":""2026/04/13"",""user"":""bnjm2000"",""description"":""Updated to version V5.16.26"",""type"":""Update"",""cost"":"""",""changes"":[],""source"":{}},{""date"":""2026/04/29"",""user"":""bnjm2000"",""description"":""Screen died while charging"",""type"":""Fault"",""cost"":"""",""changes"":[{""kind"":""ooc"",""action"":""marked""}],""source"":{}},{""date"":""2026/05/05"",""user"":""bnjm2000"",""description"":""Ben changed PB15-HOU-BC - $39.52"",""type"":""Repair"",""cost"":""39.52"",""changes"":[{""kind"":""ooc"",""action"":""cleared""}],""source"":{}}]",LX,Store,Store
PB#35,Astera,Pixel Brick,047-0312772,Batt LED Uplighters,2023-03-01,,,,,False,False,False,False,False,1,"[{""date"":""2024/12/05"",""user"":""feezahmnsr"",""description"":""2024/12/04 - Full Maintenance By TSM"",""type"":""General"",""cost"":"""",""changes"":[],""source"":{}},{""date"":""2025/08/12"",""user"":""bnjm2000"",""description"":""Screen stopped working after charging"",""type"":""Fault"",""cost"":"""",""changes"":[{""kind"":""ooc"",""action"":""marked""}],""source"":{}},{""date"":""2025/08/18"",""user"":""bnjm2000"",""description"":""Sent in to Total Solutions"",""type"":""General"",""cost"":"""",""changes"":[{""kind"":""location"",""value"":""Total Solutions""}],""source"":{}},{""date"":""2025/08/27"",""user"":""bnjm2000"",""description"":""Replaced PB15 rear housing assembly, sent back to us by TSM"",""type"":""Repair"",""cost"":"""",""changes"":[{""kind"":""location"",""value"":""Store""},{""kind"":""ooc"",""action"":""cleared""},{""kind"":""missing"",""action"":""cleared""}],""source"":{}},{""date"":""2026/04/13"",""user"":""bnjm2000"",""description"":""Updated to version V5.16.26"",""type"":""Update"",""cost"":"""",""changes"":[],""source"":{}}]",LX,Store,Store
PB#36,Astera,Pixel Brick,047-0312668,Batt LED Uplighters,2023-03-01,,,,,False,False,False,False,False,1,"[{""date"":""2024/12/05"",""user"":""feezahmnsr"",""description"":""2024/12/04 - Full Maintenance By TSM"",""type"":""General"",""cost"":"""",""changes"":[],""source"":{}},{""date"":""2025/08/12"",""user"":""bnjm2000"",""description"":""Screen stopped working after charging"",""type"":""Fault"",""cost"":"""",""changes"":[{""kind"":""ooc"",""action"":""marked""}],""source"":{}},{""date"":""2025/08/18"",""user"":""bnjm2000"",""description"":""Screen worked again when sending into Total Solutions"",""type"":""General"",""cost"":"""",""changes"":[{""kind"":""ooc"",""action"":""cleared""}],""source"":{}},{""date"":""2025/09/08"",""user"":""bnjm2000"",""description"":""Device not responsive, no display"",""type"":""Fault"",""cost"":"""",""changes"":[{""kind"":""ooc"",""action"":""marked""}],""source"":{}},{""date"":""2025/09/16"",""user"":""bnjm2000"",""description"":""Sent to TSM for repair"",""type"":""General"",""cost"":"""",""changes"":[{""kind"":""location"",""value"":""Total Solutions""}],""source"":{}},{""date"":""2025/11/20"",""user"":""bnjm2000"",""description"":""Replaced Housing assembly, battery pack ($51,76), control board ($86.54), service charge ($150). Collected back."",""type"":""Repair"",""cost"":""288.30"",""changes"":[{""kind"":""location"",""value"":""Store""},{""kind"":""ooc"",""action"":""cleared""},{""kind"":""missing"",""action"":""cleared""}],""source"":{}},{""date"":""2026/04/13"",""user"":""bnjm2000"",""description"":""Updated to version V5.16.26"",""type"":""Update"",""cost"":"""",""changes"":[],""source"":{}}]",LX,Store,Store
PB#37,Astera,Pixel Brick,047-0313949,Batt LED Uplighters,2023-03-01,,,,,False,False,False,False,False,1,"[{""date"":""2024/12/05"",""user"":""feezahmnsr"",""description"":""2024/12/04 - Full Maintenance By TSM"",""type"":""General"",""cost"":"""",""changes"":[],""source"":{}},{""date"":""2025/06/05"",""user"":""bnjm2000"",""description"":""Handed over to TSM for repair, spoilt screen\nReplaced PB15 Rear Housing Assembly"",""type"":""Repair"",""cost"":"""",""changes"":[{""kind"":""location"",""value"":""Store""},{""kind"":""ooc"",""action"":""cleared""}],""source"":{}},{""date"":""2026/04/13"",""user"":""bnjm2000"",""description"":""Updated to version V5.16.26"",""type"":""Update"",""cost"":"""",""changes"":[],""source"":{}}]",LX,Store,Store
PB#38,Astera,Pixel Brick,047-0313663,Batt LED Uplighters,2023-03-01,,,,,False,False,False,False,False,1,"[{""date"":""2024/12/05"",""user"":""feezahmnsr"",""description"":""2024/12/04 - Full Maintenance By TSM"",""type"":""General"",""cost"":"""",""changes"":[],""source"":{}},{""date"":""2026/04/13"",""user"":""bnjm2000"",""description"":""Updated to version V5.16.26"",""type"":""Update"",""cost"":"""",""changes"":[],""source"":{}},{""date"":""2024/11/25"",""user"":""bnjm2000"",""description"":""Replaced PB15-HOU-BC - $0"",""type"":""Repair"",""cost"":""0.00"",""changes"":[{""kind"":""ooc"",""action"":""cleared""}],""source"":{}}]",LX,Store,Store
PB#39,Astera,Pixel Brick,047-0312708,Batt LED Uplighters,2023-03-01,,,,,False,False,False,False,False,1,"[{""date"":""2024/12/05"",""user"":""feezahmnsr"",""description"":""2024/12/04 - Full Maintenance By TSM"",""type"":""General"",""cost"":"""",""changes"":[],""source"":{}},{""date"":""2026/04/13"",""user"":""bnjm2000"",""description"":""Updated to version V5.16.26"",""type"":""Update"",""cost"":"""",""changes"":[],""source"":{}}]",LX,Store,Store
PB#40,Astera,Pixel Brick,047-0316706,Batt LED Uplighters,2023-03-01,,,,,False,False,False,False,False,1,"[{""date"":""2024/12/05"",""user"":""feezahmnsr"",""description"":""2024/12/04 - Full Maintenance By TSM"",""type"":""General"",""cost"":"""",""changes"":[],""source"":{}},{""date"":""2025/11/13"",""user"":""bnjm2000"",""description"":""Display discovered faulty when charging"",""type"":""Fault"",""cost"":"""",""changes"":[{""kind"":""ooc"",""action"":""marked""}],""source"":{}},{""date"":""2025/11/20"",""user"":""bnjm2000"",""description"":""Sent to Total Solutions"",""type"":""General"",""cost"":"""",""changes"":[{""kind"":""location"",""value"":""Total Solutions""}],""source"":{}},{""date"":""2026/01/08"",""user"":""bnjm2000"",""description"":""Replaced PB15-HOU-BC ($39.52)"",""type"":""Repair"",""cost"":""39.52"",""changes"":[{""kind"":""location"",""value"":""Store""},{""kind"":""ooc"",""action"":""cleared""},{""kind"":""missing"",""action"":""cleared""}],""source"":{}},{""date"":""2026/04/13"",""user"":""bnjm2000"",""description"":""Updated to version V5.16.26"",""type"":""Update"",""cost"":"""",""changes"":[],""source"":{}}]",LX,Store,Store
PB#41,Astera,Pixel Brick,047-0308759,Batt LED Uplighters,2023-03-01,,,,,False,False,False,False,False,1,"[{""date"":""2024/12/05"",""user"":""feezahmnsr"",""description"":""2024/12/04 - Full Maintenance By TSM"",""type"":""General"",""cost"":"""",""changes"":[],""source"":{}},{""date"":""2024/11/15"",""user"":""bnjm2000"",""description"":""Screen dim, sent to replace"",""type"":""Fault"",""cost"":"""",""changes"":[{""kind"":""ooc"",""action"":""marked""}],""source"":{}},{""date"":""2026/04/13"",""user"":""bnjm2000"",""description"":""Updated to version V5.16.26"",""type"":""Update"",""cost"":"""",""changes"":[],""source"":{}},{""date"":""2024/11/25"",""user"":""bnjm2000"",""description"":""Replaced PB15-HOU-BC - $0"",""type"":""Repair"",""cost"":""0.00"",""changes"":[{""kind"":""ooc"",""action"":""cleared""}],""source"":{}}]",LX,Store,Store
PB#42,Astera,Pixel Brick,047-0313840,Batt LED Uplighters,2023-03-01,,,,,False,False,False,False,False,1,"[{""date"":""2024/12/05"",""user"":""feezahmnsr"",""description"":""2024/12/04 - Full Maintenance By TSM"",""type"":""General"",""cost"":"""",""changes"":[],""source"":{}},{""date"":""2025/05/02"",""user"":""bnjm2000"",""description"":""Handed over to TSM for repair, spoilt screen\nReplaced PB15 Rear Housing Assembly"",""type"":""Repair"",""cost"":"""",""changes"":[{""kind"":""location"",""value"":""Store""},{""kind"":""ooc"",""action"":""cleared""}],""source"":{}},{""date"":""2026/04/13"",""user"":""bnjm2000"",""description"":""Updated to version V5.16.26"",""type"":""Update"",""cost"":"""",""changes"":[],""source"":{}}]",LX,Store,Store
PB#43,Astera,Pixel Brick,047-0313412,Batt LED Uplighters,2023-03-01,,,,,False,False,False,False,False,1,"[{""date"":""2024/12/05"",""user"":""feezahmnsr"",""description"":""2024/12/04 - Full Maintenance By TSM"",""type"":""General"",""cost"":"""",""changes"":[],""source"":{}},{""date"":""2026/04/02"",""user"":""bnjm2000"",""description"":""Cell 3 overvolt when charging"",""type"":""Fault"",""cost"":"""",""changes"":[{""kind"":""ooc"",""action"":""marked""}],""source"":{}},{""date"":""2026/04/09"",""user"":""bnjm2000"",""description"":""Sent to TSM, \nUpdated to version V5.16.26\nReplace PB15-BAT - $52\nService fee - $100"",""type"":""Repair"",""cost"":""152.00"",""changes"":[{""kind"":""ooc"",""action"":""cleared""}],""source"":{}}]",LX,Store,Store
PB#44,Astera,Pixel Brick,047-0313874,Batt LED Uplighters,2023-03-01,,,,,False,False,False,False,False,1,"[{""date"":""2024/12/05"",""user"":""feezahmnsr"",""description"":""2024/12/04 - Full Maintenance By TSM"",""type"":""General"",""cost"":"""",""changes"":[],""source"":{}},{""date"":""2026/04/13"",""user"":""bnjm2000"",""description"":""Updated to version V5.16.26"",""type"":""Update"",""cost"":"""",""changes"":[],""source"":{}}]",LX,Store,Store
PB#45,Astera,Pixel Brick,047-0312073,Batt LED Uplighters,2023-03-01,,,,,False,False,False,False,False,1,"[{""date"":""2024/12/05"",""user"":""feezahmnsr"",""description"":""2024/12/04 - Full Maintenance By TSM"",""type"":""General"",""cost"":"""",""changes"":[],""source"":{}},{""date"":""2026/04/13"",""user"":""bnjm2000"",""description"":""Updated to version V5.16.26"",""type"":""Update"",""cost"":"""",""changes"":[],""source"":{}}]",LX,Store,Store
PB#46,Astera,Pixel Brick,047-0311942,Batt LED Uplighters,2023-03-01,,,,,False,False,False,False,False,1,"[{""date"":""2024/12/05"",""user"":""feezahmnsr"",""description"":""2024/12/04 - Full Maintenance By TSM"",""type"":""General"",""cost"":"""",""changes"":[],""source"":{}},{""date"":""2026/04/13"",""user"":""bnjm2000"",""description"":""Updated to version V5.16.26"",""type"":""Update"",""cost"":"""",""changes"":[],""source"":{}}]",LX,Store,Store
PB#47,Astera,Pixel Brick,047-0312764,Batt LED Uplighters,2023-03-01,,,,,False,False,False,False,False,1,"[{""date"":""2024/12/05"",""user"":""feezahmnsr"",""description"":""2024/12/04 - Full Maintenance By TSM"",""type"":""General"",""cost"":"""",""changes"":[],""source"":{}},{""date"":""2026/04/13"",""user"":""bnjm2000"",""description"":""Updated to version V5.16.26"",""type"":""Update"",""cost"":"""",""changes"":[],""source"":{}}]",LX,Store,Store
PB#48,Astera,Pixel Brick,047-0313867,Batt LED Uplighters,2023-03-01,,,,,False,False,False,False,False,1,"[{""date"":""2024/12/05"",""user"":""feezahmnsr"",""description"":""2024/12/04 - Full Maintenance By TSM"",""type"":""General"",""cost"":"""",""changes"":[],""source"":{}},{""date"":""2025/12/20"",""user"":""bnjm2000"",""description"":""Screed discovered a bit haywire (Wedding of Sabir Ansari & Daniele Lee @ TCP)"",""type"":""Fault"",""cost"":"""",""changes"":[],""source"":{}},{""date"":""2026/03/31"",""user"":""bnjm2000"",""description"":""Screen died while charging"",""type"":""Fault"",""cost"":"""",""changes"":[{""kind"":""ooc"",""action"":""marked""}],""source"":{}},{""date"":""2026/04/09"",""user"":""bnjm2000"",""description"":""Sent to TSM\nUpdated to version V5.16.26 \nReplaced PB15 Rear Housing - $40\nService Fee - $80"",""type"":""Repair"",""cost"":""120.00"",""changes"":[{""kind"":""ooc"",""action"":""cleared""}],""source"":{}}]",LX,Store,Store
PB#49,Astera,Pixel Brick,047-0312714,Batt LED Uplighters,2023-03-01,,,,,False,False,False,False,False,1,"[{""date"":""2024/12/05"",""user"":""feezahmnsr"",""description"":""2024/12/04 - Full Maintenance By TSM"",""type"":""General"",""cost"":"""",""changes"":[],""source"":{}},{""date"":""2025/05/28"",""user"":""bnjm2000"",""description"":""Collected back from TSM, fixed screen\nPB15-HOU-BC - $40\nWorkmanship - $50"",""type"":""Repair"",""cost"":""90.00"",""changes"":[{""kind"":""ooc"",""action"":""cleared""}],""source"":{}},{""date"":""2026/04/13"",""user"":""bnjm2000"",""description"":""Updated to version V5.16.26"",""type"":""Update"",""cost"":"""",""changes"":[],""source"":{}},{""date"":""2026/04/13"",""user"":""bnjm2000"",""description"":""Discovered screen died"",""type"":""Fault"",""cost"":"""",""changes"":[{""kind"":""ooc"",""action"":""marked""}],""source"":{}},{""date"":""2025/04/14"",""user"":""bnjm2000"",""description"":""Screen died"",""type"":""Fault"",""cost"":"""",""changes"":[{""kind"":""ooc"",""action"":""marked""}],""source"":{}},{""date"":""2026/04/16"",""user"":""bnjm2000"",""description"":""Sent to TSM, serviced on the spot.\nReplaced PB15 Rear Housing - $39.52\nService Fee - $80"",""type"":""Repair"",""cost"":""119.52"",""changes"":[{""kind"":""ooc"",""action"":""cleared""}],""source"":{}}]",LX,Store,Store
PB#50,Astera,Pixel Brick,047-0313681,Batt LED Uplighters,2023-03-01,,,,,False,False,False,False,False,1,"[{""date"":""2024/12/05"",""user"":""feezahmnsr"",""description"":""2024/12/04 - Full Maintenance By TSM"",""type"":""General"",""cost"":"""",""changes"":[],""source"":{}},{""date"":""2026/04/13"",""user"":""bnjm2000"",""description"":""Updated to version V5.16.26"",""type"":""Update"",""cost"":"""",""changes"":[],""source"":{}}]",LX,Store,Store
PB#51,Astera,Pixel Brick,047-0312716,Batt LED Uplighters,2023-03-01,,,,,False,False,False,False,False,1,"[{""date"":""2024/12/05"",""user"":""feezahmnsr"",""description"":""2024/12/04 - Full Maintenance By TSM"",""type"":""General"",""cost"":"""",""changes"":[],""source"":{}},{""date"":""2026/04/13"",""user"":""bnjm2000"",""description"":""Updated to version V5.16.26"",""type"":""Update"",""cost"":"""",""changes"":[],""source"":{}}]",LX,Store,Store
PB#52,Astera,Pixel Brick,047-0312631,Batt LED Uplighters,2023-03-01,,,,,False,False,False,False,False,1,"[{""date"":""2024/12/05"",""user"":""feezahmnsr"",""description"":""2024/12/04 - Full Maintenance By TSM"",""type"":""General"",""cost"":"""",""changes"":[],""source"":{}},{""date"":""2025/11/23"",""user"":""bnjm2000"",""description"":""Discovered screen haywire (Wedding of Eamon & Mia @ Capella)"",""type"":""Fault"",""cost"":"""",""changes"":[{""kind"":""ooc"",""action"":""marked""}],""source"":{}},{""date"":""2026/04/09"",""user"":""bnjm2000"",""description"":""Sent to TSM\nUpdated to version V5.16.26 \nReplaced PB15 Rear Housing - $40\nService Fee - $80"",""type"":""Repair"",""cost"":""120.00"",""changes"":[{""kind"":""ooc"",""action"":""cleared""}],""source"":{}}]",LX,Store,Store
PB#53,Astera,Pixel Brick,047-0312617,Batt LED Uplighters,2023-03-01,,,,,False,False,False,False,False,1,"[{""date"":""2024/12/05"",""user"":""feezahmnsr"",""description"":""2024/12/04 - Full Maintenance By TSM"",""type"":""General"",""cost"":"""",""changes"":[],""source"":{}},{""date"":""2026/04/01"",""user"":""bnjm2000"",""description"":""Left side port discovered not working when charging"",""type"":""Fault"",""cost"":"""",""changes"":[],""source"":{}},{""date"":""2026/04/13"",""user"":""bnjm2000"",""description"":""Updated to version V5.16.26"",""type"":""Update"",""cost"":"""",""changes"":[],""source"":{}}]",LX,Store,Store
PB#54,Astera,Pixel Brick,047-0308765,Batt LED Uplighters,2023-03-01,,,,,False,False,False,False,False,1,"[{""date"":""2024/12/05"",""user"":""feezahmnsr"",""description"":""2024/12/04 - Full Maintenance By TSM"",""type"":""General"",""cost"":"""",""changes"":[],""source"":{}},{""date"":""2026/04/13"",""user"":""bnjm2000"",""description"":""Updated to version V5.16.26"",""type"":""Update"",""cost"":"""",""changes"":[],""source"":{}}]",LX,Store,Store
PB#55,Astera,Pixel Brick,047-0313557,Batt LED Uplighters,2023-03-01,,,,,False,False,False,False,False,1,"[{""date"":""2024/12/05"",""user"":""feezahmnsr"",""description"":""2024/12/04 - Full Maintenance By TSM"",""type"":""General"",""cost"":"""",""changes"":[],""source"":{}},{""date"":""2026/04/13"",""user"":""bnjm2000"",""description"":""Updated to version V5.16.26"",""type"":""Update"",""cost"":"""",""changes"":[],""source"":{}}]",LX,Store,Store
PB#56,Astera,Pixel Brick,047-0312739,Batt LED Uplighters,2023-03-01,,,,,False,False,False,False,False,1,"[{""date"":""2024/12/05"",""user"":""feezahmnsr"",""description"":""2024/12/04 - Full Maintenance By TSM"",""type"":""General"",""cost"":"""",""changes"":[],""source"":{}},{""date"":""2026/04/13"",""user"":""bnjm2000"",""description"":""Updated to version V5.16.26"",""type"":""Update"",""cost"":"""",""changes"":[],""source"":{}}]",LX,Store,Store
PB#57,Astera,Pixel Brick,04  7-0313057,Batt LED Uplighters,2023-03-01,,,,,False,False,False,False,False,1,"[{""date"":""2024/12/05"",""user"":""feezahmnsr"",""description"":""2024/12/04 - Full Maintenance By TSM"",""type"":""General"",""cost"":"""",""changes"":[],""source"":{}},{""date"":""2026/04/13"",""user"":""bnjm2000"",""description"":""Updated to version V5.16.26"",""type"":""Update"",""cost"":"""",""changes"":[],""source"":{}}]",LX,Store,Store
PB#58,Astera,Pixel Brick,047-0313547,Batt LED Uplighters,2023-03-01,,,,,False,False,False,False,False,1,"[{""date"":""2024/12/05"",""user"":""feezahmnsr"",""description"":""2024/12/04 - Full Maintenance By TSM"",""type"":""General"",""cost"":"""",""changes"":[],""source"":{}},{""date"":""2024/11/15"",""user"":""bnjm2000"",""description"":""Screen dim, sent to replace"",""type"":""Fault"",""cost"":"""",""changes"":[],""source"":{}},{""date"":""2026/04/13"",""user"":""bnjm2000"",""description"":""Updated to version V5.16.26"",""type"":""Update"",""cost"":"""",""changes"":[],""source"":{}},{""date"":""2024/11/25"",""user"":""bnjm2000"",""description"":""Replaced PB15-HOU-BC - $0"",""type"":""Repair"",""cost"":""0.00"",""changes"":[],""source"":{}}]",LX,Store,Store
PB#59,Astera,Pixel Brick,047-0313940,Batt LED Uplighters,2023-03-01,,,,,False,False,False,False,False,1,"[{""date"":""2024/12/05"",""user"":""feezahmnsr"",""description"":""2024/12/04 - Full Maintenance By TSM"",""type"":""General"",""cost"":"""",""changes"":[],""source"":{}},{""date"":""2026/04/13"",""user"":""bnjm2000"",""description"":""Updated to version V5.16.26"",""type"":""Update"",""cost"":"""",""changes"":[],""source"":{}}]",LX,Store,Store
PB#60,Astera,Pixel Brick,047-0312649,Batt LED Uplighters,2023-03-01,,,,,False,False,False,False,False,1,"[{""date"":""2024/12/05"",""user"":""feezahmnsr"",""description"":""2024/12/04 - Full Maintenance By TSM"",""type"":""General"",""cost"":"""",""changes"":[],""source"":{}},{""date"":""2026/04/13"",""user"":""bnjm2000"",""description"":""Updated to version V5.16.26"",""type"":""Update"",""cost"":"""",""changes"":[],""source"":{}},{""date"":""2026/04/29"",""user"":""bnjm2000"",""description"":""Screen died while charging"",""type"":""Fault"",""cost"":"""",""changes"":[{""kind"":""ooc"",""action"":""marked""}],""source"":{}},{""date"":""2026/05/05"",""user"":""bnjm2000"",""description"":""Ben changed PB15-HOU-BC - $39.52"",""type"":""Repair"",""cost"":""39.52"",""changes"":[{""kind"":""ooc"",""action"":""cleared""}],""source"":{}}]",LX,Store,Store
PB#61,Astera,Pixel Brick,047-0312594,Batt LED Uplighters,2023-03-01,,,,,False,False,False,False,False,1,"[{""date"":""2024/12/05"",""user"":""feezahmnsr"",""description"":""2024/12/04 - Full Maintenance By TSM"",""type"":""General"",""cost"":"""",""changes"":[],""source"":{}},{""date"":""2026/04/13"",""user"":""bnjm2000"",""description"":""Updated to version V5.16.26"",""type"":""Update"",""cost"":"""",""changes"":[],""source"":{}}]",LX,Store,Store
PB#62,Astera,Pixel Brick,047-0312735,Batt LED Uplighters,2023-03-01,,,,,False,False,False,False,False,1,"[{""date"":""2024/12/05"",""user"":""feezahmnsr"",""description"":""2024/12/04 - Full Maintenance By TSM"",""type"":""General"",""cost"":"""",""changes"":[],""source"":{}},{""date"":""2026/04/13"",""user"":""bnjm2000"",""description"":""Updated to version V5.16.26"",""type"":""Update"",""cost"":"""",""changes"":[],""source"":{}}]",LX,Store,Store
PB#63,Astera,Pixel Brick,047-0312678,Batt LED Uplighters,2023-03-01,,,,,False,False,False,False,False,1,"[{""date"":""2024/12/05"",""user"":""feezahmnsr"",""description"":""2024/12/04 - Full Maintenance By TSM"",""type"":""General"",""cost"":"""",""changes"":[],""source"":{}},{""date"":""2026/02/24"",""user"":""bnjm2000"",""description"":""Screen haywire (Standard Chartered CNY Dinner @ Shangri-La Island Ballroom)"",""type"":""Fault"",""cost"":"""",""changes"":[{""kind"":""ooc"",""action"":""marked""}],""source"":{}},{""date"":""2026/04/09"",""user"":""bnjm2000"",""description"":""Sent to TSM\nUpdated to version V5.16.26 \nReplaced PB15 Rear Housing - $40\nService Fee - $80"",""type"":""Repair"",""cost"":""120.00"",""changes"":[{""kind"":""ooc"",""action"":""cleared""}],""source"":{}}]",LX,Store,Store
PB#64,Astera,Pixel Brick,047-0312730,Batt LED Uplighters,2023-03-01,,,,,False,False,False,False,False,1,"[{""date"":""2024/12/05"",""user"":""feezahmnsr"",""description"":""2024/12/04 - Full Maintenance By TSM"",""type"":""General"",""cost"":"""",""changes"":[],""source"":{}},{""date"":""2026/04/13"",""user"":""bnjm2000"",""description"":""Updated to version V5.16.26"",""type"":""Update"",""cost"":"""",""changes"":[],""source"":{}},{""date"":""2024/11/25"",""user"":""bnjm2000"",""description"":""Replaced PB15-HOU-BC - $0"",""type"":""Repair"",""cost"":""0.00"",""changes"":[{""kind"":""ooc"",""action"":""cleared""}],""source"":{}}]",LX,Store,Store
ART7#01,Astera,AsteraBox Art7-U,025-0935934,WIFI AsteraBox CRMX,,,,,,False,False,False,False,False,1,"[{""date"":""2026/04/15"",""user"":""bnjm2000"",""description"":""Updated to V5.14.69"",""type"":""General"",""cost"":"""",""changes"":[],""source"":{}}]",LX,Store,
ART7#02,Astera,AsteraBox Art7-U,,WIFI AsteraBox CRMX,,,,,,False,False,False,False,False,1,"[{""date"":""2026/04/15"",""user"":""bnjm2000"",""description"":""Updated to V5.14.69"",""type"":""General"",""cost"":"""",""changes"":[],""source"":{}}]",LX,Store,
TT#01,Astera,Titan Tube,038-1045958,LED tube,,,,,,False,False,False,False,False,1,,LX,Store,Store
TT#02,Astera,Titan Tube,038-1046322,LED tube,,,,,,False,False,False,False,False,1,,LX,Store,Store
TT#03,Astera,Titan Tube,038-1046351,LED tube,,,,,,False,False,False,False,False,1,,LX,Store,Store
TT#04,Astera,Titan Tube,038-1046352,LED tube,,,,,,False,False,False,False,False,1,,LX,Store,Store
TT#05,Astera,Titan Tube,038-1046362,LED tube,,,,,,False,False,False,False,False,1,,LX,Store,Store
TT#06,Astera,Titan Tube,038-1046368,LED tube,,,,,,False,False,False,False,False,1,,LX,Store,Store
TT#07,Astera,Titan Tube,038-1046374,LED tube,,,,,,False,False,False,False,False,1,,LX,Store,Store
TT#08,Astera,Titan Tube,038-1046376,LED tube,,,,,,False,False,False,False,False,1,,LX,Store,Store
TT#09,Astera,Titan Tube,038-1046398,LED tube,,,,,,False,False,False,False,False,1,,LX,Store,Store
TT#10,Astera,Titan Tube,038-1046404,LED tube,,,,,,False,False,False,False,False,1,,LX,Store,Store
TT#11,Astera,Titan Tube,038-1046408,LED tube,,,,,,False,False,False,False,False,1,,LX,Store,Store
TT#12,Astera,Titan Tube,038-1046427,LED tube,,,,,,False,False,False,False,False,1,,LX,Store,Store
TT#13,Astera,Titan Tube,038-1046434,LED tube,,,,,,False,False,False,False,False,1,,LX,Store,Store
TT#14,Astera,Titan Tube,038-1046457,LED tube,,,,,,False,False,False,False,False,1,,LX,Store,Store
TT#15,Astera,Titan Tube,038-1046460,LED tube,,,,,,False,False,False,False,False,1,,LX,Store,Store
TT#16,Astera,Titan Tube,038-1046461,LED tube,,,,,,False,False,False,False,False,1,,LX,Store,Store
CX1204#01,Lite-Puter,CX-1204,11B11R0299,12 Channel Fader Board,,,,,,False,False,False,False,False,1,,LX,Store,
CX2#01,Lite-Puter,CX-2,11804R0345,6 Channel Fader Board,,,,,,False,False,False,False,False,1,,LX,Store,
DX402A#01,Lite-Puter,DX-402A,07806R2066,4 Channel DMX Dimmer Pack,,,,,,False,False,False,False,False,1,,LX,Store,Store
DX402A#02,Lite-Puter,DX-402A,14109R2041,4 Channel DMX Dimmer Pack,,,,,,False,False,False,False,False,1,,LX,Store,Store
CAMEO#01,Cameo,Unicon Remote Control,CK01900822,DMX/RDM Controller,,,,,,False,False,False,False,False,1,,LX,Store,Store
ECLIPSE#01,Silver Star,Eclipse 1000 RGBAL SS847XAL,MO18112100400034,300W LED Profile Spot,,,,,,False,False,False,False,False,1,,LX,Store,Store
ECLIPSE#02,Silver Star,Eclipse 1000 RGBAL SS847XAL,MO18112100400039,300W LED Profile Spot,,,,,,False,False,False,False,False,1,"[{""date"":""2026/01/08"",""user"":""bnjm2000"",""description"":""Screen not working but able to RDM"",""type"":""Fault"",""cost"":"""",""changes"":[],""source"":{}}]",LX,Store,Store
ECLIPSE#03,Silver Star,Eclipse 1000 RGBAL SS847XAL,MO18112100400030,300W LED Profile Spot,,,,,,False,False,False,False,False,1,,LX,Store,Store
ECLIPSE#04,Silver Star,Eclipse 1000 RGBAL SS847XAL,MO18112100400005,300W LED Profile Spot,,,,,,False,False,False,False,False,1,,LX,Store,Store
ECLIPSE#05,Silver Star,Eclipse 1000 RGBAL SS847XAL,MO18112100400026,300W LED Profile Spot,,,,,,False,False,False,False,False,1,,LX,Store,Store
ECLIPSE#06,Silver Star,Eclipse 1000 RGBAL SS847XAL,MO18112100400016,300W LED Profile Spot,,,,,,False,False,False,False,False,1,,LX,Store,Store
ECLIPSE#07,Silver Star,Eclipse 1000 RGBAL SS847XAL,MO18112139400432,300W LED Profile Spot,,,,,,False,False,False,False,False,1,,LX,Store,Store
ECLIPSE#08,Silver Star,Eclipse 1000 RGBAL SS847XAL,MO18112100400013,300W LED Profile Spot,,,,,,False,False,False,False,False,1,,LX,Store,Store
ECLIPSE#09,Silver Star,Eclipse 1000 RGBAL SS847XAL,MO18112100400029,300W LED Profile Spot,,,,,,False,False,False,False,False,1,,LX,Store,
ECLIPSE#10,Silver Star,Eclipse 1000 RGBAL SS847XAL,MO18112100400027,300W LED Profile Spot,,,,,,False,False,False,False,False,1,,LX,Store,
ECLIPSE#11,Silver Star,Eclipse 1000 RGBAL SS847XAL,MO18112100400006,300W LED Profile Spot,,,,,,False,False,False,False,False,1,,LX,Store,
ECLIPSE#12,Silver Star,Eclipse 1000 RGBAL SS847XAL,MO18112100400023,300W LED Profile Spot,,,,,,False,False,False,False,False,1,,LX,Store,Store
ECLIPSE#13,Silver Star,Eclipse 1000 RGBAL SS847XAL,MO18112100400012,300W LED Profile Spot,,,,,,False,False,False,False,False,1,,LX,Store,Store
ECLIPSE#14,Silver Star,Eclipse 1000 RGBAL SS847XAL,MO18112100400033,300W LED Profile Spot,,,,,,False,False,False,False,False,1,,LX,Store,Store
ECLIPSE#15,Silver Star,Eclipse 1000 RGBAL SS847XAL,MO18112100400028,300W LED Profile Spot,,,,,,False,False,False,False,False,1,,LX,Store,Store
ECLIPSE#16,Silver Star,Eclipse 1000 RGBAL SS847XAL,MO18112100400036,300W LED Profile Spot,,,,,,False,False,False,False,False,1,,LX,Store,Store
ECLIPSE#17,Silver Star,Eclipse 1000 RGBAL SS847XAL,MO18112100400010,300W LED Profile Spot,,,,,,False,False,False,False,False,1,,LX,Store,
ECLIPSE#18,Silver Star,Eclipse 1000 RGBAL SS847XAL,MO18112100400001,300W LED Profile Spot,,,,,,False,False,False,False,False,1,,LX,Store,
ECLIPSE#19,Silver Star,Eclipse 1000 RGBAL SS847XAL,MO18112100400004,300W LED Profile Spot,,,,,,False,False,False,False,False,1,,LX,Store,
ECLIPSE#20,Silver Star,Eclipse 1000 RGBAL SS847XAL,MO18112100400009,300W LED Profile Spot,,,,,,False,False,False,False,False,1,,LX,Store,
ETCZOOM#01,ETC,Source Four Zoom 25-50deg,,750W Tungsten Fixture,,,,,,False,False,False,False,False,1,,LX,Store,Store
ETCZOOM#02,ETC,Source Four Zoom 25-50deg,,750W Tungsten Fixture,,,,,,False,False,False,False,False,1,,LX,Store,Store
ETCZOOM#03,ETC,Source Four Zoom 25-50deg,,750W Tungsten Fixture,,,,,,False,False,False,False,False,1,,LX,Store,Store
ETCZOOM#04,ETC,Source Four Zoom 25-50deg,,750W Tungsten Fixture,,,,,,False,False,False,False,False,1,,LX,Store,Store
ETCZOOM#05,ETC,Source Four Zoom 25-50deg,,750W Tungsten Fixture,,,,,,False,False,False,False,False,1,,LX,Store,Store
ETCZOOM#06,ETC,Source Four Zoom 25-50deg,,750W Tungsten Fixture,,,,,,False,False,False,False,False,1,,LX,Store,Store
ETCZOOM#07,ETC,Source Four Zoom 25-50deg,,750W Tungsten Fixture,,,,,,False,False,False,False,False,1,,LX,Store,
ETCZOOM#08,ETC,Source Four Zoom 25-50deg,,750W Tungsten Fixture,,,,,,False,False,False,False,False,1,,LX,Store,
STRIKEM#01,Pomelo,Photon Strike M,,LED MOVING HEAD STROBE 1200W,,,,,,False,False,False,False,False,1,,LX,Store,Dry Hire: Avery Events
STRIKEM#02,Pomelo,Photon Strike M,,LED MOVING HEAD STROBE 1200W,,,,,,False,False,False,False,False,1,,LX,Store,Store
STRIKEM#03,Pomelo,Photon Strike M,,LED MOVING HEAD STROBE 1200W,,,,,,False,False,False,False,False,1,,LX,Store,Dry Hire: Avery Events
STRIKEM#04,Pomelo,Photon Strike M,,LED MOVING HEAD STROBE 1200W,,,,,,False,False,False,False,False,1,,LX,Store,Dry Hire: Avery Events
STRIKEM#05,Pomelo,Photon Strike M,,LED MOVING HEAD STROBE 1200W,,,,,,False,False,False,False,False,1,,LX,Store,Store
STRIKEM#06,Pomelo,Photon Strike M,,LED MOVING HEAD STROBE 1200W,,,,,,False,False,False,False,False,1,,LX,Store,Store
STRIKEM#07,Pomelo,Photon Strike M,,LED MOVING HEAD STROBE 1200W,,,,,,False,False,False,False,False,1,,LX,Store,Store
STRIKEM#08,Pomelo,Photon Strike M,,LED MOVING HEAD STROBE 1200W,,,,,,False,False,False,False,False,1,,LX,Store,Dry Hire: Avery Events
NICKWASH#01,DTS,NickWash 600,,self-contained compact high-output LED moving head projector,,,,,,False,False,False,False,False,1,,LX,Store,
NICKWASH#02,DTS,NickWash 600,,self-contained compact high-output LED moving head projector,,,,,,False,False,False,False,False,1,,LX,Store,
NICKWASH#03,DTS,NickWash 600,,self-contained compact high-output LED moving head projector,,,,,,False,False,False,False,False,1,,LX,Store,
NICKWASH#04,DTS,NickWash 600,,self-contained compact high-output LED moving head projector,,,,,,False,False,False,False,False,1,,LX,Store,
NICKWASH#05,DTS,NickWash 600,,self-contained compact high-output LED moving head projector,,,,,,False,False,False,False,False,1,,LX,Store,
NICKWASH#06,DTS,NickWash 600,,self-contained compact high-output LED moving head projector,,,,,,False,False,False,False,False,1,,LX,Store,
NICKWASH#07,DTS,NickWash 600,,self-contained compact high-output LED moving head projector,,,,,,False,False,False,False,False,1,,LX,Store,
NICKWASH#08,DTS,NickWash 600,,self-contained compact high-output LED moving head projector,,,,,,False,False,False,False,False,1,,LX,Store,
NICKWASH#09,DTS,NickWash 600,,self-contained compact high-output LED moving head projector,,,,,,False,False,False,False,False,1,,LX,Store,
NICKWASH#10,DTS,NickWash 600,,self-contained compact high-output LED moving head projector,,,,,,False,False,False,False,False,1,,LX,Store,
NICKWASH#11,DTS,NickWash 600,,self-contained compact high-output LED moving head projector,,,,,,False,False,False,False,False,1,,LX,Store,
NICKWASH#12,DTS,NickWash 600,,self-contained compact high-output LED moving head projector,,,,,,False,True,False,False,False,1,,LX,Store,
MVSHAZER#01,Le Maitre,MVS Hazer,5317,Hazer machine,,,,,,False,False,False,False,False,1,,LX,Store,Store
MVSHAZER#02,Le Maitre,MVS Hazer,2222,Hazer machine,,,,,,False,False,False,False,False,1,,LX,Store,Store
63ADB#01,Custom,63A 3-Phase DB,,,,,,,,False,False,False,False,False,1,,ELEC,Store,Store
63ADB#02,Custom,63A 3-Phase DB,,,,,,,,False,False,False,False,False,1,,ELEC,Store,Store
32ADB#02,Custom,32A 3-Phase DB,,,,,,,,False,False,False,False,False,1,,ELEC,Store,Store
LX TREE #01,Versa-Stand,,,Winch Up Lighting Stand,,,,,,False,False,False,False,False,1,,LX,Store,
LX TREE #02,Versa-Stand,,,Winch Up Lighting Stand,,,,,,False,False,False,False,False,1,,LX,Store,
LX TREE #03,Versa-Stand,,,Winch Up Lighting Stand,,,,,,False,False,False,False,False,1,,LX,Store,
LX TREE #04,Versa-Stand,,,Winch Up Lighting Stand,,,,,,False,False,False,False,False,1,,LX,Store,
LX TREE #05,Versa-Stand,,,Winch Up Lighting Stand,,,,,,False,False,False,False,False,1,,LX,Store,
AURORA#01,Lumenradio,Aurora,MAURA100000710,Single Universe DMX/RDM transceiver with WiFi and Bluetooth,,,,,,False,False,False,False,False,1,"[{""date"":""2025/07/30"",""user"":""bnjm2000"",""description"":""Send in to TSM for checking, repair. Signal weak"",""type"":""General"",""cost"":"""",""changes"":[{""kind"":""location"",""value"":""Total Solutions""}],""source"":{}},{""date"":""2025/08/14"",""user"":""bnjm2000"",""description"":""Collected back from TSM, tested to 5m working."",""type"":""General"",""cost"":"""",""changes"":[{""kind"":""location"",""value"":""Store""}],""source"":{}}]",LX,Store,Store
AURORA#02,Lumenradio,Aurora,MAURA100000707,Single Universe DMX/RDM transceiver with WiFi and Bluetooth,,,,,,False,False,False,False,False,1,"[{""date"":""2025/07/30"",""user"":""bnjm2000"",""description"":""Send in to TSM for checking, repair. Signal weak"",""type"":""General"",""cost"":"""",""changes"":[{""kind"":""location"",""value"":""Total Solutions""}],""source"":{}},{""date"":""2025/08/14"",""user"":""bnjm2000"",""description"":""Collected back from TSM, tested to 5m working."",""type"":""General"",""cost"":"""",""changes"":[{""kind"":""location"",""value"":""Store""}],""source"":{}}]",LX,Store,Store
AURORA#03,Lumenradio,Aurora,MAURA100000648,Single Universe DMX/RDM transceiver with WiFi and Bluetooth,,,,,,False,False,False,False,False,1,"[{""date"":""2025/08/14"",""user"":""bnjm2000"",""description"":""Sent into TSM for testing, range issue"",""type"":""Fault"",""cost"":"""",""changes"":[{""kind"":""location"",""value"":""Total Solutions""}],""source"":{}},{""date"":""2025/08/27"",""user"":""bnjm2000"",""description"":""Tested working ok, sent back to us by TSM"",""type"":""General"",""cost"":"""",""changes"":[{""kind"":""location"",""value"":""Store""}],""source"":{}}]",LX,Store,
AURORA#04,Lumenradio,Aurora,MAURA100000981,Single Universe DMX/RDM transceiver with WiFi and Bluetooth,,,,,,False,False,False,False,False,1,"[{""date"":""2025/08/14"",""user"":""bnjm2000"",""description"":""Sent into TSM for testing, range issue"",""type"":""Fault"",""cost"":"""",""changes"":[{""kind"":""location"",""value"":""Total Solutions""}],""source"":{}},{""date"":""2025/08/27"",""user"":""bnjm2000"",""description"":""Tested working ok, sent back to us by TSM"",""type"":""General"",""cost"":"""",""changes"":[{""kind"":""location"",""value"":""Store""}],""source"":{}}]",LX,Store,Store
DMX RECORDER #01,Swisson,XRC-200,2304738,DMX Recorder,,,,,,False,False,False,False,False,1,,LX,Store,Store
MOONLITE WDMX #01,Lumenradio,MoonLite,JMRFO000000087,,,,,,,False,False,False,False,False,1,,LX,Store,
TRIM-TWO#01,Radial Engineering,Trim-two,,Stereo DI with Level Control,,,,,,False,False,False,False,False,1,,AX,Store,Store
TRIM-TWO#02,Radial Engineering,Trim-two,,Stereo DI with Level Control,,,,,,False,False,False,False,False,1,,AX,Store,
J48M#01,Radial Engineering,J48 Mono,1466800,Phantom Powered Active Direct Injection Box,,,,,,False,False,False,False,False,1,,AX,Store,Store
J48M#02,Radial Engineering,J48 Mono,1466824,Phantom Powered Active Direct Injection Box,,,,,,False,False,False,False,False,1,,AX,Store,
J48M#03,Radial Engineering,J48 Mono,1466825,Phantom Powered Active Direct Injection Box,,,,,,False,False,False,False,False,1,,AX,Store,Store
J48M#04,Radial Engineering,J48 Mono,1466872,Phantom Powered Active Direct Injection Box,,,,,,False,False,False,False,False,1,,AX,Store,Store
J48M#05,Radial Engineering,J48 Mono,1466797,Phantom Powered Active Direct Injection Box,,,,,,False,False,False,False,False,1,,AX,Store,Store
J48M#06,Radial Engineering,J48 Mono,1466844,Phantom Powered Active Direct Injection Box,,,,,,False,False,False,False,False,1,,AX,Store,Store
J48M#07,Radial Engineering,J48 Mono,,Phantom Powered Active Direct Injection Box,,,,,,False,False,False,False,False,1,,AX,Store,Store
J48M#08,Radial Engineering,J48 Mono,,Phantom Powered Active Direct Injection Box,,,,,,False,False,False,False,False,1,,AX,Store,Store
J48M#09,Radial Engineering,J48 Mono,,Phantom Powered Active Direct Injection Box,,,,,,False,False,False,False,False,1,,AX,Store,Store
J48M#10,Radial Engineering,J48 Mono,,Phantom Powered Active Direct Injection Box,,,,,,False,False,False,False,False,1,,AX,Store,Store
J48S#01,Radial Engineering,J48 Stereo,1294292,Phantom Powered Active Direct Injection Box,,,,,,False,False,False,False,False,1,,AX,Store,
J48S#02,Radial Engineering,J48 Stereo,447219,Phantom Powered Active Direct Injection Box,,,,,,False,False,False,False,False,1,,AX,Store,Store
J48S#03,Radial Engineering,J48 Stereo,1477169,Phantom Powered Active Direct Injection Box,,,,,,False,False,False,False,False,1,,AX,Store,Store
J48S#04,Radial Engineering,J48 Stereo,1477195,Phantom Powered Active Direct Injection Box,,,,,,False,False,False,False,False,1,,AX,Store,Store
J48S#05,Radial Engineering,J48 Stereo,1477239,Phantom Powered Active Direct Injection Box,,,,,,False,False,False,False,False,1,,AX,Store,Store
J48S#06,Radial Engineering,J48 Stereo,1477193,Phantom Powered Active Direct Injection Box,,,,,,False,False,False,False,False,1,"[{""date"":""2025/10/18"",""user"":""bnjm2000"",""description"":""Reported R side no sound (Wedding of Matthew Chia & Teresa Su @ Capella)"",""type"":""Fault"",""cost"":"""",""changes"":[{""kind"":""ooc"",""action"":""marked""}],""source"":{}},{""date"":""2025/12/22"",""user"":""bnjm2000"",""description"":""Tested working by Rafie."",""type"":""General"",""cost"":"""",""changes"":[{""kind"":""ooc"",""action"":""cleared""}],""source"":{}}]",AX,Store,Store
JDIM#01,Radial Engineering,JDI Mono,1662070,Passive Direct Injection Box,2026-01-08,,,,,False,False,False,False,False,1,,AX,Store,Store
JDIM#02,Radial Engineering,JDI Mono,1682509,Passive Direct Injection Box,2026-01-08,,,,,False,False,False,False,False,1,,AX,Store,Store
JDIM#03,Radial Engineering,JDI Mono,1682514,Passive Direct Injection Box,2026-01-08,,,,,False,False,False,False,False,1,,AX,Store,Store
JDIM#04,Radial Engineering,JDI Mono,1682546,Passive Direct Injection Box,2026-01-08,,,,,False,False,False,False,False,1,,AX,Store,Store
JDIS#01,Radial Engineering,JDI Stereo,1454842,Passive Direct Injection Box,2026-01-08,,,,,False,False,False,False,False,1,,AX,Store,Store
JDIS#02,Radial Engineering,JDI Stereo,1703726,Passive Direct Injection Box,2026-01-08,,,,,False,False,False,False,False,1,,AX,Store,Store
JDIS#03,Radial Engineering,JDI Stereo,1703775,Passive Direct Injection Box,2026-01-08,,,,,False,False,False,False,False,1,,AX,Store,Store
JDIS#04,Radial Engineering,JDI Stereo,1703777,Passive Direct Injection Box,2026-01-08,,,,,False,False,False,False,False,1,,AX,Store,Store
USBPRO#01,Radial Engineering,USB-Pro,1550806,USB direct box,,,,,,False,False,False,False,False,1,,AX,Store,
USBPRO#02,Radial Engineering,USB-Pro,1550781,USB direct box,,,,,,False,False,False,False,False,1,,AX,Store,
USBPRO#03,Radial Engineering,USB-Pro,1550854,USB direct box,,,,,,False,False,False,False,False,1,,AX,Store,
USBPRO#04,Radial Engineering,USB-Pro,1550783,USB direct box,,,,,,False,False,False,False,False,1,,AX,Store,
DN100#01,Klark Teknik,DN100,,,,,,,,False,False,False,False,False,1,,AX,Store,
DN100#02,Klark Teknik,DN100,,,,,,,,False,False,False,False,False,1,,AX,Store,
DN100#03,Klark Teknik,DN100,,,,,,,,False,False,False,False,False,1,,AX,Store,
DN100#04,Klark Teknik,DN100,,,,,,,,False,False,False,False,False,1,,AX,Store,
DN100#05,Klark Teknik,DN100,,,,,,,,False,False,False,False,False,1,,AX,Store,
DN200#01,Klark Teknik,DN200,,,,,,,,False,False,False,False,False,1,,AX,Store,
DN200#02,Klark Teknik,DN200,,,,,,,,False,False,False,False,False,1,,AX,Store,
DN200#03,Klark Teknik,DN200,,,,,,,,False,False,False,False,False,1,,AX,Store,Store
PULSE2#01,Analogue Way,Pulse 2,,Video Switcher,,,,,,False,False,False,False,False,1,,VX,Store,NSBA Rooftop Opening Ceremony @ Temple
ISOG2#01,Blackmagic Design,Atem Mini Extreme ISO G2,14156847,Video Switcher,2025-11-13,,,,,False,False,False,False,False,1,,VX,Store,NSBA Ground Breaking Ceremony @ Senja Close
40INCH#01,Sharp,,,"40"" TV",,,,,,False,False,False,False,False,1,,VX,Store,Store
40INCH#02,Sharp,,,"40"" TV",,,,,,False,False,False,False,False,1,,VX,Store,Store
43INCH#01,LG,43UP7550PTC,107INYD4W306,"43"" TV",,,,,,False,False,False,False,False,1,,VX,Store,Store
43INCH#02,LG,43UQ7550PSF,207INAR56288,"43"" TV",,,,,,False,False,False,False,False,1,,VX,Store,Store
46INCH#01,Sharp,,,"46"" TV",,,,,,False,False,False,False,False,1,,VX,Store,
46INCH#02,Sharp,,,"46"" TV",,,,,,False,False,False,False,False,1,,VX,Store,
75INCH#01,Samsung,,,"75"" Smart TV",,,,,,False,False,False,False,False,1,,VX,Store,
75INCH#02,Samsung,,,"75"" Smart TV",,,,,,False,False,False,False,False,1,,VX,Store,
QM50C#01,Samsung,LH50QHCEBGCXXS,0RTCHNFY700001W,"50"" Crystal UHD Signage",,,,,,False,False,False,False,False,1,,VX,Store,Store
QM50C#02,Samsung,LH50QHCEBGCXXS,0RTCHNFY700002K,"50"" Crystal UHD Signage",,,,,,False,False,False,False,False,1,,VX,Store,Store
QM50C#03,Samsung,LH50QHCEBGCXXS,0RTCHNFY700003D,"50"" Crystal UHD Signage",,,,,,False,False,False,False,False,1,,VX,Store,Store
QM50C#04,Samsung,LH50QHCEBGCXXS,0RTCHNFY700008H,"50"" Crystal UHD Signage",,,,,,False,False,False,False,False,1,,VX,Store,Store
QM75C#01,Samsung,LH75QMCEBGCXXS,0R3KHNIXA00066,"75"" Crystal UHD Signage",2025-01-06,,,,,False,False,False,False,False,1,,VX,Store,Store
QM75C#02,Samsung,LH75QMCEBGCXXS,0R3KHNIXA00086,"75"" Crystal UHD Signage",2025-01-06,,,,,False,False,False,False,False,1,,VX,Store,Store
QM75C#03,Samsung,LH75QMCEBGCXXS,0R3KHNIXA00093,"75"" Crystal UHD Signage",2025-01-06,,,,,False,False,False,False,False,1,,VX,Store,Store
QM75C#04,Samsung,LH75QMCEBGCXXS,0R3KHNIXA00094,"75"" Crystal UHD Signage",2025-01-06,,,,,False,False,False,False,False,1,,VX,Store,Store
QM85C#01,Samsung,LH85QMCEBGCXXS,0R3NHNIX600093,"85"" Crystal UHD Signage",2025-01-06,,,,,False,False,False,False,False,1,,VX,Store,
QM85C#02,Samsung,LH85QMCEBGCXXS,0R3NHNIXA00012N,"85"" Crystal UHD Signage",2025-01-06,,,,,False,False,False,False,False,1,,VX,Store,
QM85C#03,Samsung,LH85QMCEBGCXXS,0R3NHNIX600095K,"85"" Crystal UHD Signage",2025-01-06,,,,,False,False,False,False,False,1,,VX,Store,Store
QM85C#04,Samsung,LH85QMCEBGCXXS,0R3NHNIX600098,"85"" Crystal UHD Signage",2025-01-06,,,,,False,False,False,False,False,1,,VX,Store,
SAMSUNG65#01,Samsung,UN65TU8000F,09L33CSN302823E,"65"" Crystal UHD 4K Smart TV (2020)",,,,,,False,False,False,False,False,1,,VX,Store,
SAMSUNG65#02,Samsung,UN65TU8000F,09L33CSNB02041F,"65"" Crystal UHD 4K Smart TV (2020)",,,,,,False,False,False,False,False,1,,VX,Store,
SAMSUNG65#03,Samsung,UN65TU8000F,,"65"" Crystal UHD 4K Smart TV (2020)",,,,,,False,False,False,False,False,1,,VX,Store,
SAMSUNG65#04,Samsung,UN65TU8000F,,"65"" Crystal UHD 4K Smart TV (2020)",,,,,,False,False,False,False,False,1,,VX,Store,
SAMSUNG65#05,Samsung,UN65TU8000F,09L33CCNB06409V,"65"" Crystal UHD 4K Smart TV (2020)",,,,,,False,False,False,False,False,1,,VX,Store,Store
SAMSUNG65#06,Samsung,UN65TU8000F,09L33CDN800913P,"65"" Crystal UHD 4K Smart TV (2020)",,,,,,False,False,False,False,False,1,,VX,Store,Store
SAMSUNG65#07,Samsung,UN65TU8000F,,"65"" Crystal UHD 4K Smart TV (2020)",,,,,,False,False,False,False,False,1,,VX,Store,
SAMSUNG55#01,Samsung,UN55TU8000F,09KY3CTN800725V,"55"" Crystal UHD 4K Smart TV (2020)",,,,,,False,False,False,False,False,1,,VX,Store,
SAMSUNG55#02,Samsung,UN55TU8000F,09KY3CNNB02495L,"55"" Crystal UHD 4K Smart TV (2020)",,,,,,False,False,False,False,False,1,,VX,Store,
SAMSUNG55#03,Samsung,UN55TU8000F,09KY3CAR102988N,"55"" Crystal UHD 4K Smart TV (2020)",,,,,,False,False,False,False,False,1,,VX,Store,Store
SAMSUNG55#04,Samsung,UN55TU8000F,09KY3CXNC06984M,"55"" Crystal UHD 4K Smart TV (2020)",,,,,,False,False,False,False,False,1,,VX,Store,Store
SAMSUNG55#05,Samsung,UN55TU8000F,09KY3CDN802991X,"55"" Crystal UHD 4K Smart TV (2020)",,,,,,False,False,False,False,False,1,,VX,Store,Store
SAMSUNG55#06,Samsung,UN55TU8000F,0DBK3SDN511064T,"55"" Crystal UHD 4K Smart TV (2020)",,,,,,False,False,False,False,False,1,,VX,Store,Store
LG50#01,LG,50NANO75TPA,104INZY62629,"50"" Crystal UHD 4K Smart TV (2020)",,,,,,False,False,False,False,False,1,,VX,Store,
LG50#02,LG,50NANO75TPA,209INHZ4B729,"50"" Crystal UHD 4K Smart TV (2020)",,,,,,False,False,False,False,False,1,,VX,Store,
LG50#03,LG,50NANO75TPA,209INVM4B727,"50"" Crystal UHD 4K Smart TV (2020)",,,,,,False,False,False,False,False,1,,VX,Store,
LG50#04,LG,50NANO75TPA,209INPT4B728,"50"" Crystal UHD 4K Smart TV (2020)",,,,,,False,False,False,False,False,1,,VX,Store,
CMD8#01,Chain Master,D8,,1 ton electric chain hoist c/w 18m chain,,,,,,False,False,False,False,False,1,"[{""date"":""2025/09/09"",""user"":""bnjm2000"",""description"":""Maintenance done - greased chain"",""type"":""General"",""cost"":"""",""changes"":[],""source"":{}}]",STG,Store,Store
CMD8#02,Chain Master,D8,,1 ton electric chain hoist c/w 18m chain,,,,,,False,False,False,False,False,1,"[{""date"":""2025/09/09"",""user"":""bnjm2000"",""description"":""Maintenance done - greased chain"",""type"":""General"",""cost"":"""",""changes"":[],""source"":{}}]",STG,Store,Store
CMD8#03,Chain Master,D8,,1 ton electric chain hoist c/w 18m chain,,,,,,False,False,False,False,False,1,"[{""date"":""2025/09/09"",""user"":""bnjm2000"",""description"":""Maintenance done - greased chain"",""type"":""General"",""cost"":"""",""changes"":[],""source"":{}}]",STG,Store,Store
CMD8#04,Chain Master,D8,,1 ton electric chain hoist c/w 18m chain,,,,,,False,False,False,False,False,1,"[{""date"":""2025/09/09"",""user"":""bnjm2000"",""description"":""Maintenance done - greased chain"",""type"":""General"",""cost"":"""",""changes"":[],""source"":{}}]",STG,Store,Store
CMD8#05,Chain Master,D8,,1 ton electric chain hoist c/w 18m chain,,,,,,False,False,False,False,False,1,"[{""date"":""2025/09/09"",""user"":""bnjm2000"",""description"":""Maintenance done - greased chain"",""type"":""General"",""cost"":"""",""changes"":[],""source"":{}}]",STG,Store,Store
CMD8#06,Chain Master,D8,,1 ton electric chain hoist c/w 18m chain,,,,,,False,False,False,False,False,1,"[{""date"":""2025/09/09"",""user"":""bnjm2000"",""description"":""Maintenance done - greased chain"",""type"":""General"",""cost"":"""",""changes"":[],""source"":{}}]",STG,Store,Store
CMD8#07,Chain Master,D8,,1 ton electric chain hoist c/w 18m chain,,,,,,False,False,False,False,False,1,"[{""date"":""2025/09/09"",""user"":""bnjm2000"",""description"":""Maintenance done - greased chain"",""type"":""General"",""cost"":"""",""changes"":[],""source"":{}}]",STG,Store,Store
CMD8#08,Chain Master,D8,,1 ton electric chain hoist c/w 18m chain,,,,,,False,False,False,False,False,1,"[{""date"":""2025/09/09"",""user"":""bnjm2000"",""description"":""Maintenance done - greased chain"",""type"":""General"",""cost"":"""",""changes"":[],""source"":{}}]",STG,Store,Store
CMD8#09,Chain Master,D8,,1 ton electric chain hoist c/w 18m chain,,,,,,False,False,False,False,False,1,"[{""date"":""2025/09/09"",""user"":""bnjm2000"",""description"":""Maintenance done - greased chain"",""type"":""General"",""cost"":"""",""changes"":[],""source"":{}}]",STG,Store,Store
CMD8#10,Chain Master,D8,,1 ton electric chain hoist c/w 18m chain,,,,,,False,False,False,False,False,1,"[{""date"":""2025/09/09"",""user"":""bnjm2000"",""description"":""Maintenance done - greased chain"",""type"":""General"",""cost"":"""",""changes"":[],""source"":{}}]",STG,Store,Store
CMD8#11,Chain Master,D8,,1 ton electric chain hoist c/w 18m chain,,,,,,False,False,False,False,False,1,"[{""date"":""2025/09/09"",""user"":""bnjm2000"",""description"":""Maintenance done - greased chain"",""type"":""General"",""cost"":"""",""changes"":[],""source"":{}}]",STG,Store,Store
CMD8#12,Chain Master,D8,,1 ton electric chain hoist c/w 18m chain,,,,,,False,False,False,False,False,1,"[{""date"":""2025/09/09"",""user"":""bnjm2000"",""description"":""Maintenance done - greased chain"",""type"":""General"",""cost"":"""",""changes"":[],""source"":{}}]",STG,Store,Store
CONTROLLER#01,Custom,Chain Hoist Controller,,Chain Hoist Controller,,,,,,False,False,False,False,False,1,,STG,Store,Store
HERCULES 8#01,Fenix,HERCULES 8,180439_30,Frontal lifting tower array lifter,2025-05-29,,,,,False,False,False,False,False,1,"[{""date"":""2025/07/03"",""user"":""bnjm2000"",""description"":""Discovered frayed metal cable during BBC 2025 @ GBTB"",""type"":""Fault"",""cost"":"""",""changes"":[{""kind"":""ooc"",""action"":""marked""}],""source"":{}},{""date"":""2025/07/09"",""user"":""bnjm2000"",""description"":""Sent to LSD or servicing (Service order no. 1636)"",""type"":""General"",""cost"":"""",""changes"":[{""kind"":""location"",""value"":""LSD SG""}],""source"":{}},{""date"":""2025/09/16"",""user"":""bnjm2000"",""description"":""Collected back from LSD, tested working"",""type"":""General"",""cost"":"""",""changes"":[{""kind"":""location"",""value"":""Store""},{""kind"":""ooc"",""action"":""cleared""},{""kind"":""missing"",""action"":""cleared""}],""source"":{}},{""date"":""2026/04/21"",""user"":""bnjm2000"",""description"":""Scratched arm and bent handle (Dry Rental: XC Lighting)"",""type"":""Fault"",""cost"":"""",""changes"":[],""source"":{}}]",AX,Store,Store
HERCULES 8#02,Fenix,HERCULES 8,180439_28,Frontal lifting tower array lifter,2025-05-29,,,,,False,False,False,False,False,1,"[{""date"":""2026/04/21"",""user"":""bnjm2000"",""description"":""Missing securing pin and 2 stopper (Dry Rental: XC Lighting)"",""type"":""General"",""cost"":"""",""changes"":[],""source"":{}}]",AX,Store,Store
MASTER4KTX#01,Accsoon,Cineview Master 4K TX,WIT07-0137-BE0F,Wireless SDI/HDMI Transmitter,2025-08-12,,,,,False,False,False,False,False,1,"[{""id"":""7fb4741bb0efe5ffd07b885a"",""date"":""2026/06/27"",""user"":""bnjm2000"",""description"":""Updated to V3.34"",""type"":""Update"",""cost"":"""",""changes"":[],""source"":{}}]",VX,Store,NSBA Rooftop Opening Ceremony @ Temple
MASTER4KTX#02,Accsoon,Cineview Master 4K TX,WIT07-0938-BE0B,Wireless SDI/HDMI Transmitter,2025-08-12,,,,,False,False,False,False,False,1,,VX,Store,Dry Hire: Avery Events
MASTER4KRX#01,Accsoon,Cineview Master 4K RX,WIT07-0672-BE0F,Wireless SDI/HDMI Receiver,2025-08-12,,,,,False,False,False,False,False,1,"[{""id"":""193934b87265e16cea6c01dc"",""date"":""2026/06/27"",""user"":""bnjm2000"",""description"":""Updated to V3.34"",""type"":""Update"",""cost"":"""",""changes"":[],""source"":{}}]",VX,Store,NSBA Ground Breaking Ceremony @ Senja Close
MASTER4KRX#02,Accsoon,Cineview Master 4K RX,WIT07-1438-BE0B,Wireless SDI/HDMI Receiver,2025-08-12,,,,,False,False,False,False,False,1,,VX,Store,Dry Hire: Avery Events
MASTER4KRX#03,Accsoon,Cineview Master 4K RX,WIT07-1377-BE0B,Wireless SDI/HDMI Receiver,2025-08-12,,,,,False,False,False,False,False,1,"[{""id"":""04c882db84183e225a2a1c8b"",""date"":""2026/06/27"",""user"":""bnjm2000"",""description"":""Updated to V3.34"",""type"":""Update"",""cost"":"""",""changes"":[],""source"":{}}]",VX,Store,NSBA Rooftop Opening Ceremony @ Temple
PERFECTCUE#01,DSAN,PerfectCue Mini,24-24582,Professional Wireless Clicker,,,,,,False,False,False,False,False,1,,VX,Store,Store
CLICKER#01,DSAN,PerfectCue Mini,,Professional Wireless Clicker,,,,,,False,False,False,False,False,1,"[{""date"":""2026/01/22"",""user"":""bnjm2000"",""description"":""Discovered that battery was dead (STPI Symposium @ 72-13)"",""type"":""Fault"",""cost"":"""",""changes"":[{""kind"":""ooc"",""action"":""marked""}],""source"":{}},{""date"":""2026/01/27"",""user"":""bnjm2000"",""description"":""Replaced battery. Tested working"",""type"":""Repair"",""cost"":"""",""changes"":[{""kind"":""ooc"",""action"":""cleared""}],""source"":{}}]",VX,Store,Store
CLICKER#02,DSAN,PerfectCue Mini,,Professional Wireless Clicker,,,,,,False,False,False,False,False,1,"[{""id"":""1ac0ced61bc3e5892a4da6b1"",""date"":""2026/01/27"",""user"":""bnjm2000"",""description"":""Replaced battery."",""type"":""Preventative maintenance"",""cost"":"""",""changes"":[],""source"":{}}]",VX,Store,
PERFECTCUE#02,DSAN,PerfectCue Mini,15-8294,Professional Wireless Clicker,,,,,,False,False,False,False,False,1,,VX,Store,Store
CLICKER#03,DSAN,PerfectCue Mini,,Professional Wireless Clicker,,,,,,False,False,False,False,False,1,,VX,Store,Store
CLICKER#04,DSAN,PerfectCue Mini,,Professional Wireless Clicker,,,,,,False,False,False,False,False,1,,VX,Store,Store
SBS#01,Sennheiser,Spectera Base Station,1205000475,1RU Spectera Base Station,2025-09-16,,,,,False,False,False,False,False,1,"[{""date"":""2026/03/12"",""user"":""bnjm2000"",""description"":""Updated to v1.2.6"",""type"":""Update"",""cost"":"""",""changes"":[],""source"":{}},{""date"":""2026/04/20"",""user"":""bnjm2000"",""description"":""Updated to v1.3.0"",""type"":""Update"",""cost"":"""",""changes"":[],""source"":{}},{""date"":""2026/05/02"",""user"":""bnjm2000"",""description"":""Installed MADI slot card SN: 1445001225"",""type"":""General"",""cost"":"""",""changes"":[],""source"":{}},{""id"":""8b9a0db75d795024a9d43408"",""date"":""2026/05/22"",""user"":""bnjm2000"",""description"":""Update to v1.3.3"",""type"":""Update"",""cost"":"""",""changes"":[],""source"":{}}]",AX,Store,Dry Hire: Avery Events
SEK#01,Sennheiser,SEK(UHF),1165001727,Spectera Bidirectional bodypack,2025-09-16,,,,,False,False,False,False,False,1,"[{""id"":""0831c05669ac5a6cb89ac331"",""date"":""2026/03/12"",""user"":""bnjm2000"",""description"":""Updated to v1.2.6"",""type"":""Update"",""cost"":"""",""changes"":[],""source"":{}},{""id"":""c0f508915a6ad8c85ed8589d"",""date"":""2026/05/22"",""user"":""bnjm2000"",""description"":""Update to v1.3.3"",""type"":""Update"",""cost"":"""",""changes"":[],""source"":{}},{""id"":""fe4cd361197d06e6d33f915a"",""date"":""2026/04/20"",""user"":""bnjm2000"",""description"":""Updated to v1.3.0"",""type"":""Update"",""cost"":"""",""changes"":[],""source"":{}}]",AX,Store,Dry Hire: Avery Events
SEK#02,Sennheiser,SEK(UHF),1165001729,Spectera Bidirectional bodypack,2025-09-16,,,,,False,False,False,False,False,1,"[{""id"":""e39fd46ef46ae442866bdf03"",""date"":""2026/03/12"",""user"":""bnjm2000"",""description"":""Updated to v1.2.6"",""type"":""Update"",""cost"":"""",""changes"":[],""source"":{}},{""id"":""abe4d9123706c57e99ca746b"",""date"":""2026/05/22"",""user"":""bnjm2000"",""description"":""Update to v1.3.3"",""type"":""Update"",""cost"":"""",""changes"":[],""source"":{}}]",AX,Store,Dry Hire: Avery Events
SEK#03,Sennheiser,SEK(UHF),1195001949,Spectera Bidirectional bodypack,2025-09-16,,,,,False,False,False,False,False,1,"[{""id"":""6370d5d426918e2d88b61a76"",""date"":""2026/03/12"",""user"":""bnjm2000"",""description"":""Updated to v1.2.6"",""type"":""Update"",""cost"":"""",""changes"":[],""source"":{}},{""id"":""419f088974cc0a2e15d264e4"",""date"":""2026/05/22"",""user"":""bnjm2000"",""description"":""Update to v1.3.3"",""type"":""Update"",""cost"":"""",""changes"":[],""source"":{}},{""id"":""e90734d93ba20e6d11d2facf"",""date"":""2026/04/20"",""user"":""bnjm2000"",""description"":""Updated to v1.3.0"",""type"":""Update"",""cost"":"""",""changes"":[],""source"":{}}]",AX,Store,Dry Hire: Avery Events
SEK#04,Sennheiser,SEK(UHF),1195001964,Spectera Bidirectional bodypack,2025-09-16,,,,,False,False,False,False,False,1,"[{""id"":""38bbe79f2bb789f4a2c33559"",""date"":""2026/03/12"",""user"":""bnjm2000"",""description"":""Updated to v1.2.6"",""type"":""Update"",""cost"":"""",""changes"":[],""source"":{}},{""id"":""5a76d76a3de998e7d5c7a329"",""date"":""2026/05/22"",""user"":""bnjm2000"",""description"":""Update to v1.3.3"",""type"":""Update"",""cost"":"""",""changes"":[],""source"":{}},{""id"":""d0588cdfd2f0b30058d93a14"",""date"":""2026/04/20"",""user"":""bnjm2000"",""description"":""Updated to v1.3.0"",""type"":""Update"",""cost"":"""",""changes"":[],""source"":{}}]",AX,Store,Dry Hire: Avery Events
SEK#05,Sennheiser,SEK(UHF),1195001965,Spectera Bidirectional bodypack,2025-09-16,,,,,False,False,False,False,False,1,"[{""id"":""62781bcc6be7a9685734cd32"",""date"":""2026/03/12"",""user"":""bnjm2000"",""description"":""Updated to v1.2.6"",""type"":""Update"",""cost"":"""",""changes"":[],""source"":{}},{""id"":""16ac8257ef6fdd5cd621b450"",""date"":""2026/05/22"",""user"":""bnjm2000"",""description"":""Update to v1.3.3"",""type"":""Update"",""cost"":"""",""changes"":[],""source"":{}}]",AX,Store,Dry Hire: Avery Events
SEK#06,Sennheiser,SEK(UHF),1195001966,Spectera Bidirectional bodypack,2025-09-16,,,,,False,False,False,False,False,1,"[{""id"":""9e5f02052a134f0412b0327f"",""date"":""2026/03/12"",""user"":""bnjm2000"",""description"":""Updated to v1.2.6"",""type"":""Update"",""cost"":"""",""changes"":[],""source"":{}},{""id"":""8f52f91a365c680737c387d8"",""date"":""2026/05/22"",""user"":""bnjm2000"",""description"":""Update to v1.3.3"",""type"":""Update"",""cost"":"""",""changes"":[],""source"":{}}]",AX,Store,Dry Hire: Avery Events
SEK#07,Sennheiser,SEK(UHF),1195001968,Spectera Bidirectional bodypack,2025-09-16,,,,,False,False,False,False,False,1,"[{""id"":""87a2f973db6eb174380cdd4d"",""date"":""2026/03/12"",""user"":""bnjm2000"",""description"":""Updated to v1.2.6"",""type"":""Update"",""cost"":"""",""changes"":[],""source"":{}},{""id"":""4f632fa3ec4a58c6368779d1"",""date"":""2026/05/22"",""user"":""bnjm2000"",""description"":""Update to v1.3.3"",""type"":""Update"",""cost"":"""",""changes"":[],""source"":{}},{""id"":""2019e5a973e199640cede654"",""date"":""2026/04/20"",""user"":""bnjm2000"",""description"":""Updated to v1.3.0"",""type"":""Update"",""cost"":"""",""changes"":[],""source"":{}}]",AX,Store,Dry Hire: Avery Events
SEK#08,Sennheiser,SEK(UHF),1195001986,Spectera Bidirectional bodypack,2025-09-16,,,,,False,False,False,False,False,1,"[{""id"":""fc0d80e6b96419091e30cb5a"",""date"":""2026/03/12"",""user"":""bnjm2000"",""description"":""Updated to v1.2.6"",""type"":""Update"",""cost"":"""",""changes"":[],""source"":{}},{""id"":""a82c98e1a2128cd8b270e6cc"",""date"":""2026/05/22"",""user"":""bnjm2000"",""description"":""Update to v1.3.3"",""type"":""Update"",""cost"":"""",""changes"":[],""source"":{}}]",AX,Store,Dry Hire: Avery Events
SEK#09,Sennheiser,SEK(UHF),1195002041,Spectera Bidirectional bodypack,2025-09-16,,,,,False,False,False,False,False,1,"[{""id"":""2b6e728db6fbb92bc8c4b685"",""date"":""2026/03/12"",""user"":""bnjm2000"",""description"":""Updated to v1.2.6"",""type"":""Update"",""cost"":"""",""changes"":[],""source"":{}},{""id"":""9186363b984f853932b86a6d"",""date"":""2026/05/22"",""user"":""bnjm2000"",""description"":""Update to v1.3.3"",""type"":""Update"",""cost"":"""",""changes"":[],""source"":{}}]",AX,Store,Dry Hire: Avery Events
SEK#10,Sennheiser,SEK(UHF),1195002042,Spectera Bidirectional bodypack,2025-09-16,,,,,False,False,False,False,False,1,"[{""id"":""8a2c2a7ee529bb5b99bb2153"",""date"":""2026/03/12"",""user"":""bnjm2000"",""description"":""Updated to v1.2.6"",""type"":""Update"",""cost"":"""",""changes"":[],""source"":{}},{""id"":""3e382ecc85cc12627c3574b6"",""date"":""2026/05/22"",""user"":""bnjm2000"",""description"":""Update to v1.3.3"",""type"":""Update"",""cost"":"""",""changes"":[],""source"":{}},{""id"":""346cbd96a253c2cc528a3093"",""date"":""2026/04/20"",""user"":""bnjm2000"",""description"":""Updated to v1.3.0"",""type"":""Update"",""cost"":"""",""changes"":[],""source"":{}}]",AX,Store,Store
DAD#01,Sennheiser,DAD(UHF),1185001690,Spectera Bidirectional digital antenna,2025-09-16,,,,,False,False,False,False,False,1,"[{""id"":""2d4b6085e9b3dcfd885367cf"",""date"":""2026/03/12"",""user"":""bnjm2000"",""description"":""Updated to v1.2.6"",""type"":""Update"",""cost"":"""",""changes"":[],""source"":{}},{""id"":""634381c175a89efee9c0156e"",""date"":""2026/05/22"",""user"":""bnjm2000"",""description"":""Update to v1.3.3"",""type"":""Update"",""cost"":"""",""changes"":[],""source"":{}},{""id"":""e8d7992b7a5e3fa728a706bf"",""date"":""2026/04/20"",""user"":""bnjm2000"",""description"":""Updated to v1.3.0"",""type"":""Update"",""cost"":"""",""changes"":[],""source"":{}}]",AX,Store,Dry Hire: Avery Events
DAD#02,Sennheiser,DAD(UHF),1185001691,Spectera Bidirectional digital antenna,2025-09-16,,,,,False,False,False,False,False,1,"[{""id"":""9d03329fa6780e683d4a44b3"",""date"":""2026/03/12"",""user"":""bnjm2000"",""description"":""Updated to v1.2.6"",""type"":""Update"",""cost"":"""",""changes"":[],""source"":{}},{""id"":""f350fd79f9b777d01996e487"",""date"":""2026/05/22"",""user"":""bnjm2000"",""description"":""Update to v1.3.3"",""type"":""Update"",""cost"":"""",""changes"":[],""source"":{}}]",AX,Store,Dry Hire: Avery Events
L6000#01,Sennheiser,L6000,1134005936,Rackmount Charger,2025-09-16,,,,,False,False,False,False,False,1,,AX,Store,
LM6070#01,Sennheiser,LM6070,,Charging module for the L 6000 rack-mount charger,2025-09-16,,,,,False,False,False,False,False,1,,AX,Store,
LM6070#02,Sennheiser,LM6070,,Charging module for the L 6000 rack-mount charger,2025-09-16,,,,,False,False,False,False,False,1,,AX,Store,
LM6070#03,Sennheiser,LM6070,,Charging module for the L 6000 rack-mount charger,2025-09-16,,,,,False,False,False,False,False,1,,AX,Store,
LM6070#04,Sennheiser,LM6070,,Charging module for the L 6000 rack-mount charger,2025-09-16,,,,,False,False,False,False,False,1,,AX,Store,
BA70#01,Sennheiser,BA70,0241008002944,Lithium Ion rechargeable battery,2025-09-16,,,,,False,False,False,False,False,1,,AX,Store,
BA70#02,Sennheiser,BA70,0241008002955,Lithium Ion rechargeable battery,2025-09-16,,,,,False,False,False,False,False,1,,AX,Store,
BA70#03,Sennheiser,BA70,0423000334,Lithium Ion rechargeable battery,2025-09-16,,,,,False,False,False,False,False,1,,AX,Store,
BA70#04,Sennheiser,BA70,0423000358,Lithium Ion rechargeable battery,2025-09-16,,,,,False,False,False,False,False,1,,AX,Store,
BA70#05,Sennheiser,BA70,0423000372,Lithium Ion rechargeable battery,2025-09-16,,,,,False,False,False,False,False,1,,AX,Store,
BA70#06,Sennheiser,BA70,0423000381,Lithium Ion rechargeable battery,2025-09-16,,,,,False,False,False,False,False,1,,AX,Store,
BA70#07,Sennheiser,BA70,0423000383,Lithium Ion rechargeable battery,2025-09-16,,,,,False,False,False,False,False,1,,AX,Store,
BA70#08,Sennheiser,BA70,0423000386,Lithium Ion rechargeable battery,2025-09-16,,,,,False,False,False,False,False,1,,AX,Store,
BA70#09,Sennheiser,BA70,0423000387,Lithium Ion rechargeable battery,2025-09-16,,,,,False,False,False,False,False,1,,AX,Store,
BA70#10,Sennheiser,BA70,0423000388,Lithium Ion rechargeable battery,2025-09-16,,,,,False,False,False,False,False,1,,AX,Store,
BA70#11,Sennheiser,BA70,0423000921,Lithium Ion rechargeable battery,2025-09-16,,,,,False,False,False,False,False,1,,AX,Store,
BA70#12,Sennheiser,BA70,0423000949,Lithium Ion rechargeable battery,2025-09-16,,,,,False,False,False,False,False,1,,AX,Store,
BA70#13,Sennheiser,BA70,0423000954,Lithium Ion rechargeable battery,2025-09-16,,,,,False,False,False,False,False,1,,AX,Store,
BA70#14,Sennheiser,BA70,0423000962,Lithium Ion rechargeable battery,2025-09-16,,,,,False,False,False,False,False,1,,AX,Store,
BA70#15,Sennheiser,BA70,0483001284,Lithium Ion rechargeable battery,2025-09-16,,,,,False,False,False,False,False,1,,AX,Store,
BA70#16,Sennheiser,BA70,0483001888,Lithium Ion rechargeable battery,2025-09-16,,,,,False,False,False,False,False,1,"[{""date"":""2025/10/11"",""user"":""bnjm2000"",""description"":""Became faulty on use (Wedding of Justin & Amanda @ Raffles Sentosa)"",""type"":""Fault"",""cost"":"""",""changes"":[{""kind"":""ooc"",""action"":""marked""}],""source"":{}},{""date"":""2025/10/13"",""user"":""bnjm2000"",""description"":""1-to-1 swap with Concept Systems. Old SN:0483001285 New SN:0483001888"",""type"":""Repair"",""cost"":"""",""changes"":[{""kind"":""location"",""value"":""Store""},{""kind"":""serial"",""value"":""0483001888""},{""kind"":""ooc"",""action"":""cleared""},{""kind"":""missing"",""action"":""cleared""}],""source"":{}}]",AX,Store,Store
BA70#17,Sennheiser,BA70,0483001298,Lithium Ion rechargeable battery,2025-09-16,,,,,False,False,False,False,False,1,,AX,Store,
BA70#18,Sennheiser,BA70,0483001933,Lithium Ion rechargeable battery,2025-09-16,,,,,False,False,False,False,False,1,"[{""date"":""2025/11/22"",""user"":""bnjm2000"",""description"":""Battery shows blinking green in charger but is unable to power on Spectera SEK beltpack (Siong Leng Gala Dinner @ Andaz Hotel)"",""type"":""Fault"",""cost"":"""",""changes"":[{""kind"":""ooc"",""action"":""marked""}],""source"":{}},{""date"":""2026/01/07"",""user"":""bnjm2000"",""description"":""1-to-1 swap with Concept Systems Technologies\nOld SN: 0483001323\nNew SN: 0483001933"",""type"":""Repair"",""cost"":"""",""changes"":[{""kind"":""location"",""value"":""Store""},{""kind"":""serial"",""value"":""0483001933""},{""kind"":""ooc"",""action"":""cleared""},{""kind"":""missing"",""action"":""cleared""}],""source"":{}}]",AX,Store,Store
BA70#19,Sennheiser,BA70,0483001855,Lithium Ion rechargeable battery,2025-09-16,,,,,False,False,False,False,False,1,,AX,Store,
BA70#20,Sennheiser,BA70,0483001902,Lithium Ion rechargeable battery,2025-09-16,,,,,False,False,False,False,False,1,,AX,Store,
SG105#01,TP-Link,TL-SG105,22550WN008358,5-port network switch,,,,,,False,False,False,False,False,1,,AX,Store,
PS15R2#01,Nexo,PS15-R2,,"15"" passive enclosure",,,,,,False,False,False,False,False,1,,AX,Store,
PS15R2#02,Nexo,PS15-R2,,"15"" passive enclosure",,,,,,False,False,False,False,False,1,,AX,Store,
PS15R2#03,Nexo,PS15-R2,21077003696,"15"" passive enclosure",,,,,,False,False,False,False,False,1,,AX,Store,Store
PS15R2#04,Nexo,PS15-R2,21078003647,"15"" passive enclosure",,,,,,False,False,False,False,False,1,,AX,Store,Store
PS15R2#05,Nexo,PS15-R2,,"15"" passive enclosure",,,,,,False,False,False,False,False,1,,AX,Store,
PS15R2#06,Nexo,PS15-R2,,"15"" passive enclosure",,,,,,False,False,False,False,False,1,,AX,Store,
PS15#01,Nexo,PS15,,"15"" passive enclosure",,,,,,False,False,False,False,False,1,,AX,Store,Store
PS15#02,Nexo,PS15,,"15"" passive enclosure",,,,,,False,False,False,False,False,1,,AX,Store,Store
PS15#03,Nexo,PS15,,"15"" passive enclosure",,,,,,False,False,False,False,False,1,,AX,Store,
PS15#04,Nexo,PS15,,"15"" passive enclosure",,,,,,False,False,False,False,False,1,,AX,Store,
DZ13K#01,Panasonic,PT-DZ13K,SW5342008,3DLP - 12000 lumens - WUXGA - 2Lamps Projector,,,,,,False,False,False,False,False,1,,VX,Store,
D1#01,Audix,D1,,Professional Dynamic Instrument Microphone,,,,,,False,False,False,False,False,1,,AX,Store,
D2#01,Audix,D2,,Professional Dynamic Instrument Microphone,,,,,,False,False,False,False,False,1,,AX,Store,
D2#02,Audix,D2,,Professional Dynamic Instrument Microphone,,,,,,False,False,False,False,False,1,,AX,Store,
D3#01,Audix,D3,,Professional Dynamic Instrument Microphone,,,,,,False,False,False,False,False,1,,AX,Store,
D3#02,Audix,D3,,Professional Dynamic Instrument Microphone,,,,,,False,False,False,False,False,1,,AX,Store,
D4#01,Audix,D4,,Professional Dynamic Instrument Microphone,,,,,,False,False,False,False,False,1,,AX,Store,Store
D4#02,Audix,D4,,Professional Dynamic Instrument Microphone,,,,,,False,False,False,False,False,1,,AX,Store,
D6#01,Audix,D6,,Professional Dynamic Instrument Microphone,,,,,,False,False,False,False,False,1,,AX,Store,Store
ROXCYC#01,Silverstar,Roxcyc,MO13042000550022,Batten 1 meter RGBWA,,,,,,False,False,False,False,False,1,,LX,Store,Store
ROXCYC#02,Silverstar,Roxcyc,MO13042000550042,Batten 1 meter RGBWA,,,,,,False,False,False,False,False,1,,LX,Store,Store
ROXCYC#03,Silverstar,Roxcyc,MO13042000550063,Batten 1 meter RGBWA,,,,,,False,False,False,False,False,1,,LX,Store,Store
ROXCYC#04,Silverstar,Roxcyc,MO13042000550058,Batten 1 meter RGBWA,,,,,,False,False,False,False,False,1,,LX,Store,Store
ROXCYC#05,Silverstar,Roxcyc,MO13042000550004,Batten 1 meter RGBWA,,,,,,False,False,False,False,False,1,,LX,Store,Store
ROXCYC#06,Silverstar,Roxcyc,MO13042000550012,Batten 1 meter RGBWA,,,,,,False,False,False,False,False,1,,LX,Store,Store
ROXCYC#07,Silverstar,Roxcyc,MO13042000550068,Batten 1 meter RGBWA,,,,,,False,False,False,False,False,1,,LX,Store,Store
ROXCYC#08,Silverstar,Roxcyc,MO13042000550062,Batten 1 meter RGBWA,,,,,,False,False,False,False,False,1,,LX,Store,Store
ROXCYC#09,Silverstar,Roxcyc,MO13042000550049,Batten 1 meter RGBWA,,,,,,False,False,False,False,False,1,,LX,Store,Store
ROXCYC#10,Silverstar,Roxcyc,MO13042000550044,Batten 1 meter RGBWA,,,,,,False,False,False,False,False,1,,LX,Store,Store
ROXCYC#11,Silverstar,Roxcyc,MO13042000550051,Batten 1 meter RGBWA,,,,,,False,False,False,False,False,1,,LX,Store,Store
ROXCYC#12,Silverstar,Roxcyc,MO13042000550039,Batten 1 meter RGBWA,,,,,,False,False,False,False,False,1,,LX,Store,Store
ROXCYC#13,Silverstar,Roxcyc,MO13042000550065,Batten 1 meter RGBWA,,,,,,False,False,False,False,False,1,,LX,Store,Store
ROXCYC#14,Silverstar,Roxcyc,MO13042000550021,Batten 1 meter RGBWA,,,,,,False,False,False,False,False,1,,LX,Store,Store
ROXCYC#15,Silverstar,Roxcyc,MO13042000550048,Batten 1 meter RGBWA,,,,,,False,False,False,False,False,1,,LX,Store,Store
ROXCYC#16,Silverstar,Roxcyc,MO13042000550073,Batten 1 meter RGBWA,,,,,,False,False,False,False,False,1,,LX,Store,Store
ROXCYC#17,Silverstar,Roxcyc,MO13042000550083,Batten 1 meter RGBWA,,,,,,False,False,False,False,False,1,,LX,Store,Store
ROXCYC#18,Silverstar,Roxcyc,,Batten 1 meter RGBWA,,,,,,False,False,False,False,False,1,,LX,Store,Store
ROXCYC#19,Silverstar,Roxcyc,MO13042000550077,Batten 1 meter RGBWA,,,,,,False,False,False,False,False,1,,LX,Store,Store
ROXCYC#20,Silverstar,Roxcyc,MO13042000550053,Batten 1 meter RGBWA,,,,,,False,False,False,False,False,1,,LX,Store,Store
ROXCYC#21,Silverstar,Roxcyc,MO13042000550010,Batten 1 meter RGBWA,,,,,,False,False,False,False,False,1,"[{""date"":""2026/01/31"",""user"":""bnjm2000"",""description"":""Somewhere in the centre, white bulb is spoilt (SG Airshow 2026 - Anduril Booth @ SG CEC)"",""type"":""Fault"",""cost"":"""",""changes"":[],""source"":{}}]",LX,Store,Store
ROXCYC#22,Silverstar,Roxcyc,MO13042000550078,Batten 1 meter RGBWA,,,,,,False,False,False,False,False,1,,LX,Store,Store
ROXCYC#23,Silverstar,Roxcyc,MO13042000550082,Batten 1 meter RGBWA,,,,,,False,False,False,False,False,1,,LX,Store,Store
ROXCYC#24,Silverstar,Roxcyc,MO13042000550088,Batten 1 meter RGBWA,,,,,,False,False,False,False,False,1,,LX,Store,Store
LEGION#01,Lenovo,Legion 5 Pro,PF3R22QS,16inch Windows Laptop,,,,,,False,False,False,False,False,1,,VX,Store,NSBA Rooftop Opening Ceremony @ Temple
LEGION#02,Lenovo,Legion 5 Pro,PF3R22RM,16inch Windows Laptop,,,,,,False,False,False,False,False,1,,VX,Store,NSBA Ground Breaking Ceremony @ Senja Close
LEGION#03,Lenovo,Legion 5 Pro,PF4LVD48,16inch Windows Laptop,,,,,,False,False,False,False,False,1,,VX,Store,NSBA Ground Breaking Ceremony @ Senja Close
LEGION#04,Lenovo,Legion 5 Pro,PF4LW7B4,16inch Windows Laptop,,,,,,False,False,False,False,False,1,,VX,Store,NSBA Rooftop Opening Ceremony @ Temple
MACBOOK#01,Apple,Macbook Pro (A1707),C02WG8EHHTD5,15.4inch Macbook Pro (2017),,,,,,False,False,False,False,False,1,,VX,Store,Store
MACBOOK#02,Apple,Macbook Pro (A2442),M5P2V176XD,14inch Macbook Pro M1 Pro,,,,,,False,False,False,False,False,1,,AX,Store,Store
LUMINODE12,Luminex,Luminode 12,,12 DMX Interface,2025-10-02,,,,,False,False,False,False,False,1,,LX,Store,Store
32ADB#01,Custom,32A 3-Phase DB,,,,,,,,False,False,False,False,False,1,,ELEC,Store,Store
ME36#03,Sennheiser,ME36,,Gooseneck mic,2026-05-11,,,,,False,False,False,False,False,1,,AX,Store,
ME36#04,Sennheiser,ME36,,Gooseneck mic,2026-05-11,,,,,False,False,False,False,False,1,,AX,Store,
BULK-0001,Global Truss,F34 Truss - 3m (Silver),,3m truss (silver),,,,,,False,False,False,False,True,10,,STG,Store,
BULK-0002,Global Truss,F34 Truss - 2.5m (Silver),,2.5m truss (silver),,,,,,False,False,False,False,True,10,,STG,Store,
BULK-0003,Global Truss,F34 Truss - 2m (Silver),,2m truss (silver),,,,,,False,False,False,False,True,25,,STG,Store,
BULK-0004,Global Truss,F34 Truss - 1.5m (Silver),,1.5m truss (silver),,,,,,False,False,False,False,True,20,,STG,Store,
BULK-0005,Global Truss,F34 Truss - 1m (Silver),,1.5m truss (silver),,,,,,False,False,False,False,True,7,,STG,Store,
BULK-0006,Global Truss,F34 Truss - 0.5m (Silver),,0.5m truss (silver),,,,,,False,False,False,False,True,10,,STG,Store,
BULK-0007,Global Truss,F34 Corner Block (Silver),,Corner Block (silver),,,,,,False,False,False,False,True,21,,STG,Store,
BULK-0008,Global Truss,F34 Truss - 3m (Black),,3m truss (black),,,,,,False,False,False,False,True,78,,STG,Store,
BULK-0009,Global Truss,F34 Truss - 2.5m (Black),,2.5m truss (black),,,,,,False,False,False,False,True,4,,STG,Store,
BULK-0010,Global Truss,F34 Truss - 2m (Black),,2m truss (black),,,,,,False,False,False,False,True,25,,STG,Store,
BULK-0011,Global Truss,F34 Truss - 1.5m (Black),,1.5m truss (black),,,,,,False,False,False,False,True,6,,STG,Store,
BULK-0012,Global Truss,F34 Truss - 1m (Black),,1m truss (silver),,,,,,False,False,False,False,True,17,,STG,Store,
BULK-0013,Global Truss,F34 Truss - 0.5m (Black),,0.5m truss (black),,,,,,False,False,False,False,True,18,,STG,Store,
BULK-0014,Global Truss,F34 Corner Block (Black),,Corner Block (black),,,,,,False,False,False,False,True,17,,STG,Store,
BULK-0015,Custom,Sandbag,,Sandbag - 6kg,,,,,,False,False,False,False,True,20,,STG,Store,
BULK-0016,Custom,605mm Base plate (carpeted),,605x605mm heavy-duty base plate c/w black carpet,,,,,,False,False,False,False,True,18,,STG,Store,
BULK-0017,Custom,605mm Base plate,,605x605mm heavy-duty base plate,,,,,,False,False,False,False,True,12,,STG,Store,
PS10R2#01,Nexo,PS10R2,,High-power system with 10in LF and 1in HF drivers,,,,,,False,False,False,False,False,1,,AX,Store,
PS10R2#02,Nexo,PS10R2,,High-power system with 10in LF and 1in HF drivers,,,,,,False,False,False,False,False,1,,AX,Store,
PS10R2#03,Nexo,PS10R2,,High-power system with 10in LF and 1in HF drivers,,,,,,False,False,False,False,False,1,,AX,Store,
PS10R2#04,Nexo,PS10R2,,High-power system with 10in LF and 1in HF drivers,,,,,,False,False,False,False,False,1,,AX,Store,
PS10R2#05,Nexo,PS10R2,,High-power system with 10in LF and 1in HF drivers,,,,,,False,False,False,False,False,1,,AX,Store,
PS10R2#06,Nexo,PS10R2,,High-power system with 10in LF and 1in HF drivers,,,,,,False,False,False,False,False,1,,AX,Store,
LS18#01,Nexo,LS18,,subbass cabinet,,,,,,False,False,False,False,False,1,,AX,Store,
LS18#02,Nexo,LS18,,subbass cabinet,,,,,,False,False,False,False,False,1,,AX,Store,
LS18#03,Nexo,LS18,,subbass cabinet,,,,,,False,False,False,False,False,1,,AX,Store,
LS18#04,Nexo,LS18,,subbass cabinet,,,,,,False,False,False,False,False,1,,AX,Store,
LS500#01,Nexo,LS500,,Subwoofer,,,,,,False,False,False,False,False,1,,AX,Store,
LS500#02,Nexo,LS500,,Subwoofer,,,,,,False,False,False,False,False,1,,AX,Store,
LS500#03,Nexo,LS500,,Subwoofer,,,,,,False,False,False,False,False,1,,AX,Store,
LS400#01,Nexo,LS400,,Subwoofer,,,,,,False,False,False,False,False,1,,AX,Store,
LS400#02,Nexo,LS400,,Subwoofer,,,,,,False,False,False,False,False,1,,AX,Store,
NXAMP4X1#01,Nexo,NXAMP4X1,,Powered TDcontroller,,,,,,False,False,False,False,False,1,,AX,Store,
NXAMP4X1#02,Nexo,NXAMP4X1,,Powered TDcontroller,,,,,,False,False,False,False,False,1,,AX,Store,
NXAMP4X4#01,Nexo,NXAMP4X4,,Powered TDcontroller,,,,,,False,False,False,False,False,1,,AX,Store,
NXAMP4X4#02,Nexo,NXAMP4X4,,Powered TDcontroller,,,,,,False,False,False,False,False,1,,AX,Store,
4X4#01,Drawmer,4X4,,Kickbox Portable Active Splitter,,,,,,False,False,False,False,False,1,,AX,Store,
MSX48#01,ARX,MSX48,,ISO Transformer Balanced Mic/Line Splitter ( 16 x 3 ),,,,,,False,False,False,False,False,1,,AX,Store,
MSX48#02,ARX,MSX48,,ISO Transformer Balanced Mic/Line Splitter ( 16 x 3 ),,,,,,False,False,False,False,False,1,,AX,Store,
MSX48#03,ARX,MSX48,,ISO Transformer Balanced Mic/Line Splitter ( 16 x 3 ),,,,,,False,False,False,False,False,1,,AX,Store,
BULK-0018,Versa-Stand,Music stand,,,,,,,,False,False,False,False,True,6,,MI,Store,
BULK-0019,K&M,21020-500-55,,Tall boom mic stand,,,,,,False,False,False,False,True,26,,AX,Store,
BULK-0020,Custom,300mm Base plate,,Pipe and drape base plate,,,,,,False,False,False,False,True,12,,STG,Store,
BULK-0021,Audio-Technica,AT8668,,Anti-shock microphone stand,,,,,,False,False,False,False,True,10,,AX,Store,
63ADB#03,Custom,63A 3-Phase DB,,"12x 16A 1P
2x 32A 3P",2026-05-21,,,,,False,False,False,False,False,1,,ELEC,Store,Store
BULK-0022,Custom,380mm,,medium-duty top plate,,,,,,False,False,False,False,True,5,,STG,Store,
BULK-0023,Custom,308mm,,light-duty top plate,,,,,,False,False,False,False,True,10,,STG,Store,
BULK-0024,Custom,308mm (Black),,light-duty top plate,,,,,,False,False,False,False,True,8,,STG,Store,
SCAFFOLD#01,Xingon,Scaffold,,6m Height,,,,,,False,False,False,False,False,1,,STG,Store,
BULK-0025,China,Mini Profile - Tungsten,,20W Mini Profile Light c/w Clamps,,,,,,False,False,False,False,True,80,,LX,Store,
BULK-0026,China,Mini Profile - Daylight,,20W Mini Profile Light c/w Clamps,,,,,,False,False,False,False,True,110,,LX,Store,
BULK-0027,Ultimate Support,TS-100B,,Air-powered speaker stand,,,,,,False,False,False,False,True,8,,AX,Store,
BULK-0028,K&M,21338-000-55,,Distance Rod with Hand Crank,,,,,,False,False,False,False,True,4,,AX,Store,
BULK-0029,K&M,21441-000-55,,Adapter sleeve ring lock,,,,,,False,False,False,False,True,4,,AX,Store,
NPF750#01,KingMa,NP-F750,,NP-F Battery 4400mAh 32.6Wh,2026-05-27,,,,,False,False,False,False,False,1,,VX,Store,Dry Hire: Avery Events
NPF750#02,KingMa,NP-F750,,NP-F Battery 4400mAh 32.6Wh,2026-05-27,,,,,False,False,False,False,False,1,,VX,Store,Dry Hire: Avery Events
NPF750#03,KingMa,NP-F750,,NP-F Battery 4400mAh 32.6Wh,2026-05-27,,,,,False,False,False,False,False,1,,VX,Store,NSBA Rooftop Opening Ceremony @ Temple
NPF750#04,KingMa,NP-F750,,NP-F Battery 4400mAh 32.6Wh,2026-05-27,,,,,False,False,False,False,False,1,,VX,Store,NSBA Rooftop Opening Ceremony @ Temple
NPFCHARGER#01,KingMa,BM058-F550,,NP-F Battery Charger,2026-05-27,,,,,False,False,False,False,False,1,,VX,Store,Dry Hire: Avery Events
NPFCHARGER#02,KingMa,BM058-F550,,NP-F Battery Charger,2026-05-27,,,,,False,False,False,False,False,1,,VX,Store,NSBA Rooftop Opening Ceremony @ Temple
POE#01,Ubiquiti,U-POE+,,PoE+ Injector,,,,,,False,False,False,False,False,1,,AX,Store,Store
POE#02,Ubiquiti,U-POE+,,PoE+ Injector,,,,,,False,False,False,False,False,1,,AX,Store,NSBA Rooftop Opening Ceremony @ Temple
U7OUTDOOR#01,Ubiquiti,U7 Outdoor,(BJ)9C05D6F6A844,All-weather WiFi 7 Access Point,,,,,,False,False,False,False,False,1,,AX,Store,NSBA Rooftop Opening Ceremony @ Temple
RT2600AC#01,Synology,RT2600ac,2110P3N650301,Wireless Router,,,,,,False,False,False,False,False,1,,AX,Store,
MEGARA300#01,Fenix,Megara 300,150252_1,Lifting Tower,,,,,,False,False,False,False,False,1,,AX,Store,
MEGARA300#02,Fenix,Megara 300,150252_5,Lifting Tower,,,,,,False,True,False,False,False,1,"[{""id"":""4728ea7d3cd1903a22a1bce0"",""date"":""2026/05/22"",""user"":""bnjm2000"",""description"":""Handle broken (Dry hire: Avery Events)"",""type"":""Fault"",""cost"":"""",""changes"":[{""kind"":""ooc"",""action"":""marked""}],""source"":{}}]",AX,Store,
MEGARA300#03,Fenix,Megara 300,150477_6,Lifting Tower,,,,,,False,False,False,False,False,1,,AX,Store,
MEGARA300#04,Fenix,Megara 300,150477_7,Lifting Tower,,,,,,False,False,False,False,False,1,,AX,Store,
SRM150#01,Mackie,SRM150,,"5.52"" compact powered monitor 150W",,,,,,False,False,False,False,False,1,,AX,Store,
SRM150#02,Mackie,SRM150,,"5.52"" compact powered monitor 150W",,,,,,False,False,False,False,False,1,,AX,Store,
181024G#01,HP,1810-24G,,managed gigabit ethernet switch,,,,,,False,False,False,False,False,1,,AX,Store,
181024G#02,HP,1810-24G,,managed gigabit ethernet switch,,,,,,False,False,False,False,False,1,,AX,Store,
LIMITIMER#01,Dsan,Limitimer,19774,Speaker Timer,,,,,,False,False,False,False,False,1,,VX,Store,
